# Blender 5.0.1
# www.blender.org
mtllib tripo_convert_2efab43c-cb87-45d3-8b67-abcb0a43920b.mtl
o tripo_node_2efab43c-cb87-45d3-8b67-abcb0a43920b
v -0.194534 0.787720 0.000102
v -0.082268 0.314575 0.000168
v 0.112679 0.056091 0.000180
v 0.480896 0.791016 0.000203
v 0.049995 0.924012 0.000233
v 0.121063 0.811463 0.000348
v -0.095634 0.814331 0.000351
v -0.049107 0.832031 0.000403
v 0.190887 0.800781 0.000416
v 0.148850 0.806458 0.000565
v 0.037811 0.823853 0.000575
v -0.076904 0.053192 0.000679
v 0.014428 0.436584 0.000802
v 0.106056 0.813049 0.000863
v -0.387329 0.809509 0.000864
v -0.110542 0.773133 0.000928
v -0.032295 0.839234 0.001082
v -0.065506 0.175812 0.001137
v -0.099213 0.057251 0.001143
v 0.095070 0.516724 0.001217
v 0.068382 0.222839 0.001251
v -0.089203 0.519958 0.001268
v 0.045586 0.842591 0.001307
v 0.031166 0.821350 0.001363
v 0.112694 0.797363 0.001363
v 0.080681 0.640625 0.001367
v 0.137192 0.775025 0.001386
v 0.390686 0.801941 0.001503
v -0.075241 0.042786 0.001651
v 0.161728 0.805664 0.001750
v -0.130493 0.810059 0.001885
v 0.047604 0.912781 0.002066
v -0.032200 0.297638 0.002084
v 0.068275 0.004211 0.002093
v 0.109489 0.049133 0.002116
v -0.099129 0.743897 0.002163
v 0.022339 0.997559 0.002287
v -0.485657 0.802185 0.002318
v -0.081429 0.671875 0.002631
v -0.081543 0.187622 0.002633
v 0.084633 0.054108 0.002801
v 0.190979 0.784851 0.002815
v 0.028996 0.852112 0.002864
v -0.074608 0.176819 0.002954
v -0.437409 0.811890 0.003012
v 0.123611 0.816345 0.003060
v 0.050022 0.936035 0.003074
v 0.103218 0.374664 0.003280
v 0.026936 0.823914 0.003328
v 0.449188 0.810059 0.003360
v -0.151718 0.785095 0.003382
v -0.422821 0.817139 0.003517
v 0.091240 0.246979 0.003580
v 0.101936 0.471039 0.003815
v -0.038887 0.281281 0.003830
v -0.082306 0.604919 0.003873
v -0.090843 0.277771 0.003888
v 0.094955 0.343628 0.003913
v 0.485657 0.796753 0.003914
v -0.048004 0.816773 0.003967
v -0.147232 0.781738 0.003971
v 0.037750 0.845276 0.004009
v -0.177551 0.787109 0.004095
v 0.106140 0.315399 0.004100
v 0.091850 0.818970 0.004113
v -0.382202 0.796265 0.004158
v 0.062546 0.245483 0.004376
v 0.087112 0.046295 0.004381
v 0.062920 0.270721 0.004403
v -0.112602 0.815247 0.004468
v 0.103523 0.506042 0.004590
v -0.445007 0.801392 0.004603
v -0.128281 0.023529 0.004634
v -0.087280 0.335205 0.004642
v -0.102943 0.819214 0.004730
v 0.036785 0.322754 0.004818
v 0.049168 0.843262 0.004866
v -0.096107 0.785339 0.004932
v 0.152618 0.784241 0.004980
v 0.025919 0.358398 0.005052
v 0.073204 0.227417 0.005336
v 0.102310 0.294769 0.005394
v -0.084557 0.048157 0.005406
v 0.475830 0.787476 0.005465
v 0.089592 0.606812 0.005518
v -0.020830 0.873413 0.005541
v 0.092911 0.656250 0.005641
v 0.073212 0.259796 0.005657
v 0.091972 0.584778 0.005724
v 0.104889 0.792236 0.005780
v -0.051155 0.237488 0.005835
v -0.010879 0.839966 0.006055
v -0.012526 0.357330 0.006188
v -0.035530 0.915467 0.006195
v -0.036736 0.285248 0.006197
v 0.031761 0.870606 0.006289
v 0.015654 0.822327 0.006330
v -0.094315 0.419525 0.006375
v 0.052265 0.290924 0.006590
v -0.034870 0.978028 0.006638
v 0.105942 0.770630 0.006752
v -0.109032 0.790222 0.006838
v -0.032410 0.895935 0.006844
v -0.064362 0.213165 0.007028
v -0.125305 0.780518 0.007061
v 0.133179 0.779541 0.007081
v -0.045361 0.817383 0.007318
v -0.094238 0.049988 0.007455
v -0.077980 0.216583 0.007486
v 0.050358 0.968750 0.007584
v -0.041985 0.291290 0.007650
v -0.016254 0.814209 0.007692
v -0.476990 0.791260 0.007808
v 0.095306 0.709961 0.007833
v -0.457489 0.805237 0.007859
v 0.103767 0.451050 0.008389
v -0.005068 0.436096 0.008400
v -0.075203 0.812622 0.008403
v 0.067360 0.275513 0.008467
v -0.001425 0.453888 0.008707
v -0.089500 0.364563 0.008832
v 0.044033 0.984192 0.009105
v 0.104683 0.749695 0.009109
v -0.007558 0.813599 0.009142
v 0.443878 0.796692 0.009210
v 0.091888 0.047089 0.009272
v 0.083382 0.819885 0.009518
v -0.108978 0.775818 0.009541
v 0.132751 0.033081 0.009582
v 0.439575 0.806885 0.009601
v -0.008111 0.407410 0.009650
v 0.116898 0.807190 0.009863
v 0.118507 0.774109 0.009903
v -0.096062 0.772644 0.009965
v 0.094566 0.800903 0.010065
v 0.117905 0.783692 0.010292
v 0.092468 0.285583 0.010521
v -0.089165 0.474487 0.010632
v -0.441803 0.813904 0.010653
v 0.140442 0.004333 0.010804
v 0.080109 0.273437 0.010889
v 0.095917 0.585693 0.011016
v 0.021452 0.811157 0.011116
v 0.089577 0.686096 0.011303
v -0.089142 0.800842 0.011374
v -0.013736 0.997742 0.011662
v -0.071449 0.632385 0.011683
v -0.036602 0.939209 0.011773
v -0.132950 0.006133 0.011905
v 0.089066 0.574951 0.011906
v 0.032539 0.832642 0.011925
v -0.010714 0.860291 0.011962
v 0.090683 0.335480 0.012008
v -0.091911 0.739746 0.012092
v -0.481995 0.797547 0.012320
v 0.092850 0.557739 0.012413
v 0.082680 0.805176 0.012487
v 0.431610 0.791687 0.012651
v 0.096687 0.317962 0.012657
v 0.097328 0.788330 0.012685
v 0.455933 0.800659 0.012927
v -0.021816 0.813416 0.012974
v 0.101074 0.734497 0.012988
v -0.055187 0.267334 0.013070
v -0.042728 0.808106 0.013119
v -0.023125 0.837647 0.013181
v -0.104706 0.769287 0.013239
v -0.080368 0.716797 0.013503
v 0.069572 0.015533 0.013570
v 0.083603 0.631531 0.013623
v -0.021028 0.349762 0.013850
v 0.068207 0.291138 0.013891
v 0.482117 0.797974 0.013915
v -0.034447 0.324219 0.013971
v -0.071457 0.249329 0.013982
v -0.080795 0.331695 0.014066
v -0.476380 0.795960 0.014255
v 0.139954 0.017029 0.014294
v 0.086403 0.619324 0.014295
v -0.457947 0.793518 0.014301
v 0.479401 0.788330 0.014336
v -0.061424 0.003936 0.014448
v -0.082870 0.279938 0.014453
v 0.429199 0.808533 0.014652
v -0.073662 0.266815 0.014654
v -0.047386 0.819519 0.014729
v 0.032391 0.822144 0.015042
v -0.010238 0.806214 0.015268
v -0.088539 0.441254 0.015366
v 0.409088 0.802734 0.015453
v 0.048073 0.332306 0.015524
v -0.062721 0.017548 0.015631
v -0.075935 0.617737 0.015732
v -0.437531 0.799683 0.015749
v -0.081276 0.577820 0.015776
v -0.087395 0.515625 0.016088
v 0.047020 0.920166 0.016212
v -0.025045 0.989807 0.016401
v -0.081253 0.588257 0.016609
v -0.060280 0.277344 0.016729
v -0.073593 0.309570 0.016773
v -0.076454 0.638001 0.017130
v 0.022676 0.809448 0.017269
v 0.002415 0.849671 0.017290
v -0.439362 0.810181 0.017317
v -0.403931 0.778687 0.017340
v 0.091736 0.613220 0.017351
v 0.091187 0.382080 0.017412
v 0.087730 0.640198 0.017595
v -0.083282 0.629273 0.017605
v -0.479065 0.799439 0.017956
v -0.069359 0.291443 0.018051
v 0.096275 0.423798 0.018154
v 0.420380 0.795288 0.018171
v 0.101959 0.768677 0.018196
v 0.034134 0.365082 0.018206
v 0.014645 0.854248 0.018221
v -0.082359 0.636597 0.018230
v -0.130768 0.023956 0.018354
v 0.093582 0.630920 0.018368
v 0.035572 0.989319 0.018375
v 0.096466 0.487518 0.018429
v 0.053146 0.802612 0.018572
v 0.418518 0.780212 0.018621
v -0.475067 0.786927 0.018768
v 0.083458 0.333801 0.018942
v 0.080086 0.632080 0.018946
v 0.470185 0.786255 0.018953
v 0.475403 0.793762 0.019087
v -0.075195 0.631775 0.019102
v -0.401367 0.803406 0.019241
v 0.052116 0.943482 0.019413
v 0.023050 0.434845 0.019443
v -0.416748 0.787232 0.019691
v -0.077927 0.366608 0.019693
v 0.434570 0.797485 0.019924
v -0.430237 0.795777 0.019972
v -0.447815 0.798584 0.019985
v 0.084633 0.643128 0.020023
v -0.421723 0.813355 0.020042
v 0.059570 0.341583 0.020136
v 0.098045 0.445862 0.020285
v -0.083061 0.608521 0.020407
v 0.046700 0.939942 0.020472
v -0.018703 0.396515 0.020639
v 0.030214 0.399292 0.020737
v 0.084114 0.580383 0.020779
v 0.086288 0.601868 0.021227
v 0.008510 0.999573 0.021227
v -0.071999 0.806458 0.021255
v 0.449860 0.806824 0.021360
v 0.079376 0.357361 0.021383
v -0.082947 0.418457 0.021448
v -0.038475 0.945069 0.021601
v -0.004545 0.457703 0.021694
v -0.029398 0.882935 0.021976
v -0.084129 0.580872 0.022043
v -0.015091 0.435028 0.022072
v -0.075203 0.376831 0.022100
v 0.087662 0.663452 0.022192
v 0.056408 0.811401 0.022287
v 0.092873 0.588745 0.022413
v -0.008564 0.815491 0.022474
v -0.057049 0.317078 0.022654
v -0.071106 0.646729 0.022711
v 0.094963 0.501465 0.022808
v -0.122581 0.039917 0.022833
v -0.073105 0.662659 0.022871
v -0.079781 0.459686 0.023064
v -0.422608 0.797425 0.023294
v 0.095131 0.451477 0.023352
v 0.078079 0.789246 0.023518
v 0.028078 0.413696 0.023548
v 0.411255 0.777527 0.023701
v -0.068146 0.326202 0.023737
v -0.077812 0.750305 0.023878
v -0.072815 0.719788 0.023930
v -0.063065 0.349548 0.024130
v -0.048321 0.342987 0.024246
v -0.459076 0.802613 0.024260
v -0.031837 0.927063 0.024271
v -0.037510 0.822571 0.024405
v 0.400940 0.785034 0.024418
v 0.050175 0.814942 0.024477
v -0.440735 0.811951 0.024668
v 0.014586 0.806091 0.024759
v -0.045940 0.808045 0.024853
v 0.076691 0.634216 0.024897
v 0.088287 0.543030 0.024902
v 0.077652 0.030609 0.024918
v 0.004751 0.485596 0.024956
v -0.080017 0.531494 0.025009
v -0.036106 0.363525 0.025169
v 0.018229 0.468292 0.025272
v 0.038246 0.874817 0.025274
v 0.011056 0.789185 0.025284
v -0.027281 0.977539 0.025366
v -0.045803 0.812500 0.025595
v -0.466797 0.792725 0.026026
v 0.085739 0.708435 0.026241
v -0.068665 0.786316 0.026499
v 0.457947 0.789856 0.026512
v -0.038361 0.826355 0.026600
v -0.079071 0.777771 0.026609
v -0.080765 0.500977 0.026750
v -0.419067 0.793885 0.026911
v -0.477905 0.798523 0.027023
v -0.073082 0.612122 0.027111
v 0.435211 0.780945 0.027136
v -0.400299 0.783142 0.027382
v -0.065788 0.633118 0.027416
v -0.036594 0.935181 0.027689
v -0.015059 0.815796 0.027887
v 0.003528 0.797241 0.027952
v 0.074860 0.651794 0.027983
v 0.078850 0.797241 0.028000
v -0.023556 0.827027 0.028120
v 0.053925 0.804077 0.028189
v -0.042950 0.791443 0.028715
v 0.135971 0.029327 0.028725
v -0.436188 0.808838 0.028902
v -0.070877 0.435883 0.028921
v 0.079170 0.418365 0.028927
v 0.072639 0.399261 0.028950
v -0.440827 0.796631 0.029032
v -0.072815 0.579102 0.029039
v 0.051086 0.386841 0.029104
v 0.090530 0.519958 0.029244
v -0.003868 0.796143 0.029673
v -0.079460 0.609253 0.029711
v 0.118393 0.048401 0.029959
v 0.042255 0.399170 0.029999
v -0.007295 0.808228 0.030037
v 0.418213 0.791870 0.030125
v -0.028828 0.944947 0.030352
v -0.037907 0.945008 0.030384
v -0.073883 0.604065 0.030407
v 0.037663 0.826904 0.030413
v -0.076996 0.586243 0.030426
v -0.031490 0.909546 0.030766
v 0.472717 0.794434 0.030907
v -0.078957 0.522888 0.031004
v -0.461334 0.787659 0.031214
v -0.020756 0.866883 0.031229
v -0.032509 0.406525 0.031261
v 0.033100 0.432922 0.031376
v -0.077225 0.763672 0.031765
v 0.042862 0.828919 0.031815
v -0.425202 0.772400 0.031822
v 0.030293 0.825562 0.031830
v 0.026686 0.861817 0.031948
v -0.433319 0.780213 0.032021
v -0.048813 0.387634 0.032215
v 0.005316 0.489075 0.032246
v 0.006748 0.788941 0.032345
v -0.039848 0.785278 0.032387
v 0.085732 0.442352 0.032444
v -0.067917 0.023956 0.032455
v -0.405731 0.790711 0.032490
v -0.073303 0.636719 0.032509
v 0.077965 0.762512 0.032524
v -0.062553 0.406280 0.032558
v 0.016912 0.988404 0.032806
v -0.133102 0.005096 0.032909
v 0.076866 0.685364 0.032921
v 0.042244 0.901734 0.032993
v -0.129440 0.000488 0.033008
v 0.082420 0.633972 0.033028
v -0.069794 0.000488 0.033131
v -0.029104 0.441345 0.033234
v -0.009293 0.781799 0.033260
v 0.013001 0.776062 0.033287
v 0.029541 0.817688 0.033321
v -0.060673 0.693360 0.033489
v 0.049068 0.783569 0.033672
v 0.072769 0.611511 0.034008
v 0.074242 0.003296 0.034184
v -0.011122 0.801636 0.034298
v 0.076088 0.723328 0.034355
v 0.078346 0.586365 0.034390
v -0.063766 0.773621 0.034500
v -0.108284 0.048920 0.034542
v 0.040524 0.422790 0.034924
v 0.018869 0.809204 0.035172
v 0.076973 0.604553 0.035255
v 0.080185 0.464111 0.035267
v 0.431122 0.768250 0.035397
v 0.081619 0.505249 0.035431
v 0.041763 0.953369 0.035549
v 0.011433 0.492004 0.035553
v 0.030281 0.974488 0.035557
v 0.083572 0.478790 0.035568
v 0.072777 0.770386 0.035648
v -0.028454 0.954956 0.035748
v -0.066582 0.005310 0.035755
v 0.027290 0.449219 0.035828
v 0.439240 0.778381 0.036076
v 0.076271 0.650635 0.036404
v 0.054897 0.933716 0.036495
v -0.019957 0.788147 0.036594
v -0.090195 0.045624 0.036728
v 0.076538 0.019928 0.037197
v -0.012402 0.461090 0.037243
v 0.073418 0.494507 0.037254
v 0.069839 0.751343 0.037258
v 0.001667 0.984680 0.037399
v 0.135620 0.000335 0.037476
v -0.467285 0.798706 0.037491
v -0.069000 0.465118 0.037762
v 0.034630 0.947571 0.038223
v -0.068008 0.521973 0.038475
v 0.129334 0.040344 0.038555
v 0.017887 0.788025 0.038620
v -0.059719 0.737976 0.038944
v -0.024448 0.888489 0.038952
v 0.065674 0.644226 0.038975
v 0.031357 0.466370 0.039169
v 0.075180 0.543091 0.039227
v -0.048725 0.457123 0.039547
v -0.055492 0.697266 0.039673
v -0.059063 0.580383 0.039806
v 0.004058 0.774475 0.039810
v -0.054008 0.647522 0.039822
v 0.062244 0.430633 0.040062
v 0.429230 0.777710 0.040134
v 0.065338 0.456238 0.040482
v 0.021660 0.480591 0.040497
v -0.049461 0.431152 0.040558
v 0.051415 0.435394 0.040573
v -0.064377 0.539001 0.040699
v 0.069939 0.668152 0.040703
v -0.431641 0.783142 0.040981
v -0.062592 0.661377 0.041061
v 0.000625 0.491302 0.041183
v 0.066917 0.655396 0.041191
v 0.102974 0.047241 0.041252
v 0.135910 0.022186 0.041290
v -0.057640 0.442841 0.041344
v -0.428345 0.770813 0.041351
v 0.069298 0.745178 0.041363
v 0.031685 0.960511 0.041767
v 0.003509 0.784241 0.041832
v -0.063354 0.586426 0.041931
v 0.033829 0.911988 0.041996
v -0.077805 0.034149 0.042106
v 0.039154 0.442993 0.042149
v -0.053345 0.759033 0.042179
v -0.038944 0.769409 0.042370
v -0.021563 0.911682 0.042397
v 0.033836 0.477478 0.042583
v 0.055584 0.475220 0.042629
v -0.014486 0.952881 0.042667
v 0.139038 0.005218 0.042820
v 0.060822 0.441254 0.043034
v 0.069763 0.558594 0.043228
v -0.059696 0.603882 0.043365
v -0.055553 0.741028 0.043365
v -0.060802 0.494720 0.043438
v 0.066101 0.738831 0.043671
v 0.034863 0.928711 0.043755
v 0.005525 0.852661 0.043850
v -0.065765 0.776612 0.043865
v 0.088409 0.035736 0.043984
v -0.062691 0.757385 0.044056
v 0.061077 0.759583 0.044060
v 0.064301 0.580322 0.044148
v 0.071556 0.758484 0.044289
v 0.077629 0.661499 0.044643
v 0.084991 0.000183 0.044777
v -0.015125 0.962647 0.044823
v -0.022846 0.926941 0.044842
v 0.062714 0.610779 0.045017
v 0.046379 0.464020 0.045391
v -0.127121 0.023346 0.045456
v 0.068855 0.692200 0.045479
v 0.047798 0.766785 0.045479
v -0.042179 0.931397 0.045502
v 0.021561 0.953369 0.045639
v -0.051296 0.679260 0.045765
v -0.056274 0.690369 0.045982
v -0.000432 0.502502 0.046024
v -0.039295 0.468018 0.046036
v 0.049236 0.927368 0.046150
v -0.039688 0.489136 0.046162
v -0.016935 0.916260 0.046211
v -0.048847 0.475433 0.046226
v 0.047783 0.500549 0.046555
v 0.007892 0.778320 0.046730
v -0.058964 0.626038 0.046902
v 0.063118 0.696716 0.047035
v 0.017714 0.918213 0.047092
v 0.054756 0.545410 0.047127
v 0.074165 0.770325 0.047371
v 0.021219 0.506470 0.047379
v 0.052326 0.487884 0.047386
v 0.020449 0.863404 0.047523
v -0.063889 0.667786 0.047604
v 0.008137 0.956482 0.047779
v -0.047020 0.728638 0.047905
v -0.003160 0.854126 0.047909
v 0.051106 0.519348 0.048229
v -0.119667 0.000274 0.048244
v 0.033173 0.496857 0.048363
v -0.052402 0.731629 0.048450
v -0.117279 0.040192 0.048809
v 0.065125 0.731384 0.049026
v 0.008994 0.966370 0.049206
v -0.045040 0.545593 0.049515
v -0.036057 0.754578 0.049736
v 0.050682 0.775330 0.049789
v -0.042889 0.706360 0.049797
v -0.040928 0.774536 0.049805
v 0.062077 0.595032 0.049835
v -0.042232 0.608154 0.049953
v -0.074394 0.002319 0.050060
v 0.018404 0.905640 0.050114
v 0.073006 0.687439 0.050243
v -0.044826 0.699585 0.050537
v -0.000545 0.779358 0.050560
v 0.053364 0.726318 0.050571
v -0.034409 0.612793 0.050640
v -0.006523 0.903870 0.050789
v 0.045300 0.752991 0.050797
v -0.021738 0.499542 0.050983
v 0.024408 0.884766 0.051174
v -0.039761 0.741333 0.051220
v -0.124611 0.004272 0.051239
v 0.023594 0.533142 0.051266
v -0.042313 0.585571 0.051338
v 0.006060 0.921448 0.051403
v 0.014433 0.855225 0.051430
v -0.039753 0.514282 0.051456
v 0.011749 0.515259 0.051868
v 0.048100 0.564880 0.051933
v 0.025177 0.930725 0.052071
v 0.047897 0.741577 0.052410
v -0.097443 0.040680 0.052654
v -0.120514 0.021484 0.052730
v 0.120995 0.000244 0.052837
v -0.000894 0.857544 0.053108
v -0.067490 0.768494 0.053150
v -0.010000 0.932373 0.053185
v 0.054707 0.581970 0.053200
v 0.045944 0.612488 0.053207
v 0.068428 0.719360 0.053215
v -0.025963 0.551453 0.053726
v 0.002360 0.545044 0.054047
v -0.002234 0.764588 0.054111
v -0.034088 0.573853 0.054119
v -0.017727 0.758301 0.054146
v 0.032043 0.577209 0.054153
v 0.120750 0.038452 0.054226
v -0.036755 0.564697 0.054283
v -0.026930 0.581970 0.054451
v -0.085548 0.025360 0.054466
v 0.066231 0.741150 0.054478
v 0.008058 0.538330 0.054638
v 0.029051 0.753967 0.054680
v -0.055965 0.710388 0.054817
v 0.062485 0.640381 0.054947
v 0.009848 0.933838 0.054951
v -0.025186 0.526917 0.054954
v 0.010594 0.761475 0.054955
v 0.086716 0.002838 0.055195
v -0.092483 0.000183 0.055198
v 0.062782 0.665711 0.055267
v 0.067451 0.713745 0.055370
v 0.098312 0.032288 0.055416
v -0.006487 0.885193 0.055450
v -0.046696 0.637940 0.055557
v -0.036610 0.757508 0.055607
v -0.080917 0.018677 0.055725
v -0.062859 0.757446 0.055851
v 0.128433 0.009399 0.055962
v 0.004223 0.870545 0.055965
v -0.041336 0.606445 0.056213
v -0.025137 0.940613 0.056343
v -0.013256 0.572876 0.056396
v -0.053623 0.733887 0.056477
v -0.030495 0.609009 0.056637
v 0.073166 0.763611 0.056721
v -0.112205 0.003448 0.057029
v -0.104950 0.033173 0.057083
v -0.041328 0.769409 0.057720
v -0.011774 0.612000 0.057739
v 0.012688 0.571289 0.057774
v 0.047958 0.760620 0.058044
v 0.046577 0.769165 0.058056
v 0.036003 0.605591 0.058075
v 0.040691 0.623230 0.058315
v -0.039162 0.633179 0.058556
v -0.042072 0.659851 0.058582
v -0.007054 0.952454 0.058620
v 0.019037 0.612000 0.058815
v 0.062126 0.734192 0.058868
v -0.023684 0.601746 0.058887
v 0.094833 0.018463 0.058937
v -0.019075 0.622314 0.059029
v -0.023060 0.580994 0.059032
v -0.085464 0.004913 0.059082
v -0.030430 0.607483 0.059101
v 0.046581 0.606079 0.059170
v 0.038349 0.587402 0.059212
v 0.008206 0.893250 0.059273
v 0.054066 0.632263 0.059341
v 0.115028 0.020569 0.059349
v -0.010405 0.741394 0.059402
v -0.103043 0.019836 0.060074
v 0.043564 0.581116 0.060135
v 0.050232 0.639221 0.060192
v -0.040905 0.701233 0.060265
v 0.106697 0.005767 0.060352
v 0.001323 0.885193 0.060780
v -0.033760 0.584534 0.060879
v 0.014251 0.621399 0.061108
v 0.054008 0.684876 0.061207
v 0.054008 0.702210 0.061268
v -0.038902 0.740051 0.061333
v -0.043423 0.755615 0.061432
v 0.008839 0.741577 0.061718
v -0.036694 0.925354 0.062218
v 0.045113 0.740174 0.062553
v 0.064598 0.751526 0.062790
v 0.040646 0.706970 0.064644
v -0.055035 0.745728 0.065018
v -0.038391 0.665283 0.065186
v -0.038830 0.695374 0.065361
v 0.042732 0.637695 0.065598
v -0.014260 0.739868 0.065895
v 0.051495 0.744080 0.066109
v -0.018778 0.707337 0.066269
v -0.016655 0.624146 0.066315
v 0.048779 0.682800 0.066391
v 0.024553 0.727051 0.066635
v 0.018356 0.739563 0.066833
v 0.036663 0.581482 0.067200
v 0.006024 0.900696 0.067261
v -0.011434 0.572693 0.067368
v 0.021896 0.624817 0.067429
v 0.022514 0.571411 0.067505
v -0.022863 0.588684 0.067558
v 0.048119 0.676209 0.067757
v 0.051949 0.927246 0.067970
v -0.015413 0.609863 0.068008
v 0.046864 0.690064 0.068237
v 0.003516 0.723511 0.068329
v 0.024902 0.610840 0.068741
v 0.020288 0.706970 0.068748
v 0.032326 0.602966 0.068855
v -0.024990 0.684082 0.069206
v -0.002368 0.706787 0.069427
v 0.038212 0.936890 0.069656
v -0.016932 0.636353 0.069946
v 0.042961 0.700684 0.070229
v 0.011302 0.586304 0.070366
v 0.012342 0.683777 0.071037
v 0.018032 0.639099 0.071144
v 0.025345 0.947754 0.071892
v 0.009486 0.659790 0.072189
v -0.023161 0.702210 0.072227
v 0.025671 0.704529 0.072876
v -0.001342 0.696472 0.073006
v -0.016968 0.691712 0.073128
v -0.005865 0.576721 0.074043
v 0.008422 0.698364 0.074730
v 0.023487 0.577454 0.074982
v 0.010153 0.690003 0.075584
v -0.018200 0.958069 0.075668
v 0.017864 0.603394 0.077255
v -0.010111 0.605164 0.077797
v -0.005256 0.952088 0.078522
v 0.009756 0.953125 0.079666
v 0.043102 0.933045 0.080963
v 0.045136 0.941651 0.084206
v -0.024469 0.939881 0.085251
v -0.033577 0.940857 0.085289
v 0.020184 0.961609 0.089272
v 0.023932 0.950257 0.089401
v -0.015107 0.950013 0.091888
v 0.004394 0.963684 0.092072
v -0.010952 0.960205 0.093101
v 0.032318 0.954407 0.093269
v 0.005885 0.958679 0.095222
v -0.107193 0.047241 -0.000142
v 0.076416 0.198059 -0.000157
v -0.091095 0.511475 -0.000158
v 0.386078 0.791199 -0.000189
v 0.468781 0.798950 -0.000226
v 0.092209 0.222565 -0.000251
v 0.054028 0.938416 -0.000254
v 0.203278 0.786377 -0.000284
v -0.163590 0.804871 -0.000341
v -0.089783 0.244141 -0.000449
v 0.118156 0.823547 -0.000459
v -0.181320 0.802002 -0.000472
v 0.114975 0.769226 -0.000643
v -0.004554 0.409882 -0.000730
v 0.000357 0.998902 -0.000990
v -0.357117 0.795716 -0.000991
v -0.480621 0.791565 -0.001136
v 0.050236 0.895081 -0.001235
v -0.096313 0.451721 -0.001306
v 0.145355 0.783203 -0.001459
v 0.060654 0.833191 -0.001509
v 0.072243 0.000274 -0.001542
v -0.066025 0.160095 -0.001584
v 0.198746 0.795777 -0.001590
v 0.425873 0.814148 -0.001659
v -0.028334 0.890808 -0.001723
v -0.108391 0.815979 -0.001742
v -0.093086 0.299469 -0.001784
v -0.068008 0.032410 -0.001835
v -0.019096 0.859131 -0.001874
v 0.019642 0.399536 -0.001920
v 0.461853 0.795715 -0.001989
v -0.094765 0.755432 -0.002052
v -0.140976 0.784485 -0.002063
v -0.106728 0.056518 -0.002123
v 0.066460 0.210358 -0.002140
v 0.102524 0.256866 -0.002172
v -0.126068 0.816468 -0.002177
v -0.092514 0.484894 -0.002177
v 0.179810 0.787415 -0.002215
v -0.085907 0.550110 -0.002267
v 0.112984 0.745545 -0.002288
v -0.371979 0.810486 -0.002359
v 0.443878 0.807495 -0.002398
v -0.051743 0.208099 -0.002548
v -0.189255 0.789246 -0.002589
v 0.104805 0.295135 -0.002601
v -0.090942 0.214508 -0.002727
v 0.030483 0.828491 -0.002767
v -0.117165 0.765015 -0.002894
v 0.153381 0.812561 -0.002913
v 0.094292 0.562500 -0.002948
v -0.074005 0.831970 -0.002949
v 0.056931 0.828308 -0.002980
v -0.460724 0.796814 -0.003083
v 0.044270 0.276794 -0.003370
v -0.150467 0.804077 -0.003442
v -0.085060 0.698059 -0.003556
v -0.021227 0.826416 -0.003572
v -0.182327 0.787537 -0.003695
v -0.449585 0.813355 -0.003705
v -0.036613 0.908936 -0.003834
v -0.039619 0.253113 -0.003914
v -0.163254 0.808594 -0.003921
v -0.072128 0.149506 -0.003950
v -0.137161 0.772217 -0.003995
v -0.028713 0.848877 -0.003996
v 0.107590 0.755066 -0.004209
v 0.164429 0.803040 -0.004271
v -0.096672 0.368530 -0.004288
v -0.083664 0.581482 -0.004353
v 0.084671 0.181763 -0.004386
v 0.196152 0.785217 -0.004423
v -0.183884 0.774841 -0.004455
v -0.076706 0.827637 -0.004499
v -0.076363 0.059357 -0.004629
v 0.367401 0.803894 -0.004728
v 0.040306 0.892884 -0.004729
v 0.376343 0.807312 -0.004738
v 0.107277 0.385925 -0.004747
v -0.030947 0.825623 -0.004762
v 0.005721 0.485565 -0.004974
v 0.404205 0.780029 -0.005039
v 0.106094 0.360443 -0.005139
v -0.383301 0.784485 -0.005187
v 0.105423 0.279449 -0.005213
v -0.036987 0.970154 -0.005255
v -0.434540 0.798035 -0.005353
v 0.193985 0.774475 -0.005389
v -0.104752 0.753418 -0.005440
v 0.092049 0.062805 -0.005567
v 0.086929 0.828003 -0.005621
v -0.018249 0.825501 -0.005878
v -0.045006 0.920777 -0.005922
v -0.022871 0.305084 -0.005925
v 0.010451 0.469360 -0.005928
v -0.131668 0.812317 -0.006010
v -0.040695 0.936768 -0.006044
v 0.040546 0.987305 -0.006074
v 0.216705 0.804382 -0.006155
v 0.101982 0.057404 -0.006188
v -0.462738 0.802307 -0.006241
v 0.001541 0.455383 -0.006246
v -0.186661 0.798401 -0.006282
v -0.055496 0.178680 -0.006301
v 0.439484 0.795410 -0.006398
v 0.141144 0.814331 -0.006448
v -0.192001 0.806519 -0.006458
v -0.083282 0.055969 -0.006687
v 0.011391 0.444977 -0.006709
v -0.128113 0.004943 -0.006887
v 0.222534 0.783997 -0.006976
v 0.052460 0.828980 -0.006991
v 0.376312 0.785400 -0.007059
v -0.214874 0.787720 -0.007117
v -0.355988 0.788269 -0.007160
v -0.354309 0.807068 -0.007193
v -0.063324 0.001922 -0.007236
v 0.035870 0.290161 -0.007437
v -0.191788 0.771607 -0.007580
v -0.189621 0.784851 -0.007581
v 0.205246 0.781494 -0.007647
v -0.041073 0.827149 -0.007647
v 0.033207 0.868469 -0.007659
v -0.091934 0.174561 -0.007735
v -0.409424 0.788330 -0.007756
v -0.074493 0.122528 -0.007826
v 0.118195 0.756836 -0.007829
v 0.076721 0.038727 -0.007925
v -0.212540 0.802429 -0.008076
v 0.092789 0.677551 -0.008121
v -0.009698 0.359253 -0.008230
v 0.392304 0.810364 -0.008244
v -0.091042 0.513794 -0.008270
v -0.136124 0.771240 -0.008357
v -0.123352 0.000274 -0.008369
v -0.172195 0.807312 -0.008402
v 0.451874 0.809814 -0.008415
v 0.097466 0.206085 -0.008432
v -0.048199 0.156280 -0.008474
v -0.071213 0.000335 -0.008496
v 0.484619 0.800903 -0.008565
v 0.078476 0.055389 -0.008843
v 0.062546 0.180420 -0.008872
v -0.025274 0.287170 -0.008914
v -0.098442 0.414703 -0.008949
v 0.102081 0.529541 -0.009064
v 0.434448 0.811157 -0.009171
v 0.083046 0.143921 -0.009276
v 0.092476 0.549011 -0.009316
v -0.449219 0.802490 -0.009421
v 0.086243 0.089996 -0.009471
v 0.106216 0.450378 -0.009479
v -0.102028 0.055176 -0.009491
v 0.115921 0.824768 -0.009534
v 0.133286 0.001404 -0.009547
v -0.447632 0.810730 -0.009597
v 0.199051 0.798279 -0.009680
v 0.357971 0.789490 -0.009687
v -0.021028 0.871094 -0.009692
v -0.435089 0.812622 -0.009847
v 0.108200 0.421661 -0.009900
v -0.203857 0.784058 -0.009909
v 0.421356 0.789062 -0.009952
v 0.169083 0.767700 -0.009958
v 0.356354 0.800049 -0.009984
v -0.097664 0.249939 -0.009998
v -0.411926 0.815552 -0.010037
v 0.212784 0.791321 -0.010101
v 0.183792 0.807678 -0.010140
v -0.100395 0.064209 -0.010173
v 0.213028 0.791199 -0.010179
v 0.089371 0.153046 -0.010263
v -0.037678 0.924012 -0.010280
v -0.102440 0.831238 -0.010392
v -0.100159 0.120880 -0.010416
v -0.095261 0.143005 -0.010487
v -0.031525 0.900696 -0.010548
v 0.110191 0.061920 -0.010585
v 0.157013 0.769836 -0.010634
v -0.002302 0.416870 -0.010722
v -0.054066 0.133514 -0.010779
v 0.196869 0.774536 -0.010813
v 0.132370 0.017303 -0.010970
v -0.385834 0.812988 -0.011068
v 0.193146 0.807556 -0.011343
v -0.185318 0.774414 -0.011369
v 0.193314 0.813843 -0.011369
v 0.103600 0.502197 -0.011377
v 0.075043 0.082245 -0.011454
v -0.091225 0.716370 -0.011518
v -0.167282 0.808289 -0.011591
v 0.118568 0.043884 -0.011809
v 0.079582 0.073028 -0.011858
v -0.045124 0.831604 -0.011887
v -0.022161 0.989319 -0.012088
v 0.200241 0.810486 -0.012160
v -0.086838 0.095734 -0.012171
v -0.214233 0.784668 -0.012323
v -0.038078 0.933106 -0.012382
v -0.065498 0.114899 -0.012406
v 0.101318 0.715698 -0.012468
v -0.033539 0.841858 -0.012604
v 0.092270 0.179230 -0.012614
v -0.198319 0.796631 -0.012683
v -0.113808 0.040710 -0.012725
v 0.116951 0.000274 -0.012783
v -0.206696 0.792542 -0.012788
v 0.095764 0.074036 -0.012846
v 0.201218 0.764282 -0.012900
v -0.210617 0.802979 -0.012915
v 0.209686 0.804566 -0.012934
v 0.470185 0.791809 -0.012953
v -0.469696 0.806641 -0.012983
v 0.050934 0.174774 -0.013231
v 0.222885 0.804993 -0.013260
v -0.170212 0.817932 -0.013335
v -0.103851 0.828369 -0.013380
v -0.082115 0.078918 -0.013425
v 0.106049 0.765625 -0.013503
v 0.088364 0.103363 -0.013557
v -0.071259 0.630859 -0.013637
v -0.079460 0.638977 -0.013697
v 0.084778 0.839172 -0.013709
v 0.051720 0.899903 -0.013953
v -0.464172 0.795960 -0.013958
v -0.315888 0.790772 -0.014028
v 0.156891 0.761047 -0.014068
v 0.041573 0.855286 -0.014075
v -0.068184 0.048340 -0.014099
v 0.079369 0.631348 -0.014115
v 0.223496 0.770508 -0.014176
v 0.046387 0.195496 -0.014191
v 0.058285 0.917054 -0.014275
v 0.097031 0.088989 -0.014279
v 0.359467 0.810669 -0.014355
v 0.053211 0.254364 -0.014363
v 0.081848 0.089416 -0.014391
v 0.070816 0.136566 -0.014409
v -0.070396 0.638977 -0.014586
v -0.092552 0.077911 -0.014612
v -0.193863 0.770508 -0.014640
v 0.046402 0.914368 -0.014767
v -0.032539 0.853455 -0.014806
v 0.119804 0.053406 -0.014955
v -0.064537 0.014954 -0.015029
v 0.046768 0.844361 -0.015038
v -0.075302 0.631653 -0.015039
v -0.080498 0.085449 -0.015074
v 0.088585 0.620178 -0.015128
v -0.432068 0.795960 -0.015227
v -0.103706 0.752747 -0.015265
v 0.443085 0.807312 -0.015333
v 0.221603 0.774536 -0.015455
v 0.407013 0.784546 -0.015505
v -0.086159 0.097473 -0.015573
v -0.072037 0.110840 -0.015617
v -0.392670 0.787232 -0.015640
v 0.070435 0.127289 -0.015667
v -0.078049 0.065582 -0.015802
v 0.211929 0.801880 -0.015882
v 0.441345 0.796631 -0.015999
v 0.082169 0.095734 -0.016142
v 0.105423 0.062530 -0.016237
v -0.077438 0.622131 -0.016266
v -0.046082 0.911804 -0.016266
v -0.120033 0.755798 -0.016294
v 0.165421 0.829956 -0.016361
v -0.340119 0.813599 -0.016388
v -0.219162 0.800171 -0.016403
v 0.109718 0.372162 -0.016443
v -0.307617 0.778015 -0.016468
v -0.098930 0.426697 -0.016476
v 0.027080 0.317657 -0.016554
v 0.105591 0.082336 -0.016560
v 0.094406 0.630005 -0.016603
v 0.117203 0.749817 -0.016607
v 0.118294 0.754334 -0.016756
v 0.221863 0.811707 -0.016932
v 0.022064 0.362335 -0.016937
v 0.164001 0.817078 -0.016985
v -0.014709 0.301483 -0.016987
v -0.065582 0.086090 -0.017063
v 0.096336 0.147339 -0.017067
v -0.130371 0.761414 -0.017166
v 0.086464 0.117798 -0.017180
v -0.100861 0.186157 -0.017239
v 0.197418 0.763001 -0.017282
v -0.145782 0.759705 -0.017336
v -0.017191 0.311218 -0.017410
v 0.073898 0.020538 -0.017515
v -0.083252 0.062897 -0.017612
v -0.028862 0.982910 -0.017633
v 0.107536 0.829651 -0.017693
v -0.027681 0.253143 -0.017723
v -0.221146 0.784973 -0.017736
v -0.185944 0.764038 -0.017786
v 0.089928 0.069244 -0.017832
v -0.038521 0.951660 -0.017843
v 0.092583 0.105377 -0.017910
v 0.138138 0.828552 -0.017910
v 0.202164 0.765869 -0.017916
v -0.141983 0.823364 -0.017944
v 0.192871 0.764832 -0.017979
v -0.065270 0.058868 -0.018038
v 0.101509 0.320129 -0.018160
v 0.046726 0.271820 -0.018217
v 0.199707 0.811401 -0.018234
v -0.147629 0.818421 -0.018301
v -0.084190 0.636109 -0.018322
v -0.065743 0.003814 -0.018522
v -0.082161 0.624939 -0.018557
v 0.327057 0.776733 -0.018557
v -0.099770 0.090424 -0.018595
v 0.138489 0.836426 -0.018662
v 0.310852 0.789612 -0.018671
v 0.023203 0.991455 -0.018806
v 0.385376 0.784058 -0.018867
v -0.105743 0.144592 -0.018972
v 0.046719 0.234680 -0.019020
v 0.072670 0.004272 -0.019079
v -0.097473 0.830933 -0.019102
v 0.229416 0.788391 -0.019104
v -0.106827 0.052215 -0.019115
v -0.363434 0.783814 -0.019184
v 0.036713 0.836548 -0.019260
v -0.444733 0.812805 -0.019287
v -0.048481 0.180054 -0.019384
v -0.081154 0.071686 -0.019430
v 0.104416 0.742798 -0.019543
v 0.070412 0.075012 -0.019766
v 0.050915 0.151520 -0.019938
v 0.473602 0.801025 -0.020035
v 0.060883 0.844238 -0.020100
v -0.066689 0.024506 -0.020103
v 0.079781 0.639465 -0.020144
v -0.298706 0.805908 -0.020185
v -0.025993 0.831421 -0.020311
v -0.064926 0.074707 -0.020405
v -0.214859 0.815064 -0.020407
v 0.073257 0.063202 -0.020430
v 0.091087 0.581299 -0.020464
v -0.280396 0.777222 -0.020540
v -0.216278 0.767334 -0.020620
v 0.215546 0.779846 -0.020664
v 0.123085 0.032806 -0.020758
v -0.320648 0.773682 -0.020762
v 0.395996 0.808044 -0.020788
v 0.090118 0.606628 -0.020821
v -0.381317 0.787903 -0.020849
v 0.342194 0.777405 -0.020876
v -0.421814 0.795227 -0.020905
v -0.049034 0.844299 -0.020922
v 0.091949 0.638306 -0.020962
v -0.005626 0.392120 -0.021122
v 0.105583 0.072143 -0.021126
v 0.088806 0.652710 -0.021269
v 0.096031 0.098511 -0.021332
v 0.081238 0.113281 -0.021422
v 0.078445 0.099182 -0.021439
v 0.307861 0.800781 -0.021440
v 0.468598 0.789856 -0.021465
v 0.103027 0.479217 -0.021536
v 0.065620 0.067657 -0.021568
v 0.085014 0.631226 -0.021568
v 0.105720 0.226593 -0.021574
v -0.394013 0.806030 -0.021635
v -0.358490 0.814514 -0.021742
v 0.197922 0.766541 -0.021778
v 0.288544 0.774292 -0.021791
v 0.044876 0.976258 -0.021795
v 0.208481 0.818726 -0.021797
v -0.205032 0.804810 -0.021799
v -0.035610 0.145416 -0.021816
v 0.108635 0.249573 -0.022003
v -0.077309 0.657593 -0.022030
v 0.106918 0.430511 -0.022093
v -0.441803 0.804138 -0.022186
v 0.371124 0.782776 -0.022202
v -0.018461 0.851746 -0.022320
v 0.144959 0.753235 -0.022404
v -0.019489 0.276276 -0.022419
v 0.105324 0.115356 -0.022444
v -0.048775 0.194458 -0.022466
v -0.089806 0.108643 -0.022539
v 0.003227 0.458130 -0.022600
v -0.018642 0.873474 -0.022621
v 0.039776 0.183594 -0.022774
v 0.201141 0.794739 -0.022844
v -0.114098 0.035767 -0.022892
v -0.203629 0.782288 -0.022902
v -0.059666 0.091370 -0.022911
v 0.032295 0.849915 -0.022915
v -0.099503 0.307251 -0.023046
v -0.193817 0.791077 -0.023087
v -0.192215 0.814942 -0.023100
v 0.228668 0.804505 -0.023233
v -0.065834 0.065521 -0.023271
v -0.044239 0.210175 -0.023279
v -0.102394 0.073120 -0.023357
v 0.153839 0.757080 -0.023365
v -0.097847 0.379028 -0.023394
v 0.132965 0.832581 -0.023447
v -0.082855 0.583130 -0.023542
v 0.137192 0.768250 -0.023558
v 0.119293 0.837830 -0.023569
v -0.118996 0.766541 -0.023586
v -0.191437 0.755432 -0.023602
v -0.082466 0.602722 -0.023615
v -0.101303 0.104401 -0.023643
v -0.045147 0.115204 -0.023653
v -0.426819 0.809204 -0.023716
v -0.260651 0.785339 -0.023817
v -0.109123 0.115601 -0.024000
v -0.073769 0.843689 -0.024046
v -0.298645 0.795838 -0.024061
v -0.064606 0.037292 -0.024141
v -0.135315 0.769898 -0.024200
v 0.445648 0.794373 -0.024273
v 0.297150 0.809876 -0.024302
v -0.076584 0.613098 -0.024305
v -0.381592 0.804077 -0.024351
v 0.108643 0.185699 -0.024372
v 0.260071 0.784241 -0.024395
v -0.032436 0.973755 -0.024405
v 0.072205 0.042023 -0.024407
v 0.036587 0.897583 -0.024448
v 0.173645 0.823731 -0.024513
v 0.180405 0.824158 -0.024532
v -0.146149 0.781189 -0.024605
v -0.026573 0.899231 -0.024626
v -0.112274 0.790405 -0.024647
v -0.096176 0.108093 -0.024683
v 0.306000 0.794434 -0.024685
v 0.162277 0.831177 -0.024696
v -0.274536 0.786072 -0.024725
v -0.091072 0.512878 -0.024767
v -0.229263 0.792969 -0.024771
v -0.083427 0.575378 -0.024794
v 0.115303 0.798523 -0.024797
v 0.121826 0.003692 -0.024801
v -0.104248 0.770020 -0.024939
v -0.102058 0.065338 -0.024990
v 0.112686 0.063782 -0.024996
v 0.154175 0.785034 -0.025034
v 0.093727 0.130737 -0.025076
v 0.095566 0.609131 -0.025082
v -0.094757 0.061981 -0.025085
v -0.086655 0.703613 -0.025112
v -0.244919 0.791382 -0.025181
v -0.114502 0.004333 -0.025215
v 0.125977 0.787232 -0.025293
v 0.195969 0.784851 -0.025341
v -0.061657 0.015777 -0.025383
v 0.106621 0.772583 -0.025459
v 0.064217 0.113647 -0.025469
v 0.095528 0.582275 -0.025522
v 0.369568 0.811768 -0.025536
v -0.120789 0.800720 -0.025555
v 0.401550 0.794800 -0.025740
v 0.199112 0.821961 -0.025764
v -0.133743 0.784668 -0.025833
v 0.096626 0.122375 -0.025885
v 0.132065 0.798157 -0.025915
v 0.386047 0.804504 -0.026121
v 0.319794 0.815552 -0.026154
v 0.105919 0.060455 -0.026182
v 0.128586 0.779907 -0.026270
v -0.190460 0.821777 -0.026297
v -0.105103 0.838745 -0.026358
v 0.075645 0.093353 -0.026364
v 0.433991 0.808167 -0.026365
v -0.216553 0.809509 -0.026447
v -0.097366 0.783630 -0.026455
v -0.068039 0.624207 -0.026508
v 0.142624 0.794922 -0.026632
v 0.048653 0.928101 -0.026682
v 0.103737 0.722168 -0.026731
v -0.165817 0.823303 -0.026793
v -0.088127 0.585388 -0.026794
v 0.261475 0.803772 -0.026798
v -0.105248 0.212006 -0.026817
v 0.107880 0.787842 -0.026823
v 0.437500 0.793274 -0.026834
v -0.014265 0.329956 -0.026842
v 0.368103 0.786865 -0.026865
v -0.192215 0.781433 -0.026867
v 0.450287 0.804565 -0.026937
v -0.086144 0.608887 -0.026976
v -0.092896 0.486847 -0.027058
v 0.095764 0.550842 -0.027086
v 0.070244 0.025818 -0.027184
v 0.216705 0.810608 -0.027216
v 0.096100 0.097107 -0.027243
v 0.202133 0.752808 -0.027243
v -0.191315 0.762085 -0.027296
v -0.000788 0.433655 -0.027361
v 0.109306 0.376221 -0.027466
v 0.101730 0.511536 -0.027506
v 0.088112 0.073029 -0.027535
v 0.110191 0.104553 -0.027596
v -0.069664 0.061401 -0.027601
v -0.081299 0.072082 -0.027603
v -0.106224 0.783203 -0.027643
v 0.108948 0.334808 -0.027765
v 0.028200 0.870667 -0.027775
v -0.012934 0.351501 -0.027866
v -0.142059 0.813660 -0.027885
v 0.343750 0.813965 -0.027903
v 0.109200 0.306427 -0.027907
v 0.092476 0.673523 -0.027908
v 0.050610 0.933045 -0.027922
v 0.123184 0.021057 -0.028000
v 0.115440 0.004578 -0.028036
v 0.014539 0.408905 -0.028172
v -0.356873 0.795471 -0.028173
v 0.121895 0.816101 -0.028206
v -0.193451 0.786865 -0.028267
v -0.079910 0.635986 -0.028273
v 0.199829 0.809387 -0.028418
v 0.108780 0.068603 -0.028462
v -0.196228 0.811218 -0.028482
v 0.140182 0.818848 -0.028521
v 0.108131 0.068481 -0.028525
v -0.100067 0.742371 -0.028549
v -0.023127 0.241455 -0.028560
v -0.132584 0.811035 -0.028568
v -0.187027 0.759766 -0.028608
v 0.094093 0.108154 -0.028628
v -0.292420 0.817383 -0.028645
v -0.195786 0.811768 -0.028652
v 0.112015 0.067749 -0.028706
v 0.143616 0.828735 -0.028793
v 0.200027 0.783020 -0.028809
v -0.047985 0.073791 -0.028835
v -0.100380 0.806213 -0.028852
v 0.108589 0.802246 -0.028881
v -0.150223 0.777100 -0.028931
v -0.356445 0.806946 -0.028957
v -0.051613 0.083069 -0.028978
v -0.097870 0.069336 -0.028997
v 0.193939 0.820130 -0.029001
v 0.202454 0.793579 -0.029181
v -0.016945 0.309906 -0.029213
v 0.114288 0.785889 -0.029249
v -0.227677 0.804016 -0.029274
v -0.122162 0.822876 -0.029280
v -0.076668 0.841675 -0.029308
v -0.155289 0.757080 -0.029341
v -0.098938 0.820496 -0.029341
v -0.080139 0.106873 -0.029531
v -0.121544 0.753723 -0.029541
v 0.248718 0.800232 -0.029736
v 0.048531 0.958985 -0.029747
v 0.432495 0.801025 -0.029821
v 0.108521 0.821167 -0.029825
v -0.213715 0.764099 -0.029829
v -0.030108 0.167908 -0.029850
v -0.148758 0.810547 -0.029919
v -0.064903 0.105530 -0.029922
v 0.336731 0.775818 -0.029936
v -0.100327 0.347595 -0.029953
v -0.254486 0.806275 -0.029955
v -0.014457 0.295105 -0.029957
v 0.151230 0.778748 -0.030067
v -0.114830 0.020538 -0.030151
v 0.113091 0.745606 -0.030186
v 0.097382 0.701782 -0.030224
v -0.345673 0.784912 -0.030294
v -0.117966 0.783264 -0.030296
v 0.054127 0.843323 -0.030386
v -0.148056 0.785767 -0.030403
v 0.112350 0.121857 -0.030424
v 0.221985 0.820801 -0.030430
v 0.131531 0.784790 -0.030434
v -0.017344 0.289154 -0.030451
v 0.357361 0.793457 -0.030470
v -0.063637 0.105591 -0.030535
v 0.097984 0.524841 -0.030649
v -0.036316 0.932923 -0.030653
v -0.064369 0.100189 -0.030725
v -0.213745 0.778015 -0.030800
v -0.133560 0.801392 -0.030849
v -0.257874 0.781067 -0.030853
v -0.109955 0.152893 -0.030891
v 0.120415 0.835999 -0.030899
v 0.088898 0.842713 -0.031006
v 0.154800 0.786743 -0.031071
v -0.117950 0.749085 -0.031082
v 0.080429 0.082947 -0.031120
v 0.366852 0.804443 -0.031170
v 0.377045 0.794495 -0.031212
v -0.006894 0.987061 -0.031242
v -0.240967 0.765747 -0.031273
v 0.026949 0.310272 -0.031311
v -0.108994 0.003998 -0.031330
v 0.036900 0.235626 -0.031334
v -0.107094 0.804627 -0.031334
v -0.258606 0.765930 -0.031345
v 0.249100 0.767395 -0.031391
v 0.258942 0.774048 -0.031414
v 0.186417 0.820801 -0.031441
v -0.317505 0.771851 -0.031452
v 0.122467 0.822021 -0.031506
v -0.050427 0.103821 -0.031509
v 0.134796 0.806519 -0.031509
v 0.116196 0.745301 -0.031528
v 0.085945 0.613342 -0.031551
v 0.248154 0.785461 -0.031563
v 0.036156 0.843445 -0.031567
v 0.222229 0.757263 -0.031574
v 0.079452 0.097565 -0.031670
v -0.083069 0.092438 -0.031700
v -0.213501 0.817078 -0.031708
v -0.103485 0.108704 -0.031772
v -0.071793 0.084991 -0.031818
v -0.266419 0.799805 -0.031826
v -0.327545 0.815613 -0.031826
v -0.100212 0.255280 -0.031906
v 0.263977 0.783936 -0.031994
v 0.050724 0.099396 -0.032005
v 0.112167 0.105621 -0.032101
v 0.152664 0.810791 -0.032104
v -0.108749 0.070953 -0.032169
v -0.200836 0.796997 -0.032169
v 0.266815 0.805054 -0.032207
v -0.159393 0.821716 -0.032272
v -0.014708 0.856995 -0.032280
v -0.030188 0.191284 -0.032303
v 0.029646 0.982544 -0.032303
v -0.111351 0.835327 -0.032307
v -0.277588 0.760620 -0.032383
v -0.254334 0.775513 -0.032421
v -0.183807 0.805786 -0.032436
v 0.097229 0.074219 -0.032459
v -0.144440 0.778382 -0.032467
v 0.219452 0.759949 -0.032486
v -0.092644 0.740051 -0.032520
v -0.171722 0.823059 -0.032528
v -0.230637 0.778809 -0.032543
v -0.251343 0.782288 -0.032585
v 0.077942 0.113861 -0.032616
v 0.202271 0.755921 -0.032642
v 0.202133 0.755554 -0.032658
v 0.197800 0.809082 -0.032658
v -0.249512 0.816651 -0.032692
v -0.194946 0.755921 -0.032711
v 0.253937 0.812500 -0.032738
v -0.097412 0.288483 -0.032741
v -0.201965 0.781250 -0.032784
v 0.100388 0.480835 -0.032814
v -0.026928 0.214935 -0.032852
v -0.150330 0.782288 -0.032887
v 0.124344 0.839844 -0.033005
v -0.194443 0.806702 -0.033077
v 0.095665 0.098907 -0.033192
v 0.345062 0.782593 -0.033192
v -0.024977 0.857361 -0.033234
v -0.140457 0.751099 -0.033299
v -0.095551 0.330688 -0.033302
v -0.169510 0.828064 -0.033340
v 0.270294 0.760803 -0.033390
v -0.140152 0.830261 -0.033432
v -0.243057 0.794495 -0.033443
v -0.262177 0.814575 -0.033569
v -0.181152 0.754151 -0.033573
v 0.154861 0.805298 -0.033733
v 0.203400 0.785706 -0.033764
v 0.268646 0.815430 -0.033779
v -0.148804 0.784729 -0.033901
v 0.236252 0.778259 -0.033905
v 0.153229 0.794006 -0.033943
v 0.070602 0.100006 -0.033959
v 0.233017 0.805969 -0.034058
v 0.233017 0.805969 -0.034058
v -0.199341 0.794006 -0.034084
v -0.057682 0.000518 -0.034099
v -0.238785 0.818421 -0.034157
v 0.135727 0.765503 -0.034172
v -0.267609 0.791016 -0.034271
v -0.143555 0.813416 -0.034283
v 0.116936 0.765686 -0.034313
v 0.069282 0.000519 -0.034355
v -0.106941 0.767212 -0.034359
v -0.096802 0.420532 -0.034473
v 0.210144 0.779114 -0.034531
v 0.205704 0.794006 -0.034550
v -0.212967 0.822022 -0.034584
v -0.132675 0.767395 -0.034660
v -0.226624 0.781983 -0.034687
v -0.230438 0.799011 -0.034691
v 0.113197 0.202026 -0.034737
v -0.147858 0.796753 -0.034744
v 0.050827 0.126068 -0.034760
v -0.023121 0.847107 -0.034798
v 0.012524 0.985718 -0.034798
v 0.194595 0.811401 -0.034828
v 0.034458 0.252136 -0.034859
v 0.246536 0.818970 -0.034863
v 0.181030 0.827759 -0.034931
v 0.110512 0.168152 -0.034992
v 0.057304 0.063354 -0.035008
v -0.182190 0.809570 -0.035019
v 0.055557 0.090851 -0.035092
v 0.269531 0.796692 -0.035156
v -0.230438 0.799500 -0.035225
v -0.202072 0.787232 -0.035229
v 0.093269 0.591370 -0.035397
v -0.146057 0.808533 -0.035408
v -0.032139 0.918274 -0.035591
v -0.092789 0.067291 -0.035625
v -0.031704 0.859619 -0.035667
v -0.065987 0.100342 -0.035705
v 0.103386 0.439300 -0.035732
v 0.339966 0.810974 -0.035763
v -0.186035 0.822144 -0.035774
v 0.111114 0.066284 -0.035797
v 0.027395 0.891724 -0.035816
v -0.040699 0.099274 -0.035866
v -0.106689 0.067535 -0.035873
v 0.261658 0.802857 -0.036007
v 0.087799 0.579407 -0.036076
v 0.102356 0.277557 -0.036163
v 0.205200 0.819885 -0.036282
v 0.106590 0.779968 -0.036346
v 0.022718 0.371277 -0.036358
v -0.150101 0.787170 -0.036404
v -0.081032 0.679138 -0.036499
v -0.006433 0.870056 -0.036507
v -0.063690 0.071625 -0.036567
v 0.151596 0.780701 -0.036617
v 0.232529 0.773315 -0.036751
v 0.198380 0.753479 -0.036770
v 0.219986 0.776489 -0.036880
v 0.116669 0.112701 -0.036907
v 0.031578 0.273315 -0.036999
v -0.020699 0.251038 -0.037056
v -0.101982 0.051941 -0.037060
v -0.019819 0.978455 -0.037071
v 0.115852 0.082580 -0.037075
v 0.041302 0.970642 -0.037094
v -0.206772 0.778748 -0.037186
v 0.126663 0.770630 -0.037209
v 0.053627 0.082977 -0.037213
v -0.046032 0.847534 -0.037254
v -0.108002 0.085083 -0.037300
v 0.153809 0.784912 -0.037361
v 0.111999 0.084045 -0.037460
v 0.207001 0.807190 -0.037479
v 0.086243 0.604370 -0.037563
v 0.284027 0.820679 -0.037632
v -0.084793 0.586304 -0.037678
v 0.152206 0.801025 -0.037685
v -0.010309 0.382599 -0.037693
v -0.020824 0.300445 -0.037719
v 0.130661 0.749939 -0.037807
v 0.198990 0.756531 -0.037815
v 0.151321 0.810547 -0.037834
v 0.201325 0.808716 -0.037888
v -0.145783 0.778626 -0.037918
v -0.019140 0.897217 -0.037926
v -0.128983 0.771484 -0.037941
v -0.091576 0.457855 -0.037990
v -0.081512 0.608643 -0.037990
v 0.112434 0.136963 -0.038063
v 0.047665 0.088409 -0.038071
v -0.104363 0.057129 -0.038090
v -0.078140 0.603638 -0.038174
v -0.038177 0.847534 -0.038284
v -0.078384 0.582031 -0.038311
v -0.030817 0.142670 -0.038387
v -0.198822 0.801575 -0.038387
v 0.282440 0.759583 -0.038448
v -0.000688 0.449310 -0.038521
v -0.214188 0.756531 -0.038597
v 0.069633 0.080048 -0.038628
v 0.206482 0.782105 -0.038692
v 0.058697 0.064026 -0.038758
v -0.149353 0.813965 -0.038773
v -0.039421 0.108307 -0.038887
v 0.145584 0.780945 -0.038906
v 0.033836 0.190246 -0.038918
v 0.010997 0.879212 -0.038956
v -0.093033 0.107086 -0.038959
v 0.260590 0.781311 -0.038963
v 0.233856 0.789673 -0.039001
v -0.060894 0.105621 -0.039036
v 0.115746 0.143524 -0.039089
v 0.309143 0.817871 -0.039181
v 0.166962 0.753479 -0.039188
v -0.005993 0.418304 -0.039242
v 0.064888 0.052338 -0.039482
v -0.145279 0.805420 -0.039490
v 0.042027 0.860413 -0.039516
v -0.044220 0.067200 -0.039543
v -0.203430 0.782837 -0.039547
v 0.058285 0.004669 -0.039662
v -0.058353 0.635376 -0.039703
v 0.083839 0.846802 -0.039791
v -0.323334 0.787842 -0.039845
v -0.073090 0.846741 -0.039898
v 0.110947 0.231933 -0.039963
v 0.012123 0.862183 -0.039967
v 0.263886 0.818848 -0.040051
v -0.231979 0.774780 -0.040062
v 0.090248 0.539795 -0.040085
v -0.142456 0.783875 -0.040085
v 0.104805 0.385071 -0.040108
v 0.138031 0.820191 -0.040180
v 0.009206 0.458527 -0.040184
v -0.243851 0.787537 -0.040215
v 0.207916 0.784119 -0.040245
v 0.082184 0.625549 -0.040260
v -0.070663 0.609497 -0.040272
v -0.073753 0.638611 -0.040340
v 0.078995 0.632202 -0.040379
v -0.106766 0.208740 -0.040409
v -0.097000 0.303925 -0.040417
v -0.110901 0.084503 -0.040428
v -0.230713 0.791626 -0.040466
v -0.129868 0.819031 -0.040592
v -0.007582 0.890625 -0.040600
v 0.108215 0.833679 -0.040710
v -0.185989 0.802917 -0.040737
v 0.205002 0.801941 -0.040798
v -0.069313 0.623901 -0.040810
v 0.327545 0.786682 -0.041027
v -0.310394 0.793335 -0.041058
v 0.057602 0.847229 -0.041138
v -0.312836 0.776062 -0.041180
v -0.082581 0.535950 -0.041271
v -0.258179 0.819580 -0.041294
v -0.057129 0.054230 -0.041317
v -0.114502 0.773133 -0.041317
v -0.211044 0.808411 -0.041420
v 0.317017 0.792542 -0.041515
v 0.105949 0.355926 -0.041596
v 0.029352 0.318970 -0.041603
v -0.324310 0.802857 -0.041611
v -0.153564 0.754761 -0.041679
v 0.333466 0.802246 -0.041756
v -0.088249 0.501465 -0.041805
v 0.047085 0.108246 -0.041813
v -0.189987 0.804321 -0.041821
v -0.148422 0.811402 -0.041912
v -0.050282 0.000457 -0.041973
v 0.270172 0.792053 -0.042015
v -0.096283 0.780823 -0.042053
v 0.038887 0.916992 -0.042076
v 0.095627 0.530579 -0.042099
v -0.108833 0.839661 -0.042362
v 0.126724 0.771057 -0.042423
v 0.065483 0.632263 -0.042439
v 0.229858 0.780823 -0.042587
v 0.097053 0.511475 -0.042641
v -0.095314 0.087341 -0.042667
v 0.033749 0.859192 -0.042755
v 0.270447 0.792053 -0.042789
v -0.024862 0.205963 -0.042812
v -0.039566 0.087982 -0.042820
v 0.085304 0.636719 -0.042839
v -0.185654 0.752747 -0.042896
v 0.227615 0.805664 -0.042904
v 0.099678 0.413879 -0.042923
v -0.017975 0.318970 -0.043003
v 0.046135 0.956726 -0.043022
v -0.018641 0.289093 -0.043041
v 0.202408 0.749573 -0.043091
v -0.042683 0.105652 -0.043129
v 0.029583 0.285156 -0.043133
v 0.086906 0.843018 -0.043148
v -0.062897 0.629456 -0.043182
v -0.187668 0.755432 -0.043182
v -0.220429 0.807922 -0.043304
v 0.016779 0.410950 -0.043347
v 0.120171 0.001007 -0.043381
v -0.188812 0.825073 -0.043434
v -0.108688 0.000671 -0.043503
v 0.222046 0.822632 -0.043549
v -0.124161 0.768738 -0.043591
v -0.189438 0.749207 -0.043610
v 0.107452 0.054077 -0.044071
v -0.116898 0.751953 -0.044140
v -0.032528 0.953980 -0.044163
v 0.066750 0.114746 -0.044384
v 0.067490 0.095642 -0.044407
v 0.004776 0.893433 -0.044411
v 0.107712 0.332855 -0.044449
v 0.117699 0.133728 -0.044476
v -0.102509 0.748047 -0.044483
v -0.213959 0.818848 -0.044601
v -0.099022 0.262573 -0.044628
v 0.256012 0.812561 -0.044682
v -0.049984 0.017242 -0.044731
v -0.241211 0.786804 -0.044758
v 0.248459 0.784851 -0.044773
v -0.257324 0.803528 -0.044788
v -0.259064 0.760071 -0.044861
v -0.098068 0.056671 -0.044876
v 0.200256 0.824707 -0.044876
v 0.246399 0.791260 -0.045002
v 0.101486 0.743103 -0.045055
v -0.284180 0.763794 -0.045059
v -0.019962 0.338165 -0.045097
v 0.108902 0.816651 -0.045113
v -0.027920 0.924317 -0.045139
v 0.081085 0.664612 -0.045143
v -0.118866 0.749817 -0.045151
v -0.109009 0.817871 -0.045265
v 0.112061 0.093933 -0.045429
v -0.015161 0.861450 -0.045486
v -0.109200 0.164368 -0.045490
v -0.255005 0.809021 -0.045578
v 0.042396 0.117920 -0.045700
v -0.266937 0.792359 -0.045750
v 0.151077 0.783386 -0.045757
v -0.142181 0.776367 -0.045769
v -0.276337 0.821411 -0.045853
v -0.227264 0.781677 -0.045902
v 0.122704 0.839111 -0.045902
v 0.025137 0.844666 -0.045990
v -0.143448 0.783631 -0.046154
v 0.105843 0.778320 -0.046246
v -0.131485 0.829407 -0.046253
v -0.190918 0.820801 -0.046314
v -0.053352 0.027191 -0.046375
v 0.282745 0.791321 -0.046406
v -0.112312 0.003387 -0.046741
v -0.008385 0.845398 -0.046810
v -0.041081 0.089935 -0.046825
v 0.114189 0.170837 -0.046829
v -0.233856 0.811218 -0.046833
v 0.104111 0.082336 -0.046871
v 0.205994 0.782654 -0.046875
v 0.210373 0.807068 -0.046875
v -0.162460 0.822449 -0.046963
v 0.115501 0.083466 -0.047047
v 0.237305 0.777649 -0.047047
v 0.258698 0.771179 -0.047050
v 0.152985 0.802673 -0.047058
v 0.147629 0.773621 -0.047073
v 0.263245 0.760132 -0.047123
v 0.198868 0.756348 -0.047134
v -0.073746 0.671936 -0.047203
v 0.205414 0.802918 -0.047226
v -0.081856 0.534363 -0.047252
v -0.235138 0.801392 -0.047283
v -0.235138 0.801392 -0.047283
v 0.032890 0.235260 -0.047363
v -0.097435 0.833679 -0.047455
v 0.118637 0.079407 -0.047463
v 0.117279 0.764954 -0.047581
v 0.238907 0.811157 -0.047607
v 0.238907 0.811157 -0.047607
v -0.279907 0.790711 -0.047653
v 0.257233 0.802857 -0.047726
v 0.133713 0.816467 -0.047729
v 0.238998 0.811218 -0.047764
v -0.170822 0.777039 -0.047787
v 0.136597 0.765564 -0.047836
v 0.198990 0.819641 -0.047836
v -0.099739 0.093780 -0.047928
v 0.150238 0.749329 -0.047932
v 0.045383 0.081879 -0.048031
v 0.117256 0.750672 -0.048122
v -0.076195 0.841370 -0.048191
v 0.100525 0.718079 -0.048264
v 0.054760 0.000732 -0.048302
v -0.092026 0.385803 -0.048321
v -0.260681 0.780701 -0.048340
v -0.022827 0.966492 -0.048359
v 0.025906 0.971924 -0.048359
v 0.010047 0.849854 -0.048382
v 0.116722 0.746521 -0.048534
v -0.101585 0.744385 -0.048553
v -0.211731 0.776672 -0.048573
v 0.077347 0.610596 -0.048813
v 0.089127 0.693726 -0.048840
v 0.058243 0.105102 -0.048985
v 0.282806 0.762268 -0.049034
v -0.198578 0.805847 -0.049088
v 0.005833 0.474365 -0.049133
v 0.047382 0.846863 -0.049168
v 0.109489 0.245422 -0.049179
v -0.225845 0.803467 -0.049210
v -0.073563 0.845215 -0.049229
v -0.037575 0.090576 -0.049240
v -0.174530 0.773804 -0.049290
v -0.090096 0.724426 -0.049294
v -0.058487 0.092133 -0.049316
v 0.212997 0.776306 -0.049370
v 0.294129 0.817200 -0.049400
v -0.103661 0.093262 -0.049408
v 0.092163 0.481232 -0.049420
v -0.121956 0.763794 -0.049610
v -0.038387 0.111938 -0.049614
v -0.208008 0.793030 -0.049759
v 0.096214 0.462219 -0.049793
v -0.030268 0.846436 -0.049892
v -0.024092 0.250183 -0.049907
v 0.206879 0.784668 -0.049976
v -0.147858 0.778931 -0.050026
v -0.094841 0.350891 -0.050167
v -0.199143 0.799683 -0.050182
v -0.077141 0.694763 -0.050194
v -0.138779 0.770142 -0.050205
v -0.149475 0.800842 -0.050251
v -0.093246 0.769776 -0.050285
v -0.201492 0.781983 -0.050324
v -0.012357 0.416229 -0.050369
v 0.180588 0.821960 -0.050430
v 0.104141 0.100769 -0.050450
v 0.049248 0.078644 -0.050457
v -0.213333 0.807434 -0.050480
v 0.036083 0.928772 -0.050491
v 0.018127 0.901856 -0.050556
v 0.156113 0.785828 -0.050564
v -0.061451 0.648743 -0.050587
v -0.096092 0.105621 -0.050689
v 0.221970 0.807129 -0.050720
v 0.273621 0.820740 -0.050766
v 0.262329 0.804077 -0.050797
v -0.203858 0.787842 -0.050865
v -0.165466 0.805298 -0.051022
v 0.062370 0.057770 -0.051129
v -0.088562 0.433990 -0.051342
v 0.233414 0.783081 -0.051346
v 0.179459 0.807678 -0.051346
v 0.037334 0.165283 -0.051365
v -0.056343 0.112946 -0.051418
v -0.133194 0.816956 -0.051483
v -0.066879 0.638062 -0.051525
v -0.099960 0.327026 -0.051540
v 0.153030 0.774780 -0.051575
v 0.237412 0.796082 -0.051682
v 0.117996 0.011963 -0.051705
v 0.086487 0.556274 -0.051712
v 0.058498 0.026703 -0.051880
v -0.148636 0.788696 -0.051964
v 0.301575 0.810608 -0.051991
v -0.207092 0.776123 -0.052055
v -0.081589 0.514587 -0.052166
v 0.195160 0.756531 -0.052193
v -0.165115 0.823364 -0.052212
v 0.203217 0.754578 -0.052235
v 0.263214 0.780090 -0.052265
v 0.103531 0.769714 -0.052311
v 0.202362 0.798889 -0.052319
v 0.080040 0.579041 -0.052372
v 0.029890 0.380035 -0.052384
v -0.150971 0.800476 -0.052452
v 0.204575 0.779480 -0.052532
v -0.028235 0.188019 -0.052627
v 0.124954 0.833618 -0.052658
v 0.035477 0.861023 -0.052666
v -0.255493 0.770142 -0.052681
v -0.191055 0.757874 -0.052715
v -0.101830 0.040924 -0.052780
v -0.088738 0.423340 -0.052856
v -0.244843 0.791870 -0.052864
v -0.018751 0.383423 -0.052890
v -0.281036 0.770935 -0.052948
v 0.096313 0.439178 -0.052956
v 0.004273 0.863526 -0.052956
v 0.157394 0.799011 -0.053020
v 0.287109 0.783936 -0.053040
v 0.157898 0.822754 -0.053139
v -0.021032 0.928467 -0.053150
v -0.070206 0.588867 -0.053184
v 0.287170 0.769531 -0.053204
v -0.035671 0.117432 -0.053238
v -0.107758 0.104919 -0.053245
v 0.097320 0.384857 -0.053291
v -0.235031 0.793518 -0.053326
v -0.111740 0.104736 -0.053329
v 0.197769 0.753662 -0.053471
v -0.155182 0.757507 -0.053497
v 0.090675 0.507263 -0.053543
v 0.104385 0.305664 -0.053558
v -0.120300 0.821655 -0.053627
v 0.193268 0.791992 -0.053688
v 0.046791 0.105591 -0.053742
v 0.219986 0.754822 -0.053780
v -0.168671 0.801026 -0.053867
v 0.086945 0.838989 -0.053909
v -0.016443 0.860169 -0.053921
v 0.293793 0.798523 -0.053959
v -0.260407 0.764282 -0.054035
v -0.187866 0.778809 -0.054081
v 0.032249 0.338898 -0.054280
v -0.186813 0.755188 -0.054295
v -0.008613 0.912110 -0.054321
v -0.093231 0.286530 -0.054340
v 0.182144 0.824768 -0.054375
v -0.009701 0.448059 -0.054409
v 0.003119 0.971253 -0.054512
v 0.112900 0.212067 -0.054691
v -0.110947 0.832459 -0.054714
v 0.083679 0.543823 -0.054760
v 0.002804 0.904785 -0.054852
v 0.113228 0.106049 -0.054863
v -0.142990 0.811829 -0.054878
v 0.038376 0.307373 -0.054886
v -0.025105 0.315643 -0.054889
v 0.152435 0.808533 -0.054897
v 0.080666 0.686463 -0.054935
v 0.035309 0.268768 -0.055218
v 0.151550 0.829102 -0.055225
v -0.108795 0.835755 -0.055317
v -0.211319 0.759399 -0.055443
v -0.279541 0.814453 -0.055523
v -0.140762 0.771179 -0.055557
v 0.015770 0.453735 -0.055576
v 0.124786 0.835938 -0.055626
v 0.042080 0.123749 -0.055676
v 0.073738 0.674500 -0.055717
v -0.082359 0.713684 -0.055717
v 0.170624 0.818787 -0.055786
v -0.174316 0.809326 -0.055859
v -0.000417 0.470276 -0.055870
v 0.091438 0.457275 -0.055889
v 0.097336 0.337585 -0.055901
v -0.145737 0.775635 -0.055916
v 0.269318 0.783997 -0.055969
v -0.232239 0.774109 -0.056023
v -0.072327 0.555908 -0.056072
v 0.112015 0.023285 -0.056114
v 0.113106 0.172974 -0.056137
v -0.108894 0.063843 -0.056213
v -0.231812 0.789673 -0.056259
v 0.113701 0.060699 -0.056317
v -0.104034 0.211517 -0.056335
v -0.211502 0.821289 -0.056389
v -0.042770 0.061798 -0.056415
v 0.057976 0.844055 -0.056427
v 0.107643 0.827149 -0.056450
v 0.207108 0.802185 -0.056484
v -0.194199 0.756592 -0.056541
v -0.033512 0.328308 -0.056690
v 0.209641 0.777100 -0.056805
v 0.110466 0.060394 -0.056812
v -0.046673 0.632690 -0.056881
v 0.109558 0.820313 -0.056934
v 0.083283 0.842224 -0.057014
v -0.280609 0.800659 -0.057041
v 0.025238 0.958069 -0.057255
v 0.201035 0.805969 -0.057289
v 0.065285 0.088745 -0.057293
v -0.045769 0.844299 -0.057323
v 0.094833 0.717407 -0.057331
v 0.111717 0.754456 -0.057331
v -0.206207 0.779358 -0.057331
v 0.202011 0.805786 -0.057331
v 0.175324 0.821045 -0.057449
v 0.067169 0.654602 -0.057465
v -0.263458 0.779724 -0.057480
v 0.105225 0.280517 -0.057530
v 0.277466 0.775391 -0.057594
v -0.040218 0.839844 -0.057697
v 0.247055 0.790466 -0.057816
v 0.052471 0.059662 -0.057865
v 0.068390 0.628479 -0.057892
v -0.214356 0.772827 -0.057949
v 0.066345 0.639282 -0.057957
v 0.156281 0.805542 -0.058014
v 0.031059 0.845215 -0.058022
v 0.028852 0.934632 -0.058044
v 0.016714 0.922547 -0.058075
v -0.019482 0.412659 -0.058124
v -0.077507 0.472259 -0.058151
v 0.123840 0.830383 -0.058186
v -0.041302 0.114685 -0.058292
v 0.148560 0.823547 -0.058395
v 0.269867 0.798401 -0.058456
v 0.210297 0.787415 -0.058624
v -0.125443 0.754822 -0.058666
v -0.046028 0.063019 -0.058700
v -0.051521 0.043365 -0.058769
v -0.187058 0.803101 -0.058777
v 0.265991 0.769409 -0.058784
v -0.010345 0.925171 -0.058792
v 0.115990 0.083923 -0.058949
v -0.069893 0.841492 -0.059071
v 0.219956 0.819763 -0.059074
v -0.054916 0.625671 -0.059093
v -0.196610 0.816223 -0.059162
v -0.055798 0.060791 -0.059223
v -0.038448 0.324707 -0.059326
v -0.115578 0.763489 -0.059364
v 0.279511 0.811279 -0.059364
v -0.064957 0.578430 -0.059406
v 0.200699 0.753479 -0.059406
v 0.265656 0.813110 -0.059479
v 0.115089 0.833618 -0.059498
v -0.003528 0.844361 -0.059582
v -0.211899 0.756714 -0.059723
v 0.120018 0.764343 -0.059757
v -0.133820 0.767761 -0.059776
v 0.081650 0.584045 -0.059795
v -0.187378 0.761231 -0.059830
v 0.007099 0.483063 -0.059875
v -0.030012 0.360290 -0.059917
v 0.142639 0.769043 -0.059967
v -0.067612 0.604187 -0.059971
v -0.013618 0.944886 -0.059994
v 0.112564 0.041107 -0.060017
v -0.203537 0.804505 -0.060020
v -0.234146 0.796326 -0.060150
v -0.096428 0.812988 -0.060211
v 0.083427 0.478088 -0.060257
v -0.203888 0.804810 -0.060276
v 0.104942 0.049377 -0.060280
v -0.084213 0.359344 -0.060360
v 0.147751 0.811951 -0.060390
v 0.125885 0.779358 -0.060402
v 0.222168 0.774719 -0.060417
v 0.050747 0.631287 -0.060432
v -0.261780 0.809143 -0.060463
v 0.221222 0.806702 -0.060482
v 0.037403 0.324035 -0.060574
v -0.103584 0.752869 -0.060650
v -0.190720 0.793213 -0.060677
v 0.218781 0.760742 -0.060703
v -0.109978 0.782349 -0.060776
v 0.079857 0.606262 -0.060791
v -0.096443 0.051758 -0.060875
v -0.166458 0.815491 -0.060890
v -0.131073 0.787415 -0.061005
v -0.060242 0.094879 -0.061016
v -0.091988 0.775330 -0.061039
v 0.102501 0.773010 -0.061054
v -0.150742 0.786804 -0.061142
v 0.101082 0.315430 -0.061161
v 0.111794 0.781250 -0.061218
v 0.156036 0.786194 -0.061230
v -0.066933 0.585815 -0.061275
v -0.187347 0.819763 -0.061295
v -0.149353 0.809570 -0.061348
v 0.056225 0.024811 -0.061360
v 0.209534 0.814209 -0.061417
v 0.190460 0.806397 -0.061436
v 0.253937 0.764221 -0.061512
v -0.245392 0.762512 -0.061543
v 0.209183 0.813599 -0.061562
v -0.226715 0.778198 -0.061714
v 0.134872 0.798157 -0.061714
v 0.233292 0.798767 -0.061848
v 0.196564 0.802063 -0.061852
v 0.154251 0.805237 -0.061901
v 0.221222 0.814087 -0.061905
v 0.037971 0.203003 -0.061943
v 0.027439 0.422150 -0.061981
v 0.054600 0.060760 -0.061993
v -0.032005 0.211914 -0.062011
v -0.093727 0.080536 -0.062023
v -0.002258 0.850830 -0.062061
v -0.081467 0.429260 -0.062118
v 0.193649 0.786865 -0.062119
v 0.233780 0.798706 -0.062157
v 0.084930 0.713928 -0.062164
v -0.055099 0.658020 -0.062172
v -0.088127 0.284088 -0.062202
v -0.249558 0.775024 -0.062264
v -0.114685 0.802246 -0.062264
v 0.240418 0.765869 -0.062286
v -0.074532 0.435089 -0.062301
v -0.104904 0.145630 -0.062385
v 0.118164 0.801087 -0.062393
v -0.188171 0.759583 -0.062431
v -0.228226 0.800659 -0.062500
v -0.247254 0.797547 -0.062538
v -0.047920 0.643372 -0.062546
v -0.101677 0.178955 -0.062584
v -0.050034 0.028229 -0.062629
v -0.040352 0.123077 -0.062629
v 0.071625 0.608643 -0.062691
v -0.091652 0.748657 -0.062706
v -0.228333 0.800903 -0.062729
v 0.043720 0.152466 -0.062767
v -0.094337 0.794617 -0.062782
v -0.139740 0.819763 -0.062782
v 0.103966 0.791748 -0.062843
v -0.059601 0.605042 -0.062858
v 0.009968 0.925904 -0.062935
v -0.263062 0.799622 -0.062996
v -0.189941 0.812561 -0.063057
v 0.063232 0.610474 -0.063103
v 0.041592 0.378296 -0.063141
v -0.213928 0.813110 -0.063141
v 0.079079 0.504944 -0.063179
v 0.175095 0.813233 -0.063187
v -0.255127 0.811523 -0.063210
v 0.111275 0.141510 -0.063225
v -0.102905 0.046966 -0.063263
v 0.021200 0.838562 -0.063324
v 0.089020 0.356628 -0.063339
v -0.039818 0.345703 -0.063369
v 0.105171 0.263763 -0.063393
v -0.254639 0.801392 -0.063461
v 0.066368 0.107910 -0.063469
v 0.077942 0.699158 -0.063591
v 0.259247 0.801331 -0.063614
v 0.258240 0.811951 -0.063622
v 0.110985 0.073944 -0.063629
v -0.146423 0.762451 -0.063644
v -0.228027 0.772827 -0.063652
v -0.198807 0.770142 -0.063698
v 0.066513 0.642395 -0.063721
v 0.084946 0.373840 -0.063774
v 0.137329 0.818298 -0.063789
v -0.130096 0.818359 -0.064041
v 0.058537 0.655212 -0.064102
v -0.077255 0.398773 -0.064117
v -0.109482 0.108307 -0.064132
v -0.216873 0.805908 -0.064179
v -0.029879 0.386444 -0.064209
v -0.242920 0.786804 -0.064301
v -0.071266 0.703003 -0.064354
v 0.141922 0.760620 -0.064369
v -0.054794 0.132141 -0.064392
v -0.244659 0.814636 -0.064415
v -0.105270 0.817932 -0.064491
v 0.127106 0.787598 -0.064552
v 0.121559 0.819519 -0.064583
v 0.249909 0.783081 -0.064613
v 0.047890 0.346466 -0.064621
v -0.088097 0.760376 -0.064629
v 0.099884 0.761414 -0.064651
v -0.107086 0.109772 -0.064781
v -0.113785 0.791199 -0.064781
v 0.113113 0.755005 -0.064865
v 0.051300 0.109528 -0.064904
v 0.086609 0.428833 -0.065018
v 0.207428 0.768066 -0.065048
v -0.065376 0.540833 -0.065094
v -0.233551 0.806763 -0.065132
v -0.098602 0.766480 -0.065163
v -0.169998 0.820435 -0.065208
v -0.053253 0.643738 -0.065269
v -0.136200 0.759216 -0.065308
v -0.105133 0.760986 -0.065323
v -0.038281 0.176727 -0.065368
v 0.217392 0.770996 -0.065376
v -0.052715 0.678101 -0.065414
v -0.073357 0.419922 -0.065422
v -0.192001 0.758545 -0.065598
v -0.030048 0.414185 -0.065628
v 0.266998 0.797241 -0.065643
v -0.033466 0.250580 -0.065696
v 0.086487 0.330994 -0.065888
v -0.043930 0.649231 -0.065887
v -0.030392 0.280792 -0.065895
v 0.058464 0.681702 -0.065918
v 0.067932 0.582275 -0.065933
v -0.107956 0.090607 -0.065941
v -0.060680 0.306000 -0.065941
v -0.076759 0.320099 -0.066040
v -0.081268 0.332672 -0.066078
v 0.001229 0.950928 -0.066132
v -0.258270 0.776734 -0.066147
v 0.235001 0.776794 -0.066170
v 0.008926 0.947571 -0.066170
v -0.268616 0.785217 -0.066177
v 0.116745 0.761963 -0.066437
v 0.260651 0.777161 -0.066483
v 0.150421 0.759155 -0.066498
v 0.194489 0.811523 -0.066513
v 0.268768 0.782654 -0.066536
v -0.099670 0.023468 -0.066604
v 0.066460 0.067108 -0.066651
v -0.064659 0.327545 -0.066658
v 0.083374 0.404999 -0.066658
v -0.102097 0.015930 -0.066726
v 0.233231 0.783569 -0.066727
v -0.026589 0.438782 -0.066764
v 0.089195 0.292938 -0.066773
v -0.020891 0.469055 -0.066818
v -0.064980 0.478577 -0.066826
v 0.050938 0.647400 -0.066826
v 0.006298 0.494690 -0.066856
v -0.073906 0.827881 -0.066856
v 0.039749 0.426178 -0.066918
v -0.057911 0.357452 -0.066948
v -0.045544 0.002624 -0.066955
v 0.241242 0.813782 -0.066978
v 0.020126 0.484222 -0.067001
v 0.107048 0.220398 -0.067078
v -0.043537 0.611450 -0.067154
v -0.196121 0.808594 -0.067177
v 0.089722 0.730713 -0.067192
v 0.085327 0.827332 -0.067238
v 0.059292 0.044861 -0.067246
v 0.071770 0.492157 -0.067253
v -0.057442 0.301025 -0.067344
v -0.102081 0.060028 -0.067398
v 0.175812 0.766174 -0.067406
v -0.090233 0.097443 -0.067436
v -0.095718 0.218628 -0.067543
v -0.047600 0.140991 -0.067566
v -0.082458 0.747742 -0.067566
v -0.046280 0.060364 -0.067581
v 0.046974 0.830505 -0.067581
v 0.051239 0.071930 -0.067589
v -0.088448 0.256836 -0.067657
v 0.103828 0.750427 -0.067703
v 0.121132 0.824768 -0.067703
v -0.165039 0.813049 -0.067711
v 0.082413 0.347687 -0.067726
v 0.219513 0.761414 -0.067749
v -0.039749 0.393768 -0.067794
v 0.066223 0.458710 -0.067841
v 0.030067 0.456146 -0.067848
v -0.063377 0.699585 -0.067978
v 0.198761 0.814026 -0.067978
v 0.098732 0.101318 -0.068016
v -0.070099 0.731934 -0.068176
v -0.190750 0.786133 -0.068184
v -0.039383 0.279205 -0.068237
v -0.064514 0.091614 -0.068252
v -0.067848 0.396301 -0.068260
v 0.041721 0.411316 -0.068352
v -0.252045 0.793396 -0.068420
v -0.212738 0.776917 -0.068466
v 0.181030 0.816406 -0.068565
v 0.053146 0.004058 -0.068680
v 0.070816 0.367309 -0.068749
v 0.252106 0.790772 -0.068756
v 0.089340 0.313232 -0.068779
v 0.079132 0.424408 -0.068802
v 0.050770 0.678528 -0.068802
v -0.100197 -0.000000 -0.068893
v 0.100670 0.271393 -0.068901
v 0.076630 0.442413 -0.068939
v 0.054932 0.366516 -0.068955
v 0.052101 0.312744 -0.069031
v 0.197907 0.765137 -0.069046
v 0.198563 0.805969 -0.069138
v -0.053738 0.383758 -0.069160
v -0.104904 0.761658 -0.069199
v 0.106010 0.110718 -0.069222
v 0.078545 0.317932 -0.069290
v 0.097107 0.070465 -0.069298
v -0.042873 0.305054 -0.069297
v -0.053848 0.431854 -0.069305
v -0.033012 0.828064 -0.069328
v 0.066711 0.562805 -0.069435
v 0.043766 0.212036 -0.069481
v -0.045563 0.288208 -0.069488
v 0.198380 0.806641 -0.069534
v 0.051731 0.632446 -0.069557
v -0.047535 0.258759 -0.069564
v 0.069786 0.344177 -0.069565
v -0.191864 0.771301 -0.069603
v 0.208710 0.800598 -0.069664
v -0.162170 0.765991 -0.069740
v -0.048603 0.474884 -0.069763
v -0.040581 0.429413 -0.069946
v 0.060318 0.694702 -0.070045
v 0.069343 0.470825 -0.070107
v -0.132431 0.779541 -0.070129
v -0.090607 0.778748 -0.070137
v -0.055035 0.511414 -0.070343
v -0.094704 0.817200 -0.070358
v -0.137848 0.773804 -0.070442
v 0.073921 0.090515 -0.070511
v 0.174713 0.810913 -0.070549
v 0.216721 0.773560 -0.070648
v 0.112953 0.774475 -0.070648
v 0.105011 0.812561 -0.070648
v 0.051464 0.830322 -0.070656
v 0.101830 0.782593 -0.070671
v 0.199204 0.772522 -0.070694
v 0.060993 0.506897 -0.070763
v -0.060654 0.426208 -0.070800
v 0.174683 0.778931 -0.070831
v 0.049374 0.166443 -0.070877
v 0.045826 0.490021 -0.070892
v -0.006928 0.496979 -0.070961
v -0.050980 0.581055 -0.070984
v 0.130524 0.781067 -0.070999
v -0.055828 0.586060 -0.071045
v 0.120323 0.826233 -0.071190
v -0.188919 0.781372 -0.071228
v -0.180695 0.775147 -0.071281
v -0.094162 0.100555 -0.071357
v 0.103500 0.043457 -0.071388
v 0.077751 0.736511 -0.071396
v -0.034973 0.661194 -0.071411
v -0.043984 0.456665 -0.071457
v 0.115791 0.813538 -0.071480
v 0.054428 0.406769 -0.071503
v -0.037434 0.639710 -0.071556
v -0.099121 0.779358 -0.071571
v -0.109123 0.820374 -0.071617
v 0.068832 0.401794 -0.071648
v -0.148239 0.781983 -0.071663
v 0.062126 0.604004 -0.071671
v -0.164352 0.797363 -0.071777
v -0.066788 0.748352 -0.071869
v -0.190399 0.802979 -0.071884
v -0.073845 0.276367 -0.071891
v -0.005637 0.824219 -0.072105
v 0.043259 0.614197 -0.072182
v 0.063667 0.310181 -0.072235
v 0.074455 0.114349 -0.072342
v -0.062615 0.121094 -0.072349
v 0.038883 0.671143 -0.072357
v 0.079620 0.829041 -0.072357
v 0.165314 0.798767 -0.072365
v 0.050384 0.447357 -0.072479
v 0.078209 0.744995 -0.072479
v -0.188690 0.809387 -0.072693
v 0.218216 0.800659 -0.072708
v 0.197235 0.782959 -0.072769
v 0.044342 0.471039 -0.072815
v -0.052647 0.059631 -0.072860
v -0.210678 0.781372 -0.072861
v -0.069183 0.828003 -0.072861
v -0.080429 0.083374 -0.072906
v -0.080055 0.250244 -0.072960
v -0.141357 0.801575 -0.072998
v -0.138748 0.811157 -0.073013
v 0.110954 0.781738 -0.073059
v -0.041397 0.253326 -0.073112
v -0.189011 0.784729 -0.073128
v 0.054974 0.115387 -0.073151
v -0.062321 0.057709 -0.073181
v 0.015728 0.506164 -0.073189
v -0.038246 0.826477 -0.073288
v 0.208862 0.787476 -0.073311
v 0.179810 0.803040 -0.073311
v -0.210022 0.796326 -0.073387
v -0.165970 0.804382 -0.073425
v -0.093834 0.042145 -0.073463
v -0.223679 0.790344 -0.073555
v 0.117424 0.771118 -0.073586
v 0.201752 0.768189 -0.073593
v 0.193771 0.794312 -0.073601
v 0.081154 0.081238 -0.073632
v 0.080040 0.814636 -0.073730
v -0.027443 0.611755 -0.073799
v 0.123611 0.817932 -0.073898
v 0.059467 0.060425 -0.073921
v -0.044174 0.490295 -0.073921
v 0.219620 0.771912 -0.073936
v 0.070976 0.294464 -0.073944
v -0.028355 0.691589 -0.074043
v -0.213593 0.807556 -0.074043
v 0.143799 0.803650 -0.074051
v -0.050980 0.120422 -0.074081
v -0.079880 0.098511 -0.074112
v -0.049576 0.076202 -0.074119
v 0.143143 0.781067 -0.074142
v 0.153671 0.808350 -0.074165
v -0.101578 0.780640 -0.074173
v 0.085945 0.104401 -0.074211
v -0.107964 0.798157 -0.074211
v 0.042076 0.817566 -0.074326
v -0.107025 0.823303 -0.074448
v -0.210846 0.771484 -0.074463
v -0.103409 0.067139 -0.074470
v -0.049213 0.605469 -0.074486
v -0.190643 0.773132 -0.074631
v -0.055679 0.103912 -0.074699
v 0.086487 0.269714 -0.074723
v -0.050484 0.162415 -0.074760
v -0.040314 0.661743 -0.074791
v 0.050068 0.740723 -0.074844
v -0.086098 0.216522 -0.074897
v 0.197128 0.774963 -0.074959
v -0.031361 0.510803 -0.074966
v 0.193039 0.781799 -0.075043
v -0.181641 0.780762 -0.075157
v -0.138626 0.780335 -0.075211
v -0.063835 0.251740 -0.075256
v 0.055954 0.261841 -0.075287
v 0.040352 0.698059 -0.075287
v -0.099808 0.002685 -0.075317
v 0.220703 0.805969 -0.075401
v -0.043827 0.749573 -0.075447
v -0.091400 0.766113 -0.075546
v -0.091454 0.160370 -0.075561
v -0.179199 0.776245 -0.075615
v 0.107216 0.058716 -0.075638
v -0.113556 0.813049 -0.075638
v 0.107719 0.000061 -0.075661
v -0.106079 0.083710 -0.075714
v 0.149887 0.776612 -0.075798
v -0.102310 0.081360 -0.075828
v 0.105019 0.018219 -0.075859
v 0.097671 0.226532 -0.075928
v -0.052105 0.058685 -0.075958
v -0.066956 0.807984 -0.075966
v 0.091316 0.052032 -0.075989
v -0.081925 0.053436 -0.076011
v 0.162888 0.778259 -0.076027
v 0.122215 0.812988 -0.076035
v 0.100044 0.166077 -0.076111
v 0.002109 0.812622 -0.076141
v 0.048569 0.663391 -0.076180
v -0.033379 0.704956 -0.076218
v -0.104912 0.777039 -0.076218
v -0.046291 0.541199 -0.076225
v 0.032249 0.609741 -0.076294
v 0.112679 0.778565 -0.076386
v 0.032806 0.653748 -0.076637
v 0.072052 0.793884 -0.076775
v 0.041874 0.710693 -0.076790
v 0.197983 0.802918 -0.076797
v 0.101936 0.058807 -0.076935
v -0.061688 0.136383 -0.077041
v 0.056476 0.009186 -0.077179
v 0.199066 0.782959 -0.077187
v -0.186111 0.795166 -0.077301
v -0.094666 0.120056 -0.077308
v -0.069954 0.056946 -0.077499
v 0.101585 0.767883 -0.077507
v -0.090569 0.107269 -0.077621
v 0.058784 0.058777 -0.077660
v 0.218552 0.788513 -0.077698
v -0.212036 0.788696 -0.077721
v -0.024588 0.800842 -0.077759
v -0.095505 0.056152 -0.077827
v 0.048832 0.604980 -0.077843
v -0.022747 0.666626 -0.077858
v -0.008999 0.613037 -0.077904
v 0.079071 0.057648 -0.077935
v 0.005827 0.800171 -0.078011
v 0.077690 0.789429 -0.078026
v -0.099319 0.781922 -0.078033
v 0.065575 0.779785 -0.078041
v -0.035236 0.671814 -0.078087
v -0.058929 0.789795 -0.078125
v 0.061539 0.000183 -0.078194
v -0.095329 0.816528 -0.078194
v 0.043686 0.580017 -0.078300
v 0.071098 0.052277 -0.078308
v -0.076523 0.222443 -0.078361
v -0.009212 0.644226 -0.078392
v 0.105041 0.074860 -0.078423
v 0.048702 0.588318 -0.078583
v -0.071182 0.114563 -0.078590
v 0.060661 0.143158 -0.078591
v 0.083855 0.761658 -0.078621
v 0.050873 0.552673 -0.078674
v -0.112213 0.816284 -0.078728
v 0.033909 0.801087 -0.078751
v 0.046165 0.533203 -0.078758
v -0.059155 0.073425 -0.078765
v 0.066574 0.257477 -0.078774
v 0.056995 0.210480 -0.078797
v -0.067345 0.777710 -0.078835
v 0.108376 0.815369 -0.078865
v -0.033669 0.574463 -0.078872
v -0.054768 0.214630 -0.078926
v 0.099190 0.087707 -0.078980
v -0.059147 0.240753 -0.079063
v 0.005967 0.612793 -0.079124
v -0.046719 0.761231 -0.079132
v 0.041687 0.686401 -0.079140
v -0.056851 0.041443 -0.079147
v 0.079071 0.251404 -0.079155
v 0.042313 0.721436 -0.079277
v -0.010089 0.581360 -0.079315
v 0.120049 0.817139 -0.079323
v -0.036049 0.721069 -0.079491
v 0.043350 0.811218 -0.079536
v -0.094528 0.082550 -0.079597
v 0.087746 0.234009 -0.079605
v 0.110512 0.785767 -0.079605
v -0.165375 0.800537 -0.079620
v -0.059277 0.185913 -0.079734
v 0.005259 0.771668 -0.079819
v -0.133606 0.805969 -0.079872
v -0.101868 0.078583 -0.079925
v 0.075600 0.811646 -0.080063
v -0.069046 0.132935 -0.080192
v 0.004903 0.661987 -0.080276
v -0.009117 0.751526 -0.080315
v -0.082733 0.106384 -0.080360
v -0.028194 0.605164 -0.080368
v 0.146332 0.807373 -0.080368
v -0.062828 0.809998 -0.080544
v -0.014584 0.771607 -0.080559
v -0.061176 0.130524 -0.080589
v 0.007269 0.578674 -0.080612
v -0.027256 0.585388 -0.080620
v -0.081024 0.164276 -0.080627
v -0.055710 0.000274 -0.080780
v 0.033764 0.585999 -0.080811
v 0.034096 0.604065 -0.080856
v -0.069389 0.195709 -0.080947
v -0.057488 0.074921 -0.080986
v -0.030504 0.806397 -0.081001
v 0.007977 0.605957 -0.081009
v 0.039238 0.716370 -0.081169
v -0.029739 0.716919 -0.081177
v 0.050549 0.747009 -0.081177
v 0.093605 0.108063 -0.081185
v 0.180374 0.799378 -0.081291
v 0.068153 0.059112 -0.081322
v 0.017588 0.753296 -0.081329
v 0.056736 0.764160 -0.081383
v -0.067612 0.057373 -0.081390
v 0.013009 0.530090 -0.081436
v -0.035858 0.744019 -0.081436
v 0.024275 0.776245 -0.081444
v 0.092102 0.168396 -0.081497
v -0.024307 0.539978 -0.081573
v -0.035378 0.589111 -0.081680
v 0.095566 0.027161 -0.081711
v 0.063370 0.059906 -0.081726
v -0.184082 0.797852 -0.081726
v -0.007836 0.601929 -0.081734
v -0.086891 0.061798 -0.081810
v 0.072449 0.117157 -0.081993
v -0.072937 0.083557 -0.082145
v 0.067650 0.217285 -0.082161
v 0.075806 0.219269 -0.082581
v 0.044476 0.607483 -0.082779
v -0.066399 0.047546 -0.082809
v 0.067955 0.151733 -0.082955
v -0.073998 0.148956 -0.082962
v -0.081787 0.043213 -0.083099
v -0.084732 0.099670 -0.083175
v 0.081825 0.120361 -0.083283
v 0.068207 0.797364 -0.083305
v -0.009750 0.719239 -0.083473
v 0.018728 0.719116 -0.083481
v -0.088387 0.022522 -0.083488
v 0.086883 0.107422 -0.083969
v -0.093552 0.069885 -0.084037
v 0.011651 0.552551 -0.084152
v 0.066200 0.028961 -0.084221
v 0.004013 0.708130 -0.084251
v -0.084038 0.057709 -0.084297
v 0.084373 0.165649 -0.084297
v 0.031780 0.783753 -0.084358
v -0.054230 0.789002 -0.084419
v 0.005382 0.727906 -0.084427
v -0.070252 0.106201 -0.084487
v 0.052471 0.759644 -0.084511
v -0.020935 0.780090 -0.084557
v 0.080986 0.045685 -0.084709
v 0.039402 0.584290 -0.084755
v 0.089813 0.057892 -0.084870
v 0.022579 0.763855 -0.084999
v 0.020407 0.747681 -0.085030
v 0.060017 0.776550 -0.085030
v -0.012571 0.745300 -0.085144
v -0.038074 0.759338 -0.085152
v 0.093262 0.105225 -0.085182
v 0.078598 0.058746 -0.085221
v -0.013381 0.762634 -0.085243
v -0.055645 0.004699 -0.085250
v 0.045849 0.757080 -0.085258
v -0.070824 0.075928 -0.085525
v 0.005931 0.604492 -0.085983
v -0.006071 0.583252 -0.086594
v 0.033638 0.720276 -0.086784
v -0.005293 0.602600 -0.086990
v -0.088562 0.005767 -0.087036
v 0.091179 0.021210 -0.087113
v 0.074020 0.059509 -0.087120
v 0.092567 0.056488 -0.087158
v -0.022966 0.721009 -0.087288
v 0.080940 0.099091 -0.087441
v -0.065575 0.026398 -0.087814
v 0.087662 0.029846 -0.087822
v 0.022953 0.729797 -0.087860
v -0.011723 0.732178 -0.087906
v 0.096573 0.000396 -0.088005
v 0.023348 0.747559 -0.088852
v -0.080399 0.000244 -0.089477
v 0.036705 0.746399 -0.089981
v -0.027660 0.744690 -0.090790
v 0.076332 0.003235 -0.091782
v -0.074112 0.004944 -0.091873
v 0.036358 0.755249 -0.094559
v -0.027044 0.755005 -0.095222
vt 0.400879 0.895020
vt 0.402344 0.909424
vt 0.388184 0.900391
vt 0.391602 0.917969
vt 0.373779 0.895996
vt 0.379395 0.925293
vt 0.403320 0.883789
vt 0.420898 0.851562
vt 0.391113 0.936035
vt 0.415771 0.871826
vt 0.403076 0.915527
vt 0.414795 0.880371
vt 0.432373 0.878174
vt 0.438477 0.874756
vt 0.427246 0.853760
vt 0.421631 0.895020
vt 0.455811 0.862305
vt 0.439209 0.894775
vt 0.460205 0.887695
vt 0.466553 0.873047
vt 0.483887 0.899414
vt 0.456055 0.896973
vt 0.476807 0.906738
vt 0.489746 0.904541
vt 0.464355 0.919434
vt 0.475586 0.918213
vt 0.470703 0.933594
vt 0.448486 0.911621
vt 0.456299 0.929199
vt 0.468750 0.942871
vt 0.433350 0.909180
vt 0.457764 0.943359
vt 0.461670 0.950928
vt 0.450684 0.951660
vt 0.430908 0.936279
vt 0.446289 0.929443
vt 0.432861 0.917236
vt 0.422607 0.924561
vt 0.422852 0.913330
vt 0.412842 0.942139
vt 0.412109 0.929688
vt 0.410156 0.909180
vt 0.405029 0.936768
vt 0.376465 0.952637
vt 0.683594 0.696045
vt 0.689453 0.707764
vt 0.660889 0.710938
vt 0.705078 0.694580
vt 0.680420 0.684570
vt 0.686279 0.760498
vt 0.671387 0.771729
vt 0.679688 0.770508
vt 0.700684 0.763184
vt 0.702148 0.717041
vt 0.707031 0.711182
vt 0.724121 0.701904
vt 0.718262 0.684082
vt 0.715820 0.719971
vt 0.742676 0.698486
vt 0.751221 0.689941
vt 0.762939 0.709229
vt 0.771729 0.707031
vt 0.782227 0.701416
vt 0.782227 0.685791
vt 0.793213 0.700684
vt 0.798828 0.723633
vt 0.773682 0.726562
vt 0.779785 0.720947
vt 0.791016 0.731934
vt 0.800781 0.753418
vt 0.779785 0.740479
vt 0.790283 0.754395
vt 0.787109 0.773926
vt 0.764648 0.779297
vt 0.771240 0.756348
vt 0.759766 0.759521
vt 0.752197 0.768311
vt 0.736328 0.779541
vt 0.719971 0.772949
vt 0.718262 0.766602
vt 0.199219 0.236816
vt 0.202148 0.226807
vt 0.202393 0.239014
vt 0.203857 0.248291
vt 0.225586 0.228516
vt 0.241699 0.238281
vt 0.250977 0.250000
vt 0.242188 0.232422
vt 0.249023 0.241699
vt 0.242920 0.217773
vt 0.214844 0.213379
vt 0.238037 0.203857
vt 0.204346 0.257080
vt 0.247070 0.271240
vt 0.206543 0.265625
vt 0.201172 0.252197
vt 0.204102 0.260986
vt 0.163818 0.293701
vt 0.180420 0.258789
vt 0.174072 0.247803
vt 0.183594 0.225342
vt 0.198730 0.223633
vt 0.182617 0.204590
vt 0.141602 0.194092
vt 0.151123 0.179199
vt 0.165771 0.178467
vt 0.203369 0.208496
vt 0.200928 0.207275
vt 0.188965 0.195557
vt 0.205322 0.190430
vt 0.219971 0.197754
vt 0.237061 0.186279
vt 0.220215 0.188232
vt 0.231201 0.173340
vt 0.206543 0.183350
vt 0.220459 0.166504
vt 0.204346 0.184570
vt 0.207031 0.175781
vt 0.225830 0.155518
vt 0.189209 0.186279
vt 0.198975 0.171143
vt 0.208008 0.164795
vt 0.210938 0.152344
vt 0.195801 0.154785
vt 0.183594 0.161621
vt 0.175049 0.171143
vt 0.188965 0.148926
vt 0.181152 0.152344
vt 0.167480 0.163574
vt 0.159668 0.170898
vt 0.149658 0.168701
vt 0.158203 0.152832
vt 0.170166 0.147461
vt 0.183350 0.123047
vt 0.160889 0.135498
vt 0.163574 0.114502
vt 0.172363 0.107178
vt 0.193848 0.121094
vt 0.201660 0.147461
vt 0.213379 0.140381
vt 0.218994 0.143799
vt 0.223389 0.124512
vt 0.236328 0.131348
vt 0.241455 0.147949
vt 0.233398 0.120605
vt 0.230957 0.108887
vt 0.246338 0.112305
vt 0.241211 0.129395
vt 0.244873 0.142090
vt 0.257080 0.114746
vt 0.252686 0.132568
vt 0.518311 0.651611
vt 0.530029 0.638916
vt 0.564209 0.646973
vt 0.518799 0.625977
vt 0.495605 0.625488
vt 0.500244 0.609619
vt 0.483887 0.609619
vt 0.468506 0.614990
vt 0.470459 0.632080
vt 0.450684 0.614014
vt 0.501709 0.651367
vt 0.509521 0.669922
vt 0.518799 0.668945
vt 0.505615 0.659424
vt 0.502930 0.669434
vt 0.493164 0.671143
vt 0.492676 0.681152
vt 0.479248 0.688232
vt 0.489990 0.660156
vt 0.476807 0.677490
vt 0.464355 0.690430
vt 0.468262 0.704102
vt 0.456299 0.711670
vt 0.486084 0.654785
vt 0.470947 0.673096
vt 0.453125 0.636963
vt 0.433350 0.629883
vt 0.438477 0.645508
vt 0.470215 0.666748
vt 0.446289 0.668213
vt 0.430908 0.662842
vt 0.435791 0.686279
vt 0.450684 0.706787
vt 0.429688 0.700195
vt 0.442871 0.733887
vt 0.441162 0.716309
vt 0.906982 0.307617
vt 0.903076 0.277588
vt 0.919189 0.281494
vt 0.935059 0.292480
vt 0.930420 0.260498
vt 0.904541 0.257812
vt 0.935059 0.286377
vt 0.932617 0.244873
vt 0.949219 0.289307
vt 0.915527 0.237305
vt 0.940918 0.299316
vt 0.916260 0.230225
vt 0.904785 0.231201
vt 0.925537 0.231445
vt 0.950439 0.304443
vt 0.940674 0.305176
vt 0.933594 0.236084
vt 0.944824 0.228271
vt 0.960938 0.295898
vt 0.960693 0.306641
vt 0.975586 0.300537
vt 0.952148 0.279541
vt 0.956055 0.270996
vt 0.937744 0.281006
vt 0.940918 0.270508
vt 0.948975 0.249756
vt 0.957764 0.260254
vt 0.951172 0.236816
vt 0.959961 0.243896
vt 0.965088 0.229004
vt 0.968018 0.236572
vt 0.956055 0.225586
vt 0.957520 0.212402
vt 0.948975 0.211426
vt 0.965576 0.198242
vt 0.965820 0.218506
vt 0.976807 0.221191
vt 0.972168 0.208252
vt 0.975830 0.201904
vt 0.055908 0.736084
vt 0.055908 0.741455
vt 0.051025 0.741943
vt 0.060059 0.738525
vt 0.056152 0.729980
vt 0.087402 0.769043
vt 0.094727 0.792725
vt 0.075928 0.733398
vt 0.059326 0.726807
vt 0.051025 0.713379
vt 0.053467 0.710938
vt 0.047607 0.699463
vt 0.076660 0.704346
vt 0.075684 0.713135
vt 0.097656 0.691650
vt 0.093750 0.688232
vt 0.027832 0.671875
vt 0.028320 0.677979
vt 0.019287 0.672119
vt 0.037109 0.666748
vt 0.034180 0.679932
vt 0.037109 0.687744
vt 0.093750 0.973389
vt 0.082764 0.954346
vt 0.098633 0.962158
vt 0.056641 0.960938
vt 0.062012 0.951904
vt 0.063232 0.942383
vt 0.052979 0.947021
vt 0.051025 0.927734
vt 0.045166 0.957764
vt 0.041748 0.972900
vt 0.043701 0.941162
vt 0.038574 0.929199
vt 0.029785 0.946289
vt 0.030518 0.935547
vt 0.027344 0.924561
vt 0.021973 0.934814
vt 0.018311 0.945312
vt 0.023682 0.931396
vt 0.012451 0.929932
vt 0.931641 0.348389
vt 0.922119 0.355713
vt 0.933350 0.316895
vt 0.936523 0.328125
vt 0.946289 0.345703
vt 0.931152 0.350830
vt 0.917969 0.363281
vt 0.916016 0.348877
vt 0.928711 0.314453
vt 0.917480 0.322998
vt 0.906006 0.354736
vt 0.915039 0.361328
vt 0.908936 0.372070
vt 0.876221 0.351074
vt 0.866211 0.341309
vt 0.896729 0.363037
vt 0.885742 0.377197
vt 0.869141 0.360840
vt 0.898682 0.380127
vt 0.875488 0.379395
vt 0.891357 0.387207
vt 0.849365 0.363037
vt 0.900146 0.385254
vt 0.869141 0.381592
vt 0.846436 0.379883
vt 0.879639 0.387451
vt 0.859619 0.385010
vt 0.843750 0.387939
vt 0.850830 0.395264
vt 0.875488 0.399170
vt 0.884766 0.394531
vt 0.900146 0.405762
vt 0.905762 0.402832
vt 0.910400 0.429932
vt 0.920166 0.417236
vt 0.924805 0.412354
vt 0.919434 0.391357
vt 0.944092 0.425049
vt 0.923340 0.378174
vt 0.941895 0.393799
vt 0.831299 0.730225
vt 0.832275 0.725342
vt 0.849365 0.725830
vt 0.806885 0.746094
vt 0.821533 0.723389
vt 0.806885 0.719482
vt 0.805908 0.700928
vt 0.822266 0.704346
vt 0.846924 0.715820
vt 0.809570 0.696289
vt 0.797852 0.694092
vt 0.803223 0.676758
vt 0.815918 0.683105
vt 0.832764 0.704590
vt 0.787354 0.669922
vt 0.806885 0.668945
vt 0.817871 0.672119
vt 0.828857 0.682617
vt 0.837891 0.699951
vt 0.783203 0.656982
vt 0.808105 0.650635
vt 0.817627 0.649414
vt 0.852539 0.709717
vt 0.828369 0.653076
vt 0.840088 0.636963
vt 0.829590 0.671143
vt 0.840820 0.655518
vt 0.843750 0.652100
vt 0.847656 0.626465
vt 0.842285 0.664307
vt 0.841797 0.675293
vt 0.842041 0.683838
vt 0.844971 0.697510
vt 0.849121 0.683838
vt 0.858154 0.679932
vt 0.856445 0.655273
vt 0.870117 0.672119
vt 0.872314 0.686035
vt 0.866699 0.699463
vt 0.867432 0.649170
vt 0.876465 0.665039
vt 0.870361 0.626465
vt 0.879395 0.647949
vt 0.885498 0.639648
vt 0.864746 0.723877
vt 0.855713 0.739014
vt 0.873047 0.710938
vt 0.873047 0.701904
vt 0.878174 0.718994
vt 0.878662 0.727539
vt 0.882812 0.736328
vt 0.859619 0.751465
vt 0.884521 0.752441
vt 0.088379 0.389404
vt 0.076172 0.369873
vt 0.093750 0.371094
vt 0.073975 0.386719
vt 0.101074 0.360596
vt 0.107422 0.329102
vt 0.105469 0.386963
vt 0.095947 0.395996
vt 0.083984 0.410889
vt 0.111816 0.414062
vt 0.094971 0.419189
vt 0.118896 0.427002
vt 0.137207 0.422852
vt 0.112793 0.396484
vt 0.125244 0.401611
vt 0.145020 0.415771
vt 0.132324 0.389160
vt 0.121826 0.381836
vt 0.131104 0.378174
vt 0.137207 0.382324
vt 0.140137 0.366699
vt 0.144287 0.374023
vt 0.123047 0.366455
vt 0.136963 0.349365
vt 0.105713 0.362061
vt 0.115723 0.352539
vt 0.119385 0.344727
vt 0.114258 0.347412
vt 0.113525 0.333008
vt 0.123291 0.332275
vt 0.114014 0.316406
vt 0.298340 0.143555
vt 0.294434 0.152588
vt 0.285645 0.148926
vt 0.300781 0.150391
vt 0.290039 0.136963
vt 0.283691 0.140625
vt 0.278076 0.124023
vt 0.304932 0.135986
vt 0.303467 0.126221
vt 0.312988 0.139404
vt 0.329346 0.152344
vt 0.322754 0.129883
vt 0.318359 0.119141
vt 0.306396 0.101562
vt 0.321777 0.101074
vt 0.323486 0.122314
vt 0.344482 0.141602
vt 0.351074 0.153809
vt 0.362305 0.149658
vt 0.356689 0.135010
vt 0.369873 0.148193
vt 0.337646 0.126953
vt 0.337158 0.120605
vt 0.333252 0.116455
vt 0.351562 0.119629
vt 0.348145 0.111328
vt 0.333252 0.109375
vt 0.343506 0.102051
vt 0.333984 0.090820
vt 0.348877 0.101318
vt 0.350098 0.087646
vt 0.359131 0.083740
vt 0.357666 0.106689
vt 0.358398 0.095947
vt 0.368652 0.083008
vt 0.363037 0.108887
vt 0.369141 0.120850
vt 0.362549 0.128662
vt 0.378662 0.138184
vt 0.388672 0.132568
vt 0.371582 0.140869
vt 0.386230 0.143311
vt 0.381592 0.145264
vt 0.396240 0.142334
vt 0.399902 0.135254
vt 0.398926 0.150879
vt 0.400391 0.155273
vt 0.408691 0.150879
vt 0.042480 0.405273
vt 0.034668 0.452637
vt 0.032471 0.397705
vt 0.052002 0.392334
vt 0.056396 0.450928
vt 0.055176 0.457520
vt 0.059814 0.404297
vt 0.057617 0.393066
vt 0.069824 0.396240
vt 0.072754 0.402832
vt 0.067139 0.446045
vt 0.075195 0.447998
vt 0.093994 0.446045
vt 0.096191 0.451172
vt 0.115967 0.452881
vt 0.110107 0.465332
vt 0.071533 0.467773
vt 0.044678 0.476562
vt 0.083252 0.475098
vt 0.072021 0.488281
vt 0.964600 0.897705
vt 0.961182 0.870361
vt 0.973389 0.894287
vt 0.947754 0.873047
vt 0.973389 0.863525
vt 0.980225 0.894043
vt 0.980469 0.861816
vt 0.981445 0.842773
vt 0.960693 0.856201
vt 0.949463 0.858643
vt 0.930420 0.852783
vt 0.962402 0.849121
vt 0.971924 0.845947
vt 0.956543 0.847656
vt 0.949707 0.853760
vt 0.940918 0.844482
vt 0.932129 0.846436
vt 0.916504 0.847168
vt 0.922852 0.855225
vt 0.909668 0.848389
vt 0.907715 0.851074
vt 0.592041 0.536377
vt 0.576904 0.525146
vt 0.597168 0.527832
vt 0.617188 0.534912
vt 0.623291 0.546143
vt 0.593018 0.546875
vt 0.628174 0.559326
vt 0.590088 0.554688
vt 0.643066 0.550049
vt 0.666748 0.557129
vt 0.666504 0.544678
vt 0.667236 0.536865
vt 0.638184 0.565918
vt 0.669434 0.564697
vt 0.603271 0.567871
vt 0.580566 0.558350
vt 0.663818 0.570557
vt 0.600830 0.579834
vt 0.645752 0.571289
vt 0.669678 0.579590
vt 0.616699 0.574707
vt 0.630127 0.573975
vt 0.642334 0.583496
vt 0.670654 0.591553
vt 0.643555 0.596436
vt 0.661621 0.602295
vt 0.632812 0.586426
vt 0.624268 0.588379
vt 0.625000 0.596191
vt 0.608887 0.592041
vt 0.620850 0.603027
vt 0.644775 0.604980
vt 0.665039 0.616943
vt 0.611084 0.602539
vt 0.643799 0.613525
vt 0.619629 0.609131
vt 0.604248 0.605713
vt 0.598145 0.596191
vt 0.598877 0.618408
vt 0.625488 0.614014
vt 0.589844 0.592529
vt 0.580811 0.595215
vt 0.588867 0.602051
vt 0.590332 0.605957
vt 0.587646 0.621826
vt 0.593994 0.629150
vt 0.640381 0.622803
vt 0.659424 0.630127
vt 0.657715 0.634766
vt 0.615723 0.621582
vt 0.622070 0.629883
vt 0.634033 0.641113
vt 0.659912 0.648193
vt 0.600586 0.634766
vt 0.590332 0.640137
vt 0.630127 0.649658
vt 0.662354 0.656250
vt 0.600830 0.645508
vt 0.632568 0.661377
vt 0.117676 0.267334
vt 0.109375 0.274902
vt 0.109863 0.264404
vt 0.096191 0.291748
vt 0.124023 0.246094
vt 0.106934 0.242432
vt 0.100098 0.258789
vt 0.144775 0.256592
vt 0.157715 0.244629
vt 0.122070 0.231445
vt 0.166992 0.260986
vt 0.164551 0.228760
vt 0.154541 0.212646
vt 0.147461 0.268555
vt 0.129150 0.278564
vt 0.168457 0.267578
vt 0.131592 0.285889
vt 0.121582 0.218750
vt 0.124268 0.208740
vt 0.118164 0.191650
vt 0.114258 0.225342
vt 0.106689 0.225830
vt 0.112305 0.204834
vt 0.106689 0.218262
vt 0.095215 0.204590
vt 0.108887 0.199219
vt 0.102051 0.198730
vt 0.095459 0.194092
vt 0.094971 0.185303
vt 0.104736 0.187256
vt 0.116455 0.171875
vt 0.095947 0.170654
vt 0.706055 0.031006
vt 0.709229 0.055176
vt 0.661133 0.043945
vt 0.679443 0.111084
vt 0.715820 0.038574
vt 0.717285 0.028320
vt 0.745117 0.029297
vt 0.736328 0.045166
vt 0.759521 0.046387
vt 0.718750 0.050537
vt 0.742188 0.051270
vt 0.731934 0.066406
vt 0.717041 0.072998
vt 0.712891 0.083008
vt 0.753418 0.066406
vt 0.762695 0.065430
vt 0.745117 0.071289
vt 0.731689 0.085693
vt 0.716553 0.086182
vt 0.705811 0.100586
vt 0.699951 0.117676
vt 0.749756 0.087402
vt 0.732666 0.096191
vt 0.710938 0.103516
vt 0.727539 0.118408
vt 0.726562 0.127930
vt 0.750000 0.111572
vt 0.762451 0.090088
vt 0.775146 0.109375
vt 0.779297 0.087646
vt 0.091797 0.647461
vt 0.142090 0.652100
vt 0.124023 0.664795
vt 0.106445 0.633301
vt 0.086914 0.632568
vt 0.090820 0.656250
vt 0.108398 0.619385
vt 0.092285 0.664062
vt 0.130615 0.678223
vt 0.068359 0.675293
vt 0.104980 0.683105
vt 0.066406 0.683594
vt 0.041992 0.681152
vt 0.042725 0.675781
vt 0.064941 0.668213
vt 0.046143 0.667236
vt 0.055420 0.656494
vt 0.058838 0.650391
vt 0.035889 0.657715
vt 0.058594 0.643311
vt 0.062988 0.634033
vt 0.036377 0.634766
vt 0.044189 0.625244
vt 0.087158 0.626221
vt 0.051758 0.621826
vt 0.040283 0.612305
vt 0.067383 0.620605
vt 0.052979 0.610840
vt 0.035400 0.599854
vt 0.053467 0.594727
vt 0.041016 0.590088
vt 0.049072 0.583008
vt 0.065918 0.585449
vt 0.074463 0.593018
vt 0.063232 0.600830
vt 0.075195 0.612793
vt 0.077637 0.599854
vt 0.092285 0.595215
vt 0.097412 0.590576
vt 0.095947 0.600830
vt 0.086914 0.617920
vt 0.107666 0.600586
vt 0.112061 0.592041
vt 0.102051 0.617432
vt 0.106201 0.614990
vt 0.112305 0.608398
vt 0.116455 0.612549
vt 0.855469 0.345947
vt 0.855957 0.357422
vt 0.843506 0.347656
vt 0.850342 0.342529
vt 0.864258 0.331055
vt 0.846436 0.328613
vt 0.870605 0.321777
vt 0.832031 0.324951
vt 0.826172 0.330811
vt 0.820557 0.342285
vt 0.812500 0.335449
vt 0.832275 0.313965
vt 0.823486 0.317383
vt 0.809082 0.326416
vt 0.798584 0.326904
vt 0.804443 0.306396
vt 0.801758 0.323975
vt 0.789307 0.321289
vt 0.781006 0.326904
vt 0.791992 0.305664
vt 0.807129 0.296387
vt 0.834473 0.301025
vt 0.811035 0.286133
vt 0.801758 0.290039
vt 0.833740 0.285889
vt 0.850342 0.300537
vt 0.872559 0.310791
vt 0.798584 0.272461
vt 0.862305 0.293701
vt 0.903809 0.315674
vt 0.884277 0.291992
vt 0.858398 0.284180
vt 0.873779 0.275635
vt 0.831787 0.279053
vt 0.810791 0.260010
vt 0.837402 0.271484
vt 0.870361 0.269775
vt 0.903564 0.245361
vt 0.435059 0.162354
vt 0.453369 0.152832
vt 0.439453 0.166748
vt 0.432861 0.171875
vt 0.432861 0.186523
vt 0.421143 0.171387
vt 0.424072 0.155029
vt 0.419678 0.188477
vt 0.405029 0.174316
vt 0.409424 0.160156
vt 0.404785 0.182373
vt 0.398438 0.166016
vt 0.417480 0.199219
vt 0.424561 0.207764
vt 0.405518 0.195801
vt 0.400391 0.183838
vt 0.404541 0.213867
vt 0.415039 0.218262
vt 0.399658 0.210205
vt 0.399658 0.199707
vt 0.391113 0.182373
vt 0.390137 0.166748
vt 0.392334 0.210938
vt 0.391602 0.221924
vt 0.378418 0.218018
vt 0.380127 0.189697
vt 0.382568 0.178467
vt 0.378174 0.170898
vt 0.384766 0.157227
vt 0.375732 0.180420
vt 0.370117 0.214844
vt 0.385254 0.236084
vt 0.370117 0.190674
vt 0.372559 0.177490
vt 0.369629 0.164062
vt 0.361328 0.180664
vt 0.356445 0.167236
vt 0.360596 0.209229
vt 0.363281 0.233643
vt 0.354492 0.229492
vt 0.356689 0.189697
vt 0.346436 0.205078
vt 0.340576 0.229248
vt 0.352539 0.177490
vt 0.337646 0.199219
vt 0.341797 0.165283
vt 0.344971 0.158936
vt 0.338135 0.177246
vt 0.330078 0.203613
vt 0.332520 0.182861
vt 0.332520 0.158447
vt 0.323242 0.174072
vt 0.328125 0.233154
vt 0.320801 0.196289
vt 0.306396 0.170166
vt 0.320068 0.215088
vt 0.318115 0.238037
vt 0.309570 0.235596
vt 0.317627 0.205566
vt 0.308838 0.217041
vt 0.301758 0.226807
vt 0.308105 0.197998
vt 0.294189 0.202637
vt 0.295898 0.215332
vt 0.292969 0.227295
vt 0.300293 0.196045
vt 0.297363 0.169434
vt 0.287109 0.168945
vt 0.288574 0.217285
vt 0.283447 0.221924
vt 0.287598 0.208740
vt 0.286865 0.200439
vt 0.279297 0.212402
vt 0.268311 0.221191
vt 0.278809 0.201904
vt 0.293945 0.188965
vt 0.269775 0.211426
vt 0.255615 0.226074
vt 0.260498 0.212402
vt 0.273193 0.198486
vt 0.282715 0.190430
vt 0.275391 0.177490
vt 0.283447 0.178223
vt 0.282715 0.159668
vt 0.894043 0.867188
vt 0.892334 0.862061
vt 0.896484 0.864258
vt 0.890869 0.875732
vt 0.880371 0.871582
vt 0.880371 0.882812
vt 0.878662 0.866455
vt 0.899170 0.858398
vt 0.900146 0.869629
vt 0.888672 0.852783
vt 0.879150 0.855957
vt 0.898682 0.835205
vt 0.887695 0.845215
vt 0.876709 0.852295
vt 0.877441 0.846680
vt 0.869141 0.839844
vt 0.890625 0.838135
vt 0.877686 0.827148
vt 0.865479 0.830566
vt 0.866211 0.822998
vt 0.893555 0.827393
vt 0.877441 0.814453
vt 0.876221 0.807373
vt 0.852051 0.826416
vt 0.895996 0.824219
vt 0.863525 0.797852
vt 0.839844 0.794434
vt 0.886963 0.798584
vt 0.909912 0.819824
vt 0.903809 0.813721
vt 0.876953 0.792725
vt 0.858887 0.790283
vt 0.868896 0.771484
vt 0.853271 0.777344
vt 0.849609 0.769531
vt 0.868652 0.764160
vt 0.887207 0.786865
vt 0.881348 0.773682
vt 0.885498 0.757324
vt 0.903564 0.797119
vt 0.902344 0.785400
vt 0.891113 0.766846
vt 0.900635 0.755859
vt 0.904053 0.762695
vt 0.920654 0.755127
vt 0.914062 0.782471
vt 0.925049 0.764404
vt 0.939209 0.740479
vt 0.932373 0.773438
vt 0.945068 0.757568
vt 0.938721 0.789551
vt 0.918457 0.794922
vt 0.910400 0.809326
vt 0.926025 0.802246
vt 0.950928 0.797363
vt 0.951172 0.803955
vt 0.929443 0.817139
vt 0.946289 0.814453
vt 0.950928 0.825684
vt 0.934814 0.829834
vt 0.951172 0.832275
vt 0.923828 0.841064
vt 0.924561 0.828125
vt 0.916260 0.834961
vt 0.910400 0.841064
vt 0.912598 0.833496
vt 0.080566 0.841064
vt 0.078369 0.833252
vt 0.099854 0.847412
vt 0.095703 0.840332
vt 0.070068 0.841309
vt 0.097656 0.832275
vt 0.065918 0.836426
vt 0.083740 0.823975
vt 0.109863 0.825195
vt 0.080811 0.822998
vt 0.094727 0.816650
vt 0.108643 0.812744
vt 0.090332 0.811279
vt 0.099854 0.807861
vt 0.116943 0.803711
vt 0.094971 0.800293
vt 0.085205 0.802002
vt 0.081055 0.791504
vt 0.078369 0.818359
vt 0.072266 0.822998
vt 0.059326 0.810547
vt 0.069824 0.790039
vt 0.072998 0.780762
vt 0.069824 0.799072
vt 0.065186 0.827637
vt 0.056396 0.774414
vt 0.061523 0.767090
vt 0.050781 0.772705
vt 0.057373 0.786621
vt 0.036621 0.781494
vt 0.054688 0.796631
vt 0.041260 0.796143
vt 0.042236 0.810059
vt 0.026855 0.786377
vt 0.035889 0.816406
vt 0.024170 0.811523
vt 0.060059 0.834961
vt 0.033203 0.825928
vt 0.058594 0.841553
vt 0.061279 0.847412
vt 0.048584 0.838867
vt 0.037354 0.838623
vt 0.017090 0.835449
vt 0.021484 0.845215
vt 0.041504 0.849365
vt 0.019287 0.854736
vt 0.051514 0.849121
vt 0.051758 0.856445
vt 0.052979 0.866455
vt 0.310303 0.994873
vt 0.333496 0.991455
vt 0.333984 0.997803
vt 0.328125 0.984131
vt 0.332764 0.978027
vt 0.314209 0.976318
vt 0.319824 0.970215
vt 0.310547 0.970947
vt 0.975586 0.660156
vt 0.968994 0.662354
vt 0.970703 0.647949
vt 0.964111 0.669189
vt 0.966064 0.650879
vt 0.962891 0.664307
vt 0.977051 0.648682
vt 0.992676 0.660156
vt 0.991699 0.649170
vt 0.607422 0.516357
vt 0.588135 0.517090
vt 0.584717 0.508057
vt 0.614746 0.510986
vt 0.593018 0.500000
vt 0.628174 0.525146
vt 0.635498 0.516602
vt 0.645020 0.527100
vt 0.662598 0.523438
vt 0.669922 0.522705
vt 0.670898 0.511963
vt 0.654785 0.511230
vt 0.673584 0.505371
vt 0.649902 0.505615
vt 0.650879 0.498779
vt 0.613770 0.503418
vt 0.606934 0.491211
vt 0.588379 0.488281
vt 0.625977 0.493896
vt 0.646484 0.490723
vt 0.668457 0.466797
vt 0.617188 0.481934
vt 0.586426 0.482178
vt 0.612793 0.473145
vt 0.189941 0.723633
vt 0.188721 0.704590
vt 0.197021 0.724121
vt 0.182373 0.716553
vt 0.196045 0.757812
vt 0.174805 0.707520
vt 0.160889 0.713135
vt 0.181641 0.732178
vt 0.176270 0.724854
vt 0.165039 0.728271
vt 0.150879 0.737305
vt 0.153809 0.750244
vt 0.167480 0.754150
vt 0.187500 0.752686
vt 0.168457 0.767334
vt 0.158691 0.765381
vt 0.144043 0.761230
vt 0.143311 0.766113
vt 0.177246 0.769775
vt 0.165771 0.770752
vt 0.145264 0.773438
vt 0.133301 0.777588
vt 0.154053 0.777588
vt 0.138916 0.783203
vt 0.125488 0.784180
vt 0.136475 0.790039
vt 0.127441 0.796387
vt 0.133789 0.798340
vt 0.155518 0.785156
vt 0.150635 0.793701
vt 0.167236 0.789551
vt 0.163574 0.798340
vt 0.177246 0.780762
vt 0.177490 0.799072
vt 0.186523 0.793701
vt 0.188721 0.770020
vt 0.197754 0.786377
vt 0.189697 0.799072
vt 0.204590 0.783691
vt 0.206543 0.799561
vt 0.205811 0.761230
vt 0.205811 0.730225
vt 0.205811 0.714600
vt 0.215332 0.729492
vt 0.222900 0.714844
vt 0.210205 0.746582
vt 0.228760 0.740723
vt 0.225098 0.723877
vt 0.233398 0.719238
vt 0.236572 0.738525
vt 0.243896 0.718750
vt 0.216797 0.761230
vt 0.215576 0.774902
vt 0.216309 0.784668
vt 0.220947 0.798096
vt 0.224365 0.783936
vt 0.229736 0.797607
vt 0.233154 0.791504
vt 0.220459 0.772217
vt 0.234619 0.780518
vt 0.225830 0.755127
vt 0.230957 0.752441
vt 0.231689 0.763428
vt 0.236328 0.773926
vt 0.246582 0.766357
vt 0.245117 0.741699
vt 0.253906 0.726318
vt 0.251709 0.744873
vt 0.259521 0.751709
vt 0.252686 0.753662
vt 0.255859 0.772705
vt 0.248535 0.781250
vt 0.262695 0.788330
vt 0.270508 0.787354
vt 0.273193 0.794678
vt 0.267090 0.799072
vt 0.248291 0.791992
vt 0.241455 0.797607
vt 0.606689 0.194824
vt 0.624268 0.183350
vt 0.629883 0.192871
vt 0.597412 0.182617
vt 0.623291 0.174316
vt 0.608887 0.203125
vt 0.638672 0.203125
vt 0.583252 0.193359
vt 0.579834 0.183838
vt 0.566406 0.192383
vt 0.578125 0.202881
vt 0.565186 0.198975
vt 0.566162 0.186035
vt 0.560303 0.192871
vt 0.619141 0.218018
vt 0.645020 0.216797
vt 0.590332 0.220703
vt 0.624023 0.231934
vt 0.644531 0.228271
vt 0.596924 0.224854
vt 0.614990 0.236084
vt 0.627930 0.239014
vt 0.638428 0.238770
vt 0.664307 0.229004
vt 0.614502 0.246338
vt 0.663330 0.241943
vt 0.659912 0.250732
vt 0.638184 0.251709
vt 0.630859 0.258789
vt 0.616211 0.257080
vt 0.610107 0.253418
vt 0.610107 0.258545
vt 0.605713 0.244141
vt 0.601562 0.252197
vt 0.592285 0.259277
vt 0.580322 0.254639
vt 0.601074 0.236328
vt 0.594727 0.246582
vt 0.585449 0.250977
vt 0.580566 0.240967
vt 0.575439 0.249268
vt 0.576416 0.260254
vt 0.568848 0.255859
vt 0.565430 0.247559
vt 0.574707 0.222900
vt 0.563232 0.225342
vt 0.558594 0.243408
vt 0.549561 0.209717
vt 0.558838 0.248047
vt 0.559082 0.259521
vt 0.544678 0.219238
vt 0.540771 0.237549
vt 0.555664 0.254150
vt 0.548340 0.269775
vt 0.537354 0.248535
vt 0.534912 0.271729
vt 0.541260 0.228516
vt 0.525391 0.234375
vt 0.530518 0.224365
vt 0.526611 0.263672
vt 0.525391 0.270264
vt 0.525635 0.283447
vt 0.521240 0.246582
vt 0.517334 0.262695
vt 0.512451 0.275391
vt 0.514160 0.295898
vt 0.508301 0.252930
vt 0.504639 0.234375
vt 0.504395 0.223145
vt 0.484131 0.219727
vt 0.514404 0.217773
vt 0.490967 0.201904
vt 0.491943 0.242920
vt 0.482422 0.237793
vt 0.518066 0.211670
vt 0.496094 0.193359
vt 0.524414 0.206055
vt 0.515381 0.190918
vt 0.536621 0.200439
vt 0.547119 0.197510
vt 0.531494 0.188232
vt 0.513916 0.178955
vt 0.532227 0.180908
vt 0.515381 0.169922
vt 0.548828 0.187256
vt 0.546387 0.175049
vt 0.531250 0.174805
vt 0.520508 0.162842
vt 0.532959 0.168701
vt 0.903564 0.514404
vt 0.898682 0.520264
vt 0.897949 0.505615
vt 0.914551 0.521240
vt 0.905029 0.497314
vt 0.924072 0.513672
vt 0.928223 0.523193
vt 0.922852 0.500732
vt 0.906738 0.491455
vt 0.940186 0.512451
vt 0.919434 0.492676
vt 0.926270 0.505371
vt 0.921631 0.481201
vt 0.899170 0.478271
vt 0.925537 0.488037
vt 0.929688 0.491455
vt 0.952637 0.500244
vt 0.920410 0.469727
vt 0.895508 0.462891
vt 0.928711 0.480713
vt 0.925293 0.459961
vt 0.915527 0.456543
vt 0.942383 0.473633
vt 0.952393 0.488770
vt 0.969238 0.473145
vt 0.967529 0.466309
vt 0.966309 0.508301
vt 0.956543 0.462158
vt 0.959717 0.512695
vt 0.956543 0.446533
vt 0.965576 0.443604
vt 0.936768 0.446777
vt 0.919678 0.447998
vt 0.902100 0.434570
vt 0.950684 0.510010
vt 0.946533 0.526367
vt 0.946289 0.540283
vt 0.961182 0.535400
vt 0.967773 0.522949
vt 0.960205 0.544678
vt 0.966553 0.548340
vt 0.492432 0.254395
vt 0.475830 0.252441
vt 0.508057 0.262207
vt 0.498047 0.268799
vt 0.485596 0.268799
vt 0.477051 0.277588
vt 0.463867 0.258057
vt 0.489746 0.280029
vt 0.483398 0.291260
vt 0.501709 0.281006
vt 0.499023 0.292236
vt 0.492432 0.300537
vt 0.508301 0.304688
vt 0.386230 0.403564
vt 0.427979 0.384766
vt 0.431885 0.399414
vt 0.437500 0.408203
vt 0.429688 0.414795
vt 0.390869 0.419189
vt 0.405029 0.424805
vt 0.436523 0.429443
vt 0.402100 0.450928
vt 0.418945 0.451904
vt 0.418701 0.482666
vt 0.382324 0.448242
vt 0.388428 0.474121
vt 0.370361 0.419678
vt 0.363525 0.445068
vt 0.361572 0.457275
vt 0.356934 0.454346
vt 0.341309 0.445557
vt 0.335938 0.442383
vt 0.329346 0.452637
vt 0.341309 0.441650
vt 0.338379 0.423096
vt 0.363037 0.426758
vt 0.345947 0.424316
vt 0.346436 0.416992
vt 0.338623 0.413086
vt 0.363281 0.421875
vt 0.348633 0.412598
vt 0.344238 0.397949
vt 0.327393 0.401123
vt 0.334961 0.386963
vt 0.363281 0.414551
vt 0.351318 0.402344
vt 0.348389 0.392578
vt 0.371582 0.399170
vt 0.348633 0.380371
vt 0.339355 0.369629
vt 0.369385 0.388672
vt 0.352783 0.387695
vt 0.375000 0.383545
vt 0.348145 0.363770
vt 0.400635 0.386475
vt 0.392090 0.382080
vt 0.431152 0.376709
vt 0.443604 0.386719
vt 0.412598 0.375244
vt 0.405029 0.373291
vt 0.418213 0.366455
vt 0.397705 0.361816
vt 0.430176 0.360840
vt 0.449219 0.367188
vt 0.417236 0.349365
vt 0.400635 0.348877
vt 0.390869 0.343262
vt 0.395264 0.332031
vt 0.427734 0.340576
vt 0.408447 0.321289
vt 0.382324 0.331543
vt 0.438721 0.340820
vt 0.439941 0.354736
vt 0.426758 0.319580
vt 0.441406 0.324707
vt 0.448975 0.328369
vt 0.437988 0.311523
vt 0.446777 0.305908
vt 0.408203 0.306152
vt 0.427002 0.286621
vt 0.441406 0.284668
vt 0.395752 0.301270
vt 0.406738 0.290039
vt 0.435791 0.261719
vt 0.445801 0.273682
vt 0.415039 0.267090
vt 0.439453 0.250000
vt 0.447754 0.258057
vt 0.429199 0.257568
vt 0.413574 0.255127
vt 0.390869 0.284668
vt 0.390137 0.256348
vt 0.408203 0.249268
vt 0.391113 0.239258
vt 0.382324 0.258789
vt 0.383789 0.271484
vt 0.376709 0.278564
vt 0.376465 0.288574
vt 0.377930 0.298340
vt 0.371826 0.274414
vt 0.379639 0.321533
vt 0.373779 0.268066
vt 0.359375 0.280518
vt 0.356201 0.271729
vt 0.365479 0.294434
vt 0.353027 0.281250
vt 0.357666 0.264160
vt 0.373047 0.310303
vt 0.373779 0.239258
vt 0.375488 0.234375
vt 0.372559 0.254883
vt 0.364502 0.245605
vt 0.355225 0.253662
vt 0.343994 0.236328
vt 0.351074 0.260986
vt 0.337402 0.236572
vt 0.346191 0.261963
vt 0.334229 0.243164
vt 0.340576 0.261475
vt 0.343750 0.275391
vt 0.340088 0.283203
vt 0.352783 0.295898
vt 0.350586 0.307861
vt 0.357910 0.308838
vt 0.343994 0.324463
vt 0.337158 0.314453
vt 0.359863 0.320068
vt 0.352295 0.325684
vt 0.370850 0.325439
vt 0.372314 0.333496
vt 0.353760 0.335449
vt 0.343750 0.350830
vt 0.336182 0.347656
vt 0.373047 0.338135
vt 0.354980 0.354248
vt 0.375977 0.355469
vt 0.355469 0.360107
vt 0.372559 0.360352
vt 0.376221 0.369873
vt 0.366699 0.367188
vt 0.356445 0.372314
vt 0.546631 0.459229
vt 0.550049 0.477295
vt 0.541992 0.477295
vt 0.536621 0.489746
vt 0.536377 0.465820
vt 0.553223 0.458740
vt 0.551514 0.482666
vt 0.557129 0.477295
vt 0.559814 0.460449
vt 0.556641 0.495117
vt 0.557129 0.440430
vt 0.564453 0.442139
vt 0.552002 0.443604
vt 0.533447 0.504395
vt 0.543457 0.512451
vt 0.566162 0.501953
vt 0.570801 0.511475
vt 0.546631 0.414795
vt 0.554199 0.411377
vt 0.537598 0.400391
vt 0.542725 0.532227
vt 0.572510 0.529053
vt 0.554932 0.542236
vt 0.515137 0.514160
vt 0.505371 0.540527
vt 0.521729 0.504639
vt 0.491943 0.520508
vt 0.502441 0.512939
vt 0.511230 0.499512
vt 0.503174 0.551758
vt 0.489746 0.545166
vt 0.494873 0.534424
vt 0.486328 0.535645
vt 0.490479 0.556396
vt 0.480225 0.544434
vt 0.476562 0.544434
vt 0.476318 0.534424
vt 0.489014 0.525391
vt 0.484131 0.519287
vt 0.468262 0.526123
vt 0.469971 0.519287
vt 0.490234 0.516602
vt 0.466553 0.500977
vt 0.461182 0.500000
vt 0.463135 0.487793
vt 0.454102 0.506104
vt 0.495850 0.499268
vt 0.475342 0.485840
vt 0.486572 0.488525
vt 0.504639 0.494385
vt 0.493896 0.480225
vt 0.470947 0.478271
vt 0.447754 0.486328
vt 0.443359 0.480713
vt 0.447510 0.468506
vt 0.505859 0.483154
vt 0.525391 0.487305
vt 0.521484 0.479980
vt 0.488770 0.473389
vt 0.511475 0.466309
vt 0.469727 0.470703
vt 0.448730 0.456787
vt 0.432373 0.469238
vt 0.467041 0.454102
vt 0.445312 0.445312
vt 0.482666 0.457275
vt 0.503174 0.454102
vt 0.449951 0.435547
vt 0.472168 0.443848
vt 0.520264 0.446533
vt 0.532227 0.446777
vt 0.539062 0.441895
vt 0.531494 0.430664
vt 0.516602 0.428223
vt 0.544678 0.445312
vt 0.538818 0.421387
vt 0.542725 0.418701
vt 0.536621 0.416016
vt 0.527832 0.417969
vt 0.534424 0.407227
vt 0.511475 0.415771
vt 0.521729 0.410400
vt 0.525879 0.402100
vt 0.519775 0.399414
vt 0.527588 0.396484
vt 0.512451 0.393799
vt 0.522217 0.388428
vt 0.535645 0.380127
vt 0.552979 0.396729
vt 0.541016 0.375488
vt 0.537109 0.370361
vt 0.548584 0.369385
vt 0.515869 0.375977
vt 0.497559 0.381836
vt 0.503906 0.366455
vt 0.479492 0.374023
vt 0.491699 0.384766
vt 0.475098 0.376465
vt 0.489746 0.388916
vt 0.466553 0.381104
vt 0.458496 0.375732
vt 0.455078 0.387939
vt 0.465088 0.369873
vt 0.454590 0.370361
vt 0.456299 0.362061
vt 0.490234 0.364258
vt 0.461670 0.357422
vt 0.446777 0.357666
vt 0.454590 0.353271
vt 0.458008 0.332275
vt 0.448975 0.339355
vt 0.486572 0.354492
vt 0.462646 0.338623
vt 0.459473 0.317871
vt 0.472412 0.328857
vt 0.471191 0.343262
vt 0.484619 0.338867
vt 0.485596 0.323486
vt 0.489258 0.340820
vt 0.491455 0.311035
vt 0.496094 0.331299
vt 0.492920 0.354492
vt 0.501465 0.358398
vt 0.506104 0.333496
vt 0.501221 0.325439
vt 0.507080 0.361328
vt 0.510986 0.336426
vt 0.512939 0.361572
vt 0.531250 0.338379
vt 0.540527 0.363037
vt 0.541748 0.347412
vt 0.552490 0.326904
vt 0.550049 0.351074
vt 0.555908 0.349854
vt 0.564209 0.333008
vt 0.500000 0.438477
vt 0.476074 0.427246
vt 0.494873 0.423828
vt 0.457520 0.421631
vt 0.446533 0.423584
vt 0.452148 0.389893
vt 0.497803 0.404785
vt 0.479492 0.412354
vt 0.468750 0.403076
vt 0.468994 0.387695
vt 0.459717 0.388916
vt 0.836914 0.831543
vt 0.839844 0.824951
vt 0.857178 0.838135
vt 0.825195 0.813477
vt 0.841064 0.809082
vt 0.827637 0.833496
vt 0.852295 0.846436
vt 0.829102 0.794434
vt 0.820801 0.807861
vt 0.797852 0.793945
vt 0.819824 0.777588
vt 0.836670 0.774170
vt 0.825195 0.767822
vt 0.803955 0.814941
vt 0.766113 0.807861
vt 0.802490 0.822266
vt 0.791748 0.835449
vt 0.813232 0.854248
vt 0.795166 0.861572
vt 0.788330 0.860107
vt 0.785400 0.842041
vt 0.781006 0.852539
vt 0.778809 0.827881
vt 0.771484 0.840820
vt 0.780029 0.859131
vt 0.774170 0.822021
vt 0.764893 0.837158
vt 0.759766 0.848389
vt 0.747803 0.848145
vt 0.743408 0.817871
vt 0.739502 0.838623
vt 0.746826 0.804443
vt 0.737061 0.808105
vt 0.730957 0.802734
vt 0.733643 0.816895
vt 0.737305 0.822021
vt 0.731934 0.817383
vt 0.733887 0.840088
vt 0.729980 0.851807
vt 0.722656 0.834229
vt 0.299561 0.091797
vt 0.297119 0.111816
vt 0.287109 0.079834
vt 0.640137 0.260742
vt 0.648193 0.282471
vt 0.633545 0.284180
vt 0.662598 0.288086
vt 0.649902 0.298340
vt 0.631592 0.301025
vt 0.606934 0.295898
vt 0.616455 0.263184
vt 0.637207 0.316895
vt 0.674805 0.308594
vt 0.656738 0.328857
vt 0.597900 0.280029
vt 0.604980 0.310547
vt 0.643799 0.334229
vt 0.666016 0.338135
vt 0.592285 0.276855
vt 0.592773 0.270264
vt 0.577148 0.283691
vt 0.596680 0.292236
vt 0.575439 0.280273
vt 0.569580 0.274414
vt 0.567871 0.287598
vt 0.594971 0.298584
vt 0.580322 0.297119
vt 0.572510 0.299561
vt 0.556641 0.310791
vt 0.583984 0.311279
vt 0.575439 0.312500
vt 0.568359 0.325928
vt 0.584229 0.321777
vt 0.600830 0.313965
vt 0.603516 0.323242
vt 0.610596 0.322998
vt 0.588379 0.326904
vt 0.581787 0.340332
vt 0.572266 0.343018
vt 0.602783 0.329590
vt 0.591309 0.341064
vt 0.610840 0.341064
vt 0.627686 0.326416
vt 0.588867 0.344238
vt 0.642578 0.338623
vt 0.606201 0.344727
vt 0.614502 0.353516
vt 0.658203 0.364990
vt 0.589355 0.351807
vt 0.606445 0.352295
vt 0.607910 0.356445
vt 0.609131 0.369629
vt 0.582275 0.354980
vt 0.592773 0.355957
vt 0.575928 0.361572
vt 0.590088 0.375244
vt 0.580078 0.385498
vt 0.572021 0.362061
vt 0.572998 0.384521
vt 0.602539 0.384277
vt 0.587646 0.388916
vt 0.583984 0.396729
vt 0.574951 0.389893
vt 0.607178 0.388916
vt 0.611572 0.385010
vt 0.588623 0.395020
vt 0.631836 0.370850
vt 0.644531 0.391846
vt 0.610840 0.397705
vt 0.604248 0.396973
vt 0.590820 0.399170
vt 0.654053 0.373047
vt 0.639404 0.409668
vt 0.609375 0.410889
vt 0.603271 0.409424
vt 0.588623 0.412109
vt 0.603516 0.424805
vt 0.582031 0.423584
vt 0.571289 0.413330
vt 0.578613 0.429932
vt 0.585205 0.427979
vt 0.613525 0.431152
vt 0.604004 0.432617
vt 0.581787 0.435303
vt 0.583496 0.435791
vt 0.607666 0.437988
vt 0.620605 0.430176
vt 0.576904 0.446045
vt 0.571777 0.442383
vt 0.566650 0.462158
vt 0.587402 0.440674
vt 0.582031 0.450439
vt 0.563477 0.469238
vt 0.605225 0.442139
vt 0.598145 0.447021
vt 0.585693 0.458008
vt 0.608398 0.458252
vt 0.601318 0.470459
vt 0.610352 0.450439
vt 0.617188 0.445068
vt 0.613037 0.468506
vt 0.630859 0.439209
vt 0.634521 0.459473
vt 0.634521 0.425049
vt 0.647461 0.439941
vt 0.639648 0.463135
vt 0.666748 0.454590
vt 0.656982 0.427979
vt 0.668457 0.439453
vt 0.674316 0.427979
vt 0.669922 0.412598
vt 0.650879 0.405762
vt 0.666260 0.394775
vt 0.651123 0.395508
vt 0.659668 0.383789
vt 0.659912 0.370361
vt 0.672607 0.373535
vt 0.658203 0.352295
vt 0.672852 0.350586
vt 0.918457 0.439209
vt 0.923096 0.429443
vt 0.943115 0.438477
vt 0.197021 0.661133
vt 0.200195 0.634766
vt 0.209229 0.653564
vt 0.223389 0.640381
vt 0.225586 0.659668
vt 0.261230 0.644775
vt 0.264648 0.631104
vt 0.224365 0.630859
vt 0.215332 0.628662
vt 0.196777 0.622070
vt 0.183105 0.630371
vt 0.238037 0.620605
vt 0.257568 0.618164
vt 0.215332 0.623291
vt 0.204346 0.619629
vt 0.180908 0.620361
vt 0.167725 0.623291
vt 0.198730 0.617432
vt 0.207520 0.607910
vt 0.223145 0.605469
vt 0.248047 0.614990
vt 0.213379 0.586426
vt 0.197998 0.599121
vt 0.191650 0.610352
vt 0.179199 0.611328
vt 0.183594 0.602295
vt 0.171143 0.613770
vt 0.171875 0.599365
vt 0.161133 0.602783
vt 0.149902 0.604248
vt 0.189941 0.578125
vt 0.167969 0.587646
vt 0.174072 0.584229
vt 0.164551 0.589600
vt 0.150635 0.594971
vt 0.146973 0.603271
vt 0.138916 0.575439
vt 0.154297 0.590576
vt 0.146240 0.576660
vt 0.149170 0.575684
vt 0.149170 0.569580
vt 0.137451 0.566406
vt 0.155762 0.572266
vt 0.150391 0.561035
vt 0.144531 0.560059
vt 0.160156 0.558105
vt 0.145996 0.534912
vt 0.141602 0.524170
vt 0.152832 0.543701
vt 0.171143 0.550293
vt 0.187744 0.558350
vt 0.162109 0.522461
vt 0.181641 0.527100
vt 0.211426 0.575928
vt 0.161621 0.507568
vt 0.171631 0.492432
vt 0.207520 0.548584
vt 0.182129 0.493652
vt 0.184082 0.484131
vt 0.171143 0.506836
vt 0.174316 0.508057
vt 0.192627 0.491943
vt 0.202148 0.486084
vt 0.185059 0.497070
vt 0.202393 0.498535
vt 0.180664 0.520020
vt 0.203613 0.520020
vt 0.225098 0.519531
vt 0.221924 0.503418
vt 0.209229 0.528564
vt 0.224121 0.544434
vt 0.233398 0.523438
vt 0.247803 0.540283
vt 0.221680 0.558350
vt 0.246338 0.562500
vt 0.259033 0.551514
vt 0.267578 0.562256
vt 0.266602 0.570557
vt 0.240967 0.572754
vt 0.227539 0.578613
vt 0.258789 0.582520
vt 0.238281 0.585938
vt 0.272461 0.581543
vt 0.237793 0.593262
vt 0.260498 0.611084
vt 0.279541 0.598145
vt 0.277832 0.607666
vt 0.264648 0.621826
vt 0.281738 0.615723
vt 0.272705 0.629395
vt 0.274170 0.638916
vt 0.283691 0.627441
vt 0.293701 0.642822
vt 0.775391 0.532227
vt 0.773926 0.540283
vt 0.765869 0.542725
vt 0.777588 0.546631
vt 0.791504 0.539307
vt 0.793945 0.545410
vt 0.763672 0.533691
vt 0.760742 0.542969
vt 0.750977 0.531494
vt 0.757080 0.524658
vt 0.800781 0.539795
vt 0.797363 0.553223
vt 0.794922 0.533691
vt 0.777832 0.524658
vt 0.793945 0.525879
vt 0.802979 0.529297
vt 0.805176 0.524170
vt 0.806152 0.544922
vt 0.804443 0.556885
vt 0.826904 0.534912
vt 0.825928 0.524902
vt 0.828369 0.544434
vt 0.818115 0.561523
vt 0.830811 0.553467
vt 0.838623 0.548096
vt 0.833984 0.532959
vt 0.840820 0.526611
vt 0.844971 0.536621
vt 0.851074 0.543701
vt 0.848633 0.531250
vt 0.860840 0.536621
vt 0.874268 0.540039
vt 0.865234 0.532227
vt 0.869873 0.527588
vt 0.477783 0.963867
vt 0.479248 0.980469
vt 0.472412 0.974365
vt 0.467773 0.979492
vt 0.470703 0.960938
vt 0.476074 0.952148
vt 0.464844 0.960449
vt 0.458008 0.961426
vt 0.470947 0.954834
vt 0.479492 0.932861
vt 0.221436 0.953857
vt 0.219971 0.966309
vt 0.215088 0.967285
vt 0.216064 0.978027
vt 0.235107 0.957275
vt 0.237549 0.953125
vt 0.240234 0.958252
vt 0.236084 0.975098
vt 0.225342 0.970215
vt 0.224365 0.975586
vt 0.240234 0.989502
vt 0.020264 0.499512
vt 0.024414 0.489014
vt 0.031006 0.494873
vt 0.024902 0.510254
vt 0.012207 0.507812
vt 0.035645 0.516113
vt 0.039551 0.498779
vt 0.028320 0.520996
vt 0.022949 0.526855
vt 0.046143 0.500977
vt 0.029541 0.542236
vt 0.037598 0.533691
vt 0.052246 0.508545
vt 0.039307 0.545166
vt 0.055908 0.490234
vt 0.053223 0.480957
vt 0.060059 0.487793
vt 0.066406 0.487305
vt 0.061279 0.500488
vt 0.069092 0.502441
vt 0.065186 0.511963
vt 0.059082 0.527344
vt 0.050537 0.528320
vt 0.061523 0.538086
vt 0.047119 0.538330
vt 0.059326 0.543945
vt 0.066162 0.550049
vt 0.058838 0.552246
vt 0.087646 0.576172
vt 0.052734 0.553711
vt 0.064941 0.568359
vt 0.040039 0.560791
vt 0.041748 0.566650
vt 0.033691 0.565186
vt 0.033447 0.547607
vt 0.028564 0.561523
vt 0.023438 0.548828
vt 0.019287 0.571045
vt 0.026123 0.553711
vt 0.012451 0.564941
vt 0.012939 0.576416
vt 0.972412 0.317627
vt 0.977051 0.329102
vt 0.969482 0.322754
vt 0.977783 0.310303
vt 0.958008 0.311768
vt 0.957275 0.324707
vt 0.949463 0.312500
vt 0.079590 0.038574
vt 0.087402 0.042480
vt 0.087646 0.055908
vt 0.077881 0.051514
vt 0.070312 0.034912
vt 0.065674 0.040527
vt 0.065430 0.051270
vt 0.061523 0.032227
vt 0.064209 0.023926
vt 0.055664 0.030273
vt 0.057129 0.016846
vt 0.062744 0.008301
vt 0.069580 0.021973
vt 0.056885 0.044434
vt 0.055420 0.052002
vt 0.772217 0.903076
vt 0.713623 0.885498
vt 0.771729 0.886719
vt 0.753174 0.915527
vt 0.715332 0.867920
vt 0.781494 0.878174
vt 0.719971 0.857666
vt 0.771973 0.857910
vt 0.701416 0.892822
vt 0.690674 0.883057
vt 0.716553 0.913574
vt 0.776855 0.947754
vt 0.725342 0.944092
vt 0.684326 0.900146
vt 0.679688 0.887451
vt 0.688477 0.912109
vt 0.716064 0.948486
vt 0.681396 0.926514
vt 0.677979 0.908936
vt 0.668945 0.900635
vt 0.471924 0.715088
vt 0.508057 0.674805
vt 0.474854 0.725098
vt 0.486084 0.728271
vt 0.494385 0.743164
vt 0.460693 0.767334
vt 0.452393 0.761475
vt 0.470947 0.772461
vt 0.481934 0.776123
vt 0.485596 0.786865
vt 0.439941 0.770996
vt 0.468506 0.779541
vt 0.479248 0.795654
vt 0.468994 0.794678
vt 0.459961 0.784180
vt 0.452393 0.795898
vt 0.432129 0.792236
vt 0.441162 0.778076
vt 0.429443 0.772461
vt 0.333496 0.765137
vt 0.348389 0.804199
vt 0.327393 0.794434
vt 0.319336 0.757080
vt 0.308838 0.765381
vt 0.317871 0.803711
vt 0.293945 0.762695
vt 0.289062 0.780273
vt 0.351562 0.768799
vt 0.365479 0.806396
vt 0.323975 0.736328
vt 0.310791 0.745361
vt 0.340332 0.744141
vt 0.374023 0.772217
vt 0.357422 0.757812
vt 0.376465 0.810059
vt 0.394531 0.783691
vt 0.338135 0.730469
vt 0.329590 0.720703
vt 0.351562 0.734863
vt 0.344482 0.714111
vt 0.326416 0.704102
vt 0.357910 0.720215
vt 0.369385 0.741699
vt 0.371094 0.719971
vt 0.393066 0.751465
vt 0.420898 0.808594
vt 0.673096 0.916504
vt 0.676270 0.923584
vt 0.656494 0.924072
vt 0.664062 0.908691
vt 0.673340 0.932373
vt 0.653320 0.899658
vt 0.660400 0.940918
vt 0.688477 0.938965
vt 0.686523 0.952393
vt 0.656982 0.958740
vt 0.686279 0.968506
vt 0.646484 0.934570
vt 0.638184 0.948486
vt 0.633789 0.968262
vt 0.624268 0.966553
vt 0.623779 0.940674
vt 0.635010 0.921387
vt 0.623535 0.910156
vt 0.626953 0.897949
vt 0.644043 0.915283
vt 0.644775 0.896973
vt 0.633301 0.888428
vt 0.656494 0.878906
vt 0.648193 0.877686
vt 0.643311 0.862061
vt 0.087891 0.873291
vt 0.083252 0.851807
vt 0.094971 0.852783
vt 0.103271 0.865479
vt 0.092773 0.881348
vt 0.078125 0.876465
vt 0.112061 0.883057
vt 0.066406 0.887695
vt 0.076416 0.902832
vt 0.060547 0.904297
vt 0.065186 0.933350
vt 0.094971 0.895752
vt 0.108887 0.890625
vt 0.127197 0.887939
vt 0.126465 0.871338
vt 0.118164 0.895752
vt 0.094727 0.915283
vt 0.109375 0.923828
vt 0.085693 0.933350
vt 0.082275 0.944824
vt 0.101074 0.945312
vt 0.117676 0.941162
vt 0.112061 0.958252
vt 0.104736 0.962646
vt 0.905029 0.999023
vt 0.917725 0.959961
vt 0.924561 0.994385
vt 0.941895 0.967285
vt 0.944092 0.984863
vt 0.930664 1.000000
vt 0.943359 0.992188
vt 0.949707 0.994385
vt 0.964111 0.991943
vt 0.959473 0.999756
vt 0.960449 0.984131
vt 0.975830 0.986328
vt 0.966797 0.965820
vt 0.955078 0.961426
vt 0.972168 0.944092
vt 0.965088 0.958496
vt 0.949951 0.954346
vt 0.935791 0.958252
vt 0.934570 0.939453
vt 0.907715 0.949219
vt 0.924316 0.947266
vt 0.820557 0.603027
vt 0.837646 0.583740
vt 0.833984 0.626221
vt 0.838623 0.573730
vt 0.850098 0.574463
vt 0.819580 0.571777
vt 0.824463 0.568604
vt 0.833496 0.567871
vt 0.827637 0.566406
vt 0.814697 0.579834
vt 0.801514 0.563232
vt 0.805176 0.591797
vt 0.796143 0.570557
vt 0.791260 0.583252
vt 0.796387 0.599121
vt 0.804443 0.614014
vt 0.785156 0.609619
vt 0.773926 0.593018
vt 0.782471 0.573242
vt 0.790771 0.563477
vt 0.796143 0.631592
vt 0.804932 0.637207
vt 0.777100 0.568604
vt 0.790771 0.558105
vt 0.787109 0.558594
vt 0.765625 0.575928
vt 0.730713 0.524170
vt 0.767578 0.593018
vt 0.762695 0.581299
vt 0.744385 0.601562
vt 0.759766 0.582764
vt 0.766113 0.598389
vt 0.743408 0.604248
vt 0.768066 0.608643
vt 0.742432 0.605225
vt 0.771729 0.612793
vt 0.771973 0.623779
vt 0.794922 0.648438
vt 0.775635 0.637695
vt 0.767334 0.617676
vt 0.768311 0.625488
vt 0.736572 0.658691
vt 0.329346 0.085205
vt 0.319336 0.093994
vt 0.318115 0.077148
vt 0.306641 0.096680
vt 0.322754 0.065186
vt 0.339111 0.078125
vt 0.343506 0.069336
vt 0.343994 0.055908
vt 0.319336 0.048096
vt 0.340576 0.041016
vt 0.326416 0.028564
vt 0.319824 0.026855
vt 0.313721 0.031982
vt 0.310791 0.018311
vt 0.304443 0.019531
vt 0.307861 0.011230
vt 0.216553 0.889893
vt 0.226318 0.899170
vt 0.214355 0.893799
vt 0.199951 0.887695
vt 0.234131 0.897461
vt 0.222656 0.872559
vt 0.247559 0.875732
vt 0.243408 0.869873
vt 0.249756 0.881592
vt 0.240479 0.906738
vt 0.226318 0.925293
vt 0.244873 0.931641
vt 0.263916 0.912354
vt 0.258057 0.937256
vt 0.264404 0.907471
vt 0.287842 0.912842
vt 0.271729 0.888672
vt 0.266846 0.882080
vt 0.288574 0.894775
vt 0.289307 0.889648
vt 0.307617 0.900391
vt 0.302246 0.892822
vt 0.315918 0.894043
vt 0.171631 0.037842
vt 0.168213 0.062256
vt 0.151611 0.048340
vt 0.153564 0.054932
vt 0.161133 0.028809
vt 0.142334 0.051514
vt 0.143555 0.021973
vt 0.136475 0.043457
vt 0.134277 0.049805
vt 0.121826 0.043701
vt 0.130615 0.051758
vt 0.118408 0.033203
vt 0.129883 0.007324
vt 0.105957 0.044922
vt 0.106934 0.023682
vt 0.093994 0.029785
vt 0.926758 0.572021
vt 0.916016 0.568604
vt 0.923096 0.554932
vt 0.935547 0.583008
vt 0.929688 0.589600
vt 0.920898 0.594971
vt 0.929688 0.611572
vt 0.915527 0.607422
vt 0.907471 0.587402
vt 0.907715 0.603027
vt 0.946289 0.648193
vt 0.895020 0.599365
vt 0.901123 0.604248
vt 0.883301 0.628418
vt 0.885010 0.588623
vt 0.883057 0.602295
vt 0.880127 0.572021
vt 0.870605 0.587158
vt 0.869141 0.601807
vt 0.890869 0.558594
vt 0.911377 0.552979
vt 0.858398 0.577881
vt 0.871582 0.565918
vt 0.881104 0.540039
vt 0.898193 0.536621
vt 0.887939 0.541260
vt 0.889404 0.513428
vt 0.853760 0.601074
vt 0.849365 0.583984
vt 0.851074 0.621094
vt 0.846680 0.605957
vt 0.131836 0.480957
vt 0.122314 0.559082
vt 0.123291 0.469727
vt 0.134033 0.557373
vt 0.124268 0.577637
vt 0.112061 0.572754
vt 0.116455 0.548340
vt 0.113281 0.482910
vt 0.103516 0.545654
vt 0.102539 0.482666
vt 0.093994 0.551514
vt 0.088867 0.499268
vt 0.077881 0.542480
vt 0.075928 0.494385
vt 0.041748 0.292480
vt 0.043945 0.279053
vt 0.049561 0.281494
vt 0.048828 0.262451
vt 0.072266 0.272705
vt 0.076172 0.286865
vt 0.090332 0.281982
vt 0.062988 0.260254
vt 0.077148 0.266602
vt 0.097412 0.269043
vt 0.092041 0.251221
vt 0.072998 0.243652
vt 0.045166 0.240479
vt 0.097412 0.225342
vt 0.064209 0.231934
vt 0.043213 0.228027
vt 0.047119 0.211182
vt 0.069824 0.209473
vt 0.079834 0.223877
vt 0.088379 0.220459
vt 0.078125 0.201416
vt 0.074463 0.195312
vt 0.083984 0.195312
vt 0.683838 0.555908
vt 0.674805 0.535156
vt 0.705811 0.539307
vt 0.677734 0.552734
vt 0.684570 0.572998
vt 0.706543 0.566406
vt 0.719727 0.531982
vt 0.711426 0.586914
vt 0.686523 0.588135
vt 0.722900 0.548584
vt 0.728516 0.541016
vt 0.724854 0.523682
vt 0.727539 0.550049
vt 0.725586 0.569092
vt 0.730713 0.579102
vt 0.722412 0.601318
vt 0.736084 0.578369
vt 0.703125 0.594727
vt 0.688477 0.605713
vt 0.715820 0.606201
vt 0.734619 0.614502
vt 0.726318 0.618408
vt 0.690674 0.614746
vt 0.670166 0.618652
vt 0.720703 0.625244
vt 0.729004 0.635010
vt 0.700195 0.619141
vt 0.717773 0.635986
vt 0.726074 0.661133
vt 0.733154 0.663574
vt 0.693604 0.640869
vt 0.692383 0.656006
vt 0.721191 0.679443
vt 0.688477 0.678711
vt 0.687012 0.653564
vt 0.682129 0.634766
vt 0.673828 0.644531
vt 0.678223 0.623779
vt 0.668945 0.631592
vt 0.666016 0.647217
vt 0.982422 0.566895
vt 0.967285 0.596436
vt 0.937012 0.593750
vt 0.938232 0.602295
vt 0.985596 0.616699
vt 0.935791 0.616455
vt 0.975830 0.627197
vt 0.939209 0.623535
vt 0.938721 0.627930
vt 0.980713 0.638184
vt 0.307373 0.323242
vt 0.321777 0.307617
vt 0.317139 0.321533
vt 0.309814 0.332520
vt 0.253906 0.291748
vt 0.326904 0.292725
vt 0.267822 0.255371
vt 0.285889 0.261719
vt 0.323486 0.286133
vt 0.282959 0.237793
vt 0.286865 0.232178
vt 0.335205 0.282227
vt 0.328125 0.258545
vt 0.245361 0.306641
vt 0.227295 0.274414
vt 0.300049 0.343262
vt 0.200195 0.342773
vt 0.309326 0.364990
vt 0.303711 0.357422
vt 0.299316 0.383301
vt 0.305176 0.386719
vt 0.233643 0.363281
vt 0.200439 0.366211
vt 0.201904 0.382568
vt 0.247803 0.379883
vt 0.222168 0.413574
vt 0.261475 0.391113
vt 0.291992 0.400146
vt 0.305908 0.413818
vt 0.284912 0.415527
vt 0.241943 0.426025
vt 0.220215 0.424316
vt 0.275635 0.424805
vt 0.234375 0.443115
vt 0.306641 0.429688
vt 0.255371 0.453613
vt 0.205566 0.471191
vt 0.219971 0.490967
vt 0.304688 0.447021
vt 0.313721 0.447998
vt 0.260254 0.475098
vt 0.245117 0.505371
vt 0.323242 0.468262
vt 0.328125 0.461670
vt 0.286865 0.488037
vt 0.244385 0.525879
vt 0.327148 0.479248
vt 0.332520 0.483887
vt 0.325195 0.490479
vt 0.277588 0.541016
vt 0.320068 0.524170
vt 0.343018 0.513184
vt 0.279297 0.580811
vt 0.340088 0.532959
vt 0.572754 0.083008
vt 0.642090 0.065918
vt 0.574219 0.089844
vt 0.649170 0.075195
vt 0.636230 0.057861
vt 0.576416 0.100586
vt 0.643555 0.094727
vt 0.568359 0.093994
vt 0.554932 0.117676
vt 0.579346 0.107178
vt 0.557861 0.128906
vt 0.578613 0.128418
vt 0.572266 0.074951
vt 0.631592 0.050781
vt 0.561035 0.077148
vt 0.568848 0.068848
vt 0.528564 0.048584
vt 0.522217 0.767578
vt 0.593506 0.797607
vt 0.589844 0.805664
vt 0.516113 0.776855
vt 0.579102 0.815674
vt 0.513916 0.760254
vt 0.508789 0.721436
vt 0.507080 0.789307
vt 0.504395 0.797363
vt 0.495361 0.800049
vt 0.488281 0.797607
vt 0.437744 0.831055
vt 0.394531 0.729248
vt 0.387695 0.712158
vt 0.401367 0.708496
vt 0.367676 0.707764
vt 0.418457 0.716797
vt 0.416260 0.700439
vt 0.386963 0.698730
vt 0.389648 0.686768
vt 0.364746 0.691406
vt 0.362549 0.701172
vt 0.322754 0.698975
vt 0.379150 0.687500
vt 0.390869 0.667480
vt 0.401123 0.672852
vt 0.405029 0.648438
vt 0.411865 0.662354
vt 0.428711 0.641602
vt 0.390869 0.641113
vt 0.371582 0.676514
vt 0.377930 0.657959
vt 0.358887 0.643311
vt 0.368164 0.656250
vt 0.374756 0.620361
vt 0.352783 0.663330
vt 0.355713 0.679932
vt 0.333984 0.655273
vt 0.336670 0.635742
vt 0.351074 0.617920
vt 0.339355 0.621338
vt 0.334717 0.612549
vt 0.320801 0.665283
vt 0.320801 0.629395
vt 0.327393 0.605225
vt 0.322021 0.598877
vt 0.331055 0.681641
vt 0.311279 0.655273
vt 0.313477 0.671143
vt 0.324219 0.691406
vt 0.314209 0.621338
vt 0.314697 0.600830
vt 0.315918 0.593750
vt 0.306396 0.610840
vt 0.310791 0.596436
vt 0.304199 0.578125
vt 0.302734 0.633545
vt 0.297852 0.648438
vt 0.296875 0.663574
vt 0.284424 0.647949
vt 0.281738 0.666748
vt 0.293701 0.681396
vt 0.279785 0.669678
vt 0.286133 0.677734
vt 0.290283 0.682129
vt 0.272217 0.703613
vt 0.271729 0.709473
vt 0.254883 0.718750
vt 0.298584 0.685547
vt 0.281250 0.707764
vt 0.260986 0.719482
vt 0.309082 0.690674
vt 0.270264 0.733398
vt 0.297363 0.721436
vt 0.315674 0.697754
vt 0.308594 0.719727
vt 0.294434 0.735107
vt 0.248047 0.825928
vt 0.230469 0.806396
vt 0.260742 0.809814
vt 0.213379 0.828125
vt 0.271240 0.809814
vt 0.286133 0.825195
vt 0.286865 0.787109
vt 0.261963 0.829102
vt 0.247070 0.838623
vt 0.199219 0.832275
vt 0.211182 0.839111
vt 0.257568 0.847412
vt 0.299072 0.855957
vt 0.282959 0.879639
vt 0.310791 0.883545
vt 0.250977 0.853271
vt 0.264648 0.869629
vt 0.228271 0.851562
vt 0.248291 0.856689
vt 0.185059 0.879639
vt 0.034668 0.170410
vt 0.023682 0.154541
vt 0.066162 0.155762
vt 0.499268 0.018799
vt 0.515869 0.012939
vt 0.514160 0.032715
vt 0.501221 0.044189
vt 0.523682 0.664551
vt 0.530762 0.681885
vt 0.526855 0.683594
vt 0.533936 0.672852
vt 0.538818 0.686279
vt 0.551025 0.665771
vt 0.533447 0.697998
vt 0.527344 0.698486
vt 0.512451 0.688232
vt 0.523438 0.703125
vt 0.541504 0.708984
vt 0.514160 0.718750
vt 0.524658 0.733643
vt 0.565674 0.703369
vt 0.545898 0.724609
vt 0.539062 0.741455
vt 0.527344 0.754150
vt 0.556152 0.749756
vt 0.547363 0.759766
vt 0.579590 0.742676
vt 0.563965 0.762451
vt 0.574951 0.762451
vt 0.589844 0.749023
vt 0.610352 0.748779
vt 0.599609 0.732422
vt 0.618652 0.731201
vt 0.634033 0.755859
vt 0.661133 0.763428
vt 0.658447 0.734619
vt 0.638916 0.717773
vt 0.644775 0.717773
vt 0.618164 0.711670
vt 0.587402 0.698242
vt 0.607910 0.697998
vt 0.604492 0.681641
vt 0.611816 0.680420
vt 0.610107 0.661865
vt 0.594971 0.667480
vt 0.583252 0.652588
vt 0.579346 0.640625
vt 0.583984 0.675781
vt 0.582275 0.691650
vt 0.569580 0.672852
vt 0.573242 0.680908
vt 0.568115 0.695557
vt 0.562256 0.674805
vt 0.287109 0.056152
vt 0.292236 0.045898
vt 0.299316 0.052734
vt 0.299805 0.034912
vt 0.287354 0.033447
vt 0.801025 0.960449
vt 0.798584 0.953369
vt 0.836182 0.955322
vt 0.780273 0.962646
vt 0.794922 0.937256
vt 0.808350 0.936279
vt 0.799316 0.929443
vt 0.847168 0.947021
vt 0.848145 0.959229
vt 0.847412 0.936035
vt 0.827881 0.925781
vt 0.800293 0.919678
vt 0.808105 0.894775
vt 0.792236 0.889893
vt 0.782715 0.887695
vt 0.803223 0.875977
vt 0.980469 0.926514
vt 0.958252 0.922852
vt 0.951904 0.903076
vt 0.999756 0.947266
vt 0.972168 0.908936
vt 0.999756 0.928955
vt 0.989014 0.899414
vt 0.941406 0.011963
vt 0.966064 0.000244
vt 0.951660 0.016113
vt 0.979736 0.042969
vt 0.502441 0.052490
vt 0.518799 0.038574
vt 0.516846 0.081299
vt 0.900635 0.999512
vt 0.832764 0.999512
vt 0.898926 0.987549
vt 0.352783 0.960693
vt 0.379150 0.965576
vt 0.368896 0.971924
vt 0.392822 1.000000
vt 0.373047 0.961426
vt 0.394531 0.953857
vt 0.944580 0.068848
vt 0.968994 0.089600
vt 0.943359 0.075195
vt 0.919434 0.068115
vt 0.916260 0.063232
vt 0.901855 0.087158
vt 0.904053 0.063721
vt 0.916260 0.050049
vt 0.970215 0.043457
vt 0.940918 0.020752
vt 0.914062 0.028564
vt 0.906738 0.036133
vt 0.908447 0.019531
vt 0.877441 0.048828
vt 0.874756 0.061035
vt 0.877441 0.029297
vt 0.873291 0.018066
vt 0.051270 0.037598
vt 0.036621 0.037842
vt 0.036133 0.018066
vt 0.046875 0.041016
vt 0.014160 0.097900
vt 0.559570 0.046875
vt 0.580811 0.017578
vt 0.569580 0.062256
vt 0.586426 0.054199
vt 0.587891 0.041992
vt 0.603271 0.001709
vt 0.613037 0.029541
vt 0.569336 0.014648
vt 0.537842 0.043457
vt 0.567627 0.000244
vt 0.525391 0.011475
vt 0.559814 0.000977
vt 0.759277 0.999756
vt 0.695068 0.999756
vt 0.754639 0.991211
vt 0.755127 0.985596
vt 0.701416 0.980957
vt 0.757080 0.978271
vt 0.028076 0.198975
vt 0.037109 0.227051
vt 0.003418 0.219727
vt 0.041748 0.260498
vt 0.019043 0.250977
vt 0.498779 0.949219
vt 0.494141 0.971680
vt 0.487305 0.947754
vt 0.487793 0.982666
vt 0.500488 0.965820
vt 0.259521 0.034180
vt 0.281982 0.047852
vt 0.244873 0.053955
vt 0.270020 0.056641
vt 0.242676 0.060059
vt 0.269043 0.068848
vt 0.234375 0.046631
vt 0.232666 0.065186
vt 0.204834 0.052246
vt 0.249512 0.087646
vt 0.286377 0.097900
vt 0.274170 0.103760
vt 0.240479 0.093750
vt 0.249268 0.095215
vt 0.267578 0.112061
vt 0.247070 0.104980
vt 0.228027 0.101074
vt 0.225098 0.090576
vt 0.194092 0.066650
vt 0.192139 0.097656
vt 0.187012 0.108398
vt 0.221680 0.110352
vt 0.920654 0.870361
vt 0.911377 0.887695
vt 0.911377 0.864014
vt 0.899170 0.884521
vt 0.924072 0.888184
vt 0.934082 0.868164
vt 0.941406 0.883545
vt 0.937500 0.888916
vt 0.928467 0.891846
vt 0.898438 0.889648
vt 0.915283 0.893311
vt 0.880859 0.890137
vt 0.932373 0.896240
vt 0.944092 0.898682
vt 0.939697 0.904541
vt 0.947754 0.913818
vt 0.934326 0.917725
vt 0.943115 0.920654
vt 0.947510 0.917969
vt 0.953125 0.936523
vt 0.959473 0.936523
vt 0.934814 0.933105
vt 0.925049 0.922119
vt 0.915527 0.939941
vt 0.917480 0.917725
vt 0.903809 0.923828
vt 0.908447 0.944580
vt 0.888184 0.928223
vt 0.895020 0.920898
vt 0.898193 0.895752
vt 0.885986 0.894775
vt 0.872070 0.896973
vt 0.869141 0.890869
vt 0.855957 0.891602
vt 0.876953 0.919922
vt 0.875000 0.924072
vt 0.882324 0.951172
vt 0.860107 0.916260
vt 0.860107 0.927734
vt 0.856934 0.896484
vt 0.846924 0.892334
vt 0.844482 0.898438
vt 0.850342 0.922607
vt 0.838623 0.893555
vt 0.834473 0.921631
vt 0.826416 0.895996
vt 0.584717 0.881592
vt 0.590332 0.887207
vt 0.576660 0.886230
vt 0.594727 0.875977
vt 0.574707 0.902100
vt 0.564453 0.899658
vt 0.556641 0.889648
vt 0.557373 0.908936
vt 0.573486 0.880127
vt 0.545898 0.907227
vt 0.577881 0.871582
vt 0.568359 0.872803
vt 0.548340 0.893555
vt 0.606201 0.868896
vt 0.614746 0.881348
vt 0.616211 0.869629
vt 0.570312 0.858887
vt 0.593018 0.847412
vt 0.561523 0.844238
vt 0.556885 0.841309
vt 0.564453 0.829590
vt 0.557861 0.846436
vt 0.548340 0.882080
vt 0.535645 0.860840
vt 0.549316 0.840088
vt 0.537109 0.883789
vt 0.522461 0.842041
vt 0.532471 0.820068
vt 0.531494 0.866943
vt 0.506836 0.823975
vt 0.522217 0.807129
vt 0.509766 0.834229
vt 0.496094 0.817383
vt 0.522217 0.853271
vt 0.507568 0.846436
vt 0.512207 0.859375
vt 0.496826 0.855713
vt 0.513672 0.868896
vt 0.514404 0.895020
vt 0.531250 0.896973
vt 0.507324 0.905029
vt 0.542236 0.904053
vt 0.542236 0.895264
vt 0.033936 0.766113
vt 0.030273 0.778564
vt 0.026367 0.776855
vt 0.038086 0.767578
vt 0.038330 0.759277
vt 0.031738 0.758545
vt 0.042969 0.754150
vt 0.043457 0.760010
vt 0.046143 0.763184
vt 0.051758 0.762939
vt 0.027100 0.750732
vt 0.035400 0.744141
vt 0.050293 0.758057
vt 0.060303 0.760742
vt 0.047119 0.749756
vt 0.040527 0.743652
vt 0.030029 0.734619
vt 0.043945 0.737305
vt 0.036621 0.725830
vt 0.044189 0.727295
vt 0.043701 0.711670
vt 0.035400 0.716064
vt 0.026367 0.729004
vt 0.036865 0.703369
vt 0.031006 0.711426
vt 0.574707 0.966553
vt 0.576660 0.983398
vt 0.560791 0.965332
vt 0.566895 0.991943
vt 0.576660 0.950684
vt 0.580566 0.958740
vt 0.587646 0.960693
vt 0.601074 0.957764
vt 0.581299 0.973389
vt 0.588379 0.978027
vt 0.586426 0.983887
vt 0.593262 0.976562
vt 0.593750 0.972656
vt 0.597168 0.970947
vt 0.605469 0.956787
vt 0.608643 0.965820
vt 0.613770 0.975342
vt 0.958008 0.658447
vt 0.951172 0.648926
vt 0.962158 0.642822
vt 0.949463 0.661621
vt 0.953369 0.665283
vt 0.955811 0.665527
vt 0.935791 0.667480
vt 0.937988 0.657715
vt 0.936523 0.673584
vt 0.921875 0.666992
vt 0.946533 0.677734
vt 0.955078 0.669434
vt 0.960938 0.677002
vt 0.918213 0.670654
vt 0.916992 0.664551
vt 0.912842 0.665039
vt 0.908203 0.671875
vt 0.958496 0.683594
vt 0.962891 0.682617
vt 0.948975 0.686523
vt 0.956787 0.695068
vt 0.939697 0.684814
vt 0.943848 0.694824
vt 0.927002 0.678467
vt 0.927734 0.686768
vt 0.918457 0.675537
vt 0.912109 0.683838
vt 0.900879 0.676514
vt 0.901123 0.681152
vt 0.887695 0.678955
vt 0.896973 0.684082
vt 0.891602 0.696045
vt 0.902588 0.691895
vt 0.916260 0.698242
vt 0.907959 0.699707
vt 0.898682 0.697754
vt 0.929688 0.704590
vt 0.890625 0.702881
vt 0.881836 0.698486
vt 0.885498 0.715576
vt 0.892578 0.717285
vt 0.898193 0.706055
vt 0.901855 0.717529
vt 0.904785 0.707764
vt 0.915039 0.718994
vt 0.922852 0.709961
vt 0.925537 0.720703
vt 0.929932 0.715576
vt 0.942139 0.725586
vt 0.936279 0.711426
vt 0.938232 0.701660
vt 0.942139 0.716064
vt 0.940186 0.706299
vt 0.950195 0.708008
vt 0.952148 0.721924
vt 0.954590 0.729004
vt 0.941895 0.727295
vt 0.957275 0.708008
vt 0.947754 0.740479
vt 0.963379 0.717285
vt 0.965332 0.702881
vt 0.968262 0.711670
vt 0.973389 0.710449
vt 0.971191 0.719482
vt 0.967529 0.697021
vt 0.972900 0.700684
vt 0.970703 0.685303
vt 0.972412 0.691650
vt 0.977783 0.694092
vt 0.964600 0.729004
vt 0.977295 0.730713
vt 0.967529 0.732666
vt 0.958740 0.733887
vt 0.967041 0.743652
vt 0.969971 0.746582
vt 0.958984 0.746826
vt 0.955078 0.752441
vt 0.966797 0.757324
vt 0.688721 0.026123
vt 0.684082 0.027344
vt 0.684326 0.023193
vt 0.693604 0.020752
vt 0.698486 0.024414
vt 0.707764 0.019775
vt 0.709229 0.023438
vt 0.723877 0.018311
vt 0.707275 0.011230
vt 0.694824 0.009277
vt 0.683594 0.015137
vt 0.690674 0.000244
vt 0.685059 0.003906
vt 0.679688 0.012451
vt 0.677002 0.003174
vt 0.665039 0.006836
vt 0.668945 0.000244
vt 0.676514 0.016357
vt 0.657959 0.013916
vt 0.672363 0.023926
vt 0.656494 0.018311
vt 0.674561 0.033447
vt 0.667236 0.028320
vt 0.656006 0.038818
vt 0.299316 0.082520
vt 0.294189 0.063232
vt 0.299561 0.058838
vt 0.969238 0.120850
vt 0.957520 0.106934
vt 0.966797 0.108398
vt 0.970703 0.103760
vt 0.956299 0.118408
vt 0.977051 0.110596
vt 0.973877 0.099121
vt 0.966797 0.129150
vt 0.971191 0.121094
vt 0.969238 0.130615
vt 0.960205 0.129883
vt 0.952393 0.118408
vt 0.965820 0.138184
vt 0.977539 0.141357
vt 0.979492 0.138184
vt 0.976562 0.147949
vt 0.951416 0.126709
vt 0.945557 0.120361
vt 0.961182 0.136963
vt 0.953613 0.136230
vt 0.947998 0.129395
vt 0.939941 0.121094
vt 0.940674 0.129395
vt 0.944092 0.136475
vt 0.949219 0.136719
vt 0.938965 0.145508
vt 0.962646 0.151611
vt 0.951416 0.145752
vt 0.948486 0.150879
vt 0.944092 0.160400
vt 0.952637 0.168213
vt 0.967285 0.147217
vt 0.975586 0.160400
vt 0.964844 0.157959
vt 0.961182 0.165283
vt 0.971436 0.176025
vt 0.960449 0.172363
vt 0.958740 0.171387
vt 0.955811 0.178223
vt 0.952637 0.170654
vt 0.953857 0.183350
vt 0.948730 0.181152
vt 0.945801 0.168945
vt 0.934082 0.170410
vt 0.932861 0.161621
vt 0.930664 0.166260
vt 0.937012 0.154053
vt 0.935303 0.153076
vt 0.928223 0.162354
vt 0.919678 0.172852
vt 0.188477 0.969727
vt 0.188721 0.965820
vt 0.197266 0.970703
vt 0.203369 0.967041
vt 0.178223 0.964600
vt 0.186768 0.955078
vt 0.175049 0.957031
vt 0.172607 0.959229
vt 0.170654 0.969971
vt 0.165283 0.963379
vt 0.167725 0.955811
vt 0.176270 0.949951
vt 0.197754 0.953125
vt 0.205566 0.963623
vt 0.190674 0.946289
vt 0.205566 0.945801
vt 0.210205 0.963135
vt 0.212646 0.949463
vt 0.214600 0.944336
vt 0.227783 0.947754
vt 0.226807 0.942139
vt 0.222656 0.938232
vt 0.206299 0.938477
vt 0.197754 0.939697
vt 0.211670 0.930176
vt 0.221436 0.930420
vt 0.200684 0.933105
vt 0.216553 0.926025
vt 0.188477 0.934082
vt 0.202148 0.926270
vt 0.211182 0.923828
vt 0.219971 0.921631
vt 0.207275 0.917969
vt 0.214600 0.914551
vt 0.198242 0.913086
vt 0.207520 0.910400
vt 0.192383 0.916016
vt 0.189453 0.922607
vt 0.194336 0.902344
vt 0.188232 0.904541
vt 0.182373 0.900635
vt 0.178467 0.911377
vt 0.178467 0.905273
vt 0.172119 0.896484
vt 0.181641 0.890137
vt 0.170898 0.887207
vt 0.165283 0.905029
vt 0.159912 0.898682
vt 0.156982 0.885498
vt 0.180420 0.916992
vt 0.171387 0.916748
vt 0.151611 0.900391
vt 0.168457 0.925781
vt 0.144043 0.896729
vt 0.152588 0.909912
vt 0.160889 0.918945
vt 0.165283 0.928467
vt 0.141602 0.910156
vt 0.128174 0.906494
vt 0.146973 0.910645
vt 0.151123 0.919922
vt 0.145264 0.922607
vt 0.131836 0.916748
vt 0.120850 0.917236
vt 0.137451 0.922363
vt 0.128174 0.931152
vt 0.154785 0.938232
vt 0.140381 0.930664
vt 0.131592 0.942627
vt 0.124268 0.941406
vt 0.117432 0.965820
vt 0.142334 0.940430
vt 0.126221 0.961426
vt 0.121338 0.968994
vt 0.131592 0.951172
vt 0.148682 0.942383
vt 0.136963 0.956055
vt 0.130859 0.962646
vt 0.135010 0.973389
vt 0.148682 0.947998
vt 0.155029 0.943604
vt 0.145264 0.953613
vt 0.136475 0.960449
vt 0.138184 0.968262
vt 0.148682 0.967773
vt 0.148682 0.957764
vt 0.156494 0.957764
vt 0.154785 0.967773
vt 0.158447 0.947998
vt 0.167236 0.945557
vt 0.161621 0.937500
vt 0.173584 0.938721
vt 0.171143 0.928223
vt 0.174316 0.931641
vt 0.178223 0.935303
vt 0.185059 0.937988
vt 0.178711 0.930908
vt 0.183838 0.927246
vt 0.068359 0.112061
vt 0.073975 0.125244
vt 0.072021 0.126465
vt 0.070068 0.109619
vt 0.059814 0.129395
vt 0.061035 0.136475
vt 0.063232 0.102539
vt 0.070068 0.100830
vt 0.053223 0.111572
vt 0.052979 0.134033
vt 0.048584 0.142822
vt 0.049805 0.126953
vt 0.052979 0.095703
vt 0.043945 0.112549
vt 0.042969 0.133789
vt 0.042236 0.120117
vt 0.038330 0.107910
vt 0.034180 0.137451
vt 0.037842 0.150146
vt 0.020752 0.135498
vt 0.034424 0.127930
vt 0.018311 0.117432
vt 0.030273 0.116211
vt 0.023193 0.104980
vt 0.030273 0.098633
vt 0.024902 0.092773
vt 0.035400 0.084473
vt 0.040527 0.096924
vt 0.046387 0.091797
vt 0.051514 0.068359
vt 0.050293 0.058594
vt 0.055908 0.061035
vt 0.056885 0.070801
vt 0.063232 0.075684
vt 0.066650 0.064209
vt 0.071533 0.056641
vt 0.067139 0.074951
vt 0.068359 0.093506
vt 0.069336 0.080811
vt 0.074463 0.077637
vt 0.071777 0.089111
vt 0.081055 0.091309
vt 0.087646 0.083008
vt 0.075684 0.071045
vt 0.085205 0.072021
vt 0.083984 0.064453
vt 0.436768 0.080078
vt 0.427246 0.081055
vt 0.435791 0.074219
vt 0.450439 0.075684
vt 0.451660 0.068115
vt 0.423584 0.070557
vt 0.442627 0.063965
vt 0.441650 0.057373
vt 0.456299 0.055420
vt 0.450684 0.034424
vt 0.428467 0.036377
vt 0.434326 0.053223
vt 0.414795 0.072266
vt 0.419189 0.080811
vt 0.406982 0.091309
vt 0.422363 0.034424
vt 0.416748 0.015625
vt 0.411377 0.021240
vt 0.409424 0.051758
vt 0.398682 0.038818
vt 0.390869 0.026367
vt 0.399414 0.007324
vt 0.383789 0.016357
vt 0.377197 0.011963
vt 0.384766 0.026855
vt 0.375488 0.014160
vt 0.364502 0.036865
vt 0.356689 0.021729
vt 0.372070 0.042969
vt 0.394287 0.041260
vt 0.403076 0.053223
vt 0.397705 0.063721
vt 0.360352 0.051270
vt 0.376465 0.075439
vt 0.385742 0.084961
vt 0.396240 0.098145
vt 0.388672 0.101074
vt 0.373779 0.080566
vt 0.374023 0.077637
vt 0.376953 0.093506
vt 0.379883 0.102539
vt 0.381836 0.112549
vt 0.955566 0.439209
vt 0.943604 0.430420
vt 0.962646 0.427490
vt 0.350586 0.928467
vt 0.359375 0.917969
vt 0.371094 0.942383
vt 0.352051 0.948975
vt 0.339111 0.950684
vt 0.335205 0.971680
vt 0.327393 0.957520
vt 0.325928 0.965332
vt 0.315674 0.953857
vt 0.312988 0.963623
vt 0.291992 0.961182
vt 0.293213 0.967529
vt 0.317383 0.928711
vt 0.293945 0.951172
vt 0.279541 0.949219
vt 0.276855 0.938477
vt 0.267578 0.948730
vt 0.258057 0.945557
vt 0.296875 0.928223
vt 0.312012 0.924072
vt 0.296143 0.924072
vt 0.305908 0.919922
vt 0.309814 0.913330
vt 0.314941 0.916992
vt 0.324951 0.916504
vt 0.315918 0.908447
vt 0.319580 0.899902
vt 0.329102 0.906738
vt 0.346191 0.904297
vt 0.338867 0.899170
vt 0.333008 0.888916
vt 0.339600 0.893555
vt 0.352051 0.898682
vt 0.358154 0.899170
vt 0.345947 0.889404
vt 0.444336 0.097168
vt 0.434326 0.105713
vt 0.422363 0.088867
vt 0.413330 0.094482
vt 0.455078 0.116455
vt 0.454346 0.092041
vt 0.451904 0.122314
vt 0.437500 0.114990
vt 0.455322 0.135010
vt 0.472656 0.096436
vt 0.474365 0.140625
vt 0.459961 0.155518
vt 0.480469 0.107178
vt 0.496582 0.098389
vt 0.491455 0.083496
vt 0.481445 0.118652
vt 0.503906 0.096680
vt 0.495605 0.112549
vt 0.492188 0.124756
vt 0.504150 0.113281
vt 0.486572 0.151123
vt 0.494141 0.141846
vt 0.515625 0.136719
vt 0.486572 0.170166
vt 0.523926 0.107178
vt 0.466553 0.158203
vt 0.465576 0.174805
vt 0.482666 0.170166
vt 0.488281 0.190918
vt 0.483154 0.193604
vt 0.463623 0.190186
vt 0.483887 0.203613
vt 0.481689 0.211182
vt 0.461670 0.204346
vt 0.480713 0.209473
vt 0.460449 0.215820
vt 0.510742 0.104492
vt 0.514404 0.098145
vt 0.518799 0.087402
vt 0.526123 0.100830
vt 0.528564 0.090576
vt 0.521729 0.087158
vt 0.536621 0.092773
vt 0.541992 0.084473
vt 0.532471 0.103760
vt 0.540771 0.092041
vt 0.545654 0.083008
vt 0.550049 0.093262
vt 0.958008 0.405762
vt 0.967041 0.387939
vt 0.965088 0.418213
vt 0.980713 0.401611
vt 0.972412 0.418457
vt 0.959961 0.422119
vt 0.950195 0.422852
vt 0.956543 0.385254
vt 0.950928 0.387939
vt 0.942139 0.379639
vt 0.937256 0.368652
vt 0.955078 0.370605
vt 0.976318 0.378906
vt 0.936523 0.356689
vt 0.929443 0.366943
vt 0.376465 0.822021
vt 0.385254 0.810547
vt 0.391602 0.859619
vt 0.373047 0.887451
vt 0.346924 0.811279
vt 0.403320 0.845215
vt 0.406494 0.827148
vt 0.393066 0.799561
vt 0.489502 0.853027
vt 0.624023 0.848633
vt 0.620850 0.821045
vt 0.643555 0.840576
vt 0.635254 0.800781
vt 0.617920 0.804199
vt 0.591064 0.821777
vt 0.614014 0.794678
vt 0.601318 0.794922
vt 0.634033 0.786377
vt 0.640869 0.788574
vt 0.665283 0.791504
vt 0.650391 0.784180
vt 0.656982 0.815918
vt 0.656250 0.837158
vt 0.669189 0.840576
vt 0.652832 0.861572
vt 0.686035 0.857910
vt 0.698730 0.825928
vt 0.707520 0.839844
vt 0.713135 0.856445
vt 0.719971 0.819824
vt 0.705811 0.805176
vt 0.696289 0.796875
vt 0.719971 0.783936
vt 0.684814 0.783203
vt 0.700439 0.772949
vt 0.667725 0.780273
vt 0.684326 0.780273
vt 0.652832 0.770752
vt 0.647705 0.774658
vt 0.662109 0.771729
vt 0.142090 0.681641
vt 0.195557 0.675537
vt 0.187744 0.679199
vt 0.102051 0.707031
vt 0.129395 0.732422
vt 0.134033 0.666748
vt 0.192139 0.666016
vt 0.151611 0.657715
vt 0.219482 0.677490
vt 0.197510 0.678467
vt 0.246338 0.682617
vt 0.242432 0.679443
vt 0.150391 0.642334
vt 0.120117 0.593018
vt 0.190918 0.646240
vt 0.144775 0.629639
vt 0.695068 0.344238
vt 0.679443 0.354736
vt 0.676025 0.332031
vt 0.693604 0.331787
vt 0.728027 0.349854
vt 0.730225 0.361572
vt 0.761963 0.361328
vt 0.760498 0.370605
vt 0.733887 0.334473
vt 0.768311 0.341797
vt 0.767334 0.322754
vt 0.705078 0.308105
vt 0.692139 0.295166
vt 0.731445 0.307373
vt 0.771729 0.302979
vt 0.712891 0.281250
vt 0.766602 0.278809
vt 0.715820 0.252197
vt 0.793457 0.277832
vt 0.761230 0.249512
vt 0.732178 0.231934
vt 0.794678 0.251953
vt 0.766846 0.235840
vt 0.736572 0.228271
vt 0.622314 0.127930
vt 0.606445 0.108643
vt 0.616943 0.107910
vt 0.608887 0.139404
vt 0.600830 0.135498
vt 0.596436 0.115234
vt 0.592285 0.129150
vt 0.604004 0.157715
vt 0.594971 0.156006
vt 0.586426 0.154053
vt 0.580811 0.146484
vt 0.575195 0.136963
vt 0.611816 0.159180
vt 0.623779 0.146729
vt 0.620117 0.164307
vt 0.630371 0.165039
vt 0.644775 0.149414
vt 0.657715 0.110107
vt 0.656738 0.127441
vt 0.670166 0.119873
vt 0.668213 0.155273
vt 0.675293 0.137207
vt 0.692139 0.128418
vt 0.678223 0.166016
vt 0.702881 0.125732
vt 0.721680 0.137939
vt 0.673096 0.181152
vt 0.698486 0.166504
vt 0.726807 0.167480
vt 0.697754 0.188232
vt 0.708008 0.197998
vt 0.665771 0.189209
vt 0.632568 0.175781
vt 0.676514 0.192627
vt 0.669678 0.223633
vt 0.680176 0.199219
vt 0.684082 0.203369
vt 0.697510 0.212891
vt 0.660156 0.192871
vt 0.642578 0.188721
vt 0.653809 0.195312
vt 0.632080 0.181641
vt 0.630859 0.177979
vt 0.629150 0.176758
vt 0.705322 0.220215
vt 0.694336 0.221191
vt 0.712402 0.213135
vt 0.707764 0.223389
vt 0.718262 0.238281
vt 0.505859 0.605225
vt 0.488037 0.587646
vt 0.515625 0.588867
vt 0.536133 0.604004
vt 0.512939 0.558838
vt 0.538086 0.566406
vt 0.485596 0.561523
vt 0.549316 0.591797
vt 0.557129 0.607422
vt 0.462891 0.594971
vt 0.462402 0.572998
vt 0.468262 0.547607
vt 0.463379 0.542480
vt 0.450195 0.550781
vt 0.450439 0.592285
vt 0.430420 0.558350
vt 0.415527 0.571289
vt 0.417236 0.608643
vt 0.392822 0.537598
vt 0.395264 0.583496
vt 0.374512 0.542236
vt 0.370605 0.581055
vt 0.365479 0.596924
vt 0.358154 0.539795
vt 0.341553 0.596436
vt 0.339844 0.550781
vt 0.031982 0.277344
vt 0.025146 0.272949
vt 0.034180 0.263916
vt 0.023438 0.290039
vt 0.016113 0.280029
vt 0.028320 0.298096
vt 0.035156 0.286133
vt 0.012695 0.288086
vt 0.036377 0.291260
vt 0.009277 0.290283
vt 0.011719 0.278809
vt 0.000244 0.296143
vt 0.000000 0.305664
vt 0.030273 0.301758
vt 0.037354 0.300293
vt 0.036621 0.302490
vt 0.002197 0.306152
vt 0.002197 0.314209
vt 0.007812 0.299072
vt 0.033691 0.308105
vt 0.043945 0.306641
vt 0.048340 0.307129
vt 0.044434 0.315674
vt 0.029297 0.306641
vt 0.025391 0.306152
vt 0.024170 0.313965
vt 0.012207 0.321777
vt 0.017822 0.303955
vt 0.010254 0.308838
vt 0.008057 0.314941
vt 0.670166 0.386963
vt 0.686523 0.388428
vt 0.677979 0.399170
vt 0.752686 0.408203
vt 0.679688 0.430176
vt 0.718018 0.380859
vt 0.687744 0.382812
vt 0.730225 0.368896
vt 0.760010 0.387939
vt 0.761230 0.377930
vt 0.752197 0.433594
vt 0.718994 0.458008
vt 0.676758 0.447021
vt 0.753174 0.464355
vt 0.673584 0.468018
vt 0.724854 0.479248
vt 0.756348 0.495850
vt 0.671875 0.491455
vt 0.710693 0.503662
vt 0.694336 0.512451
vt 0.719727 0.512695
vt 0.758789 0.501709
vt 0.747559 0.516846
vt 0.899902 0.096436
vt 0.821777 0.113281
vt 0.823730 0.097412
vt 0.887207 0.078613
vt 0.816406 0.112061
vt 0.814941 0.125732
vt 0.822754 0.084717
vt 0.856201 0.065674
vt 0.816162 0.082764
vt 0.791016 0.084229
vt 0.794922 0.057617
vt 0.820068 0.063721
vt 0.836426 0.052002
vt 0.793457 0.220703
vt 0.796875 0.166260
vt 0.810059 0.248047
vt 0.784668 0.166748
vt 0.768311 0.213379
vt 0.756592 0.161621
vt 0.735840 0.223633
vt 0.731445 0.162109
vt 0.792725 0.149414
vt 0.738037 0.154297
vt 0.766602 0.149658
vt 0.751465 0.119873
vt 0.780029 0.116455
vt 0.805908 0.113281
vt 0.878906 0.458252
vt 0.882568 0.412109
vt 0.887695 0.462158
vt 0.888672 0.473145
vt 0.871094 0.421143
vt 0.874512 0.471191
vt 0.870850 0.469482
vt 0.863770 0.403320
vt 0.854980 0.467529
vt 0.866943 0.484375
vt 0.817627 0.492188
vt 0.801270 0.487549
vt 0.863525 0.505371
vt 0.872314 0.515137
vt 0.823242 0.520020
vt 0.183105 0.013672
vt 0.190918 0.007324
vt 0.221191 0.012695
vt 0.262207 0.007568
vt 0.275146 0.015625
vt 0.226318 0.017334
vt 0.179199 0.023926
vt 0.269531 0.016113
vt 0.182617 0.030762
vt 0.190430 0.034912
vt 0.245605 0.025879
vt 0.270264 0.024414
vt 0.195312 0.042969
vt 0.264648 0.027832
vt 0.080811 0.112061
vt 0.085693 0.102783
vt 0.157227 0.118164
vt 0.087891 0.094482
vt 0.155029 0.126709
vt 0.155518 0.108643
vt 0.078857 0.121338
vt 0.152832 0.144531
vt 0.079834 0.132812
vt 0.076904 0.149414
vt 0.149658 0.158691
vt 0.130371 0.170410
vt 0.139160 0.169922
vt 0.095215 0.088867
vt 0.146240 0.095459
vt 0.092773 0.080811
vt 0.160645 0.100098
vt 0.098145 0.074219
vt 0.158691 0.087158
vt 0.173584 0.092773
vt 0.153320 0.087402
vt 0.101318 0.069092
vt 0.161865 0.077637
vt 0.100098 0.065674
vt 0.100586 0.060547
vt 0.163818 0.067627
vt 0.097900 0.048584
vt 0.832764 0.373047
vt 0.784180 0.375000
vt 0.784912 0.359375
vt 0.791260 0.345703
vt 0.842529 0.363770
vt 0.833496 0.399658
vt 0.827393 0.391602
vt 0.759521 0.408203
vt 0.817871 0.422363
vt 0.822754 0.435303
vt 0.804688 0.441650
vt 0.756592 0.433350
vt 0.794434 0.450928
vt 0.767090 0.447754
vt 0.760742 0.453613
vt 0.759033 0.474365
vt 0.811035 0.463867
vt 0.817383 0.443848
vt 0.825928 0.445068
vt 0.822510 0.471680
vt 0.845459 0.464111
vt 0.545410 0.940430
vt 0.522217 0.945801
vt 0.539062 0.915771
vt 0.504395 0.919434
vt 0.504883 0.952148
vt 0.546143 0.915527
vt 0.549072 0.946777
vt 0.573242 0.938477
vt 0.581299 0.910400
vt 0.581787 0.946289
vt 0.600830 0.943115
vt 0.618896 0.951416
vt 0.976074 0.086670
vt 0.971680 0.054443
vt 0.983887 0.075439
vt 0.990723 0.044678
vt 0.957764 0.065674
vt 0.989502 0.105469
vt 0.149658 0.448975
vt 0.141846 0.461182
vt 0.131836 0.469971
vt 0.123291 0.447021
vt 0.156738 0.463379
vt 0.140869 0.481445
vt 0.150635 0.433838
vt 0.190186 0.459229
vt 0.159912 0.475830
vt 0.201904 0.479248
vt 0.183838 0.450684
vt 0.162598 0.442139
vt 0.188965 0.437744
vt 0.176758 0.405762
vt 0.149170 0.402832
vt 0.187500 0.416748
vt 0.149902 0.376709
vt 0.187744 0.388428
vt 0.180420 0.361572
vt 0.146729 0.351807
vt 0.188721 0.351318
vt 0.181641 0.331543
vt 0.141846 0.317139
vt 0.196045 0.312744
vt 0.162598 0.304443
vt 0.192627 0.306641
vt 0.979492 0.470703
vt 0.989746 0.474365
vt 0.972412 0.492920
vt 0.963623 0.492188
vt 0.987305 0.492432
vt 0.998047 0.483887
vt 0.922852 0.111328
vt 0.938477 0.092041
vt 0.934814 0.111328
vt 0.950439 0.113037
vt 0.924316 0.126221
vt 0.906250 0.121826
vt 0.923828 0.101074
vt 0.904785 0.109131
vt 0.896973 0.114014
vt 0.866455 0.109375
vt 0.846680 0.117432
vt 0.879150 0.132080
vt 0.914307 0.155273
vt 0.886719 0.132812
vt 0.887207 0.173828
vt 0.870605 0.174561
vt 0.876709 0.195557
vt 0.906250 0.176514
vt 0.915771 0.189941
vt 0.881104 0.216797
vt 0.918945 0.215820
vt 0.827393 0.979004
vt 0.828369 1.000000
vt 0.780273 0.994385
vt 0.761719 0.979736
vt 0.763672 0.994141
vt 0.775391 0.997803
vt 0.246582 0.972412
vt 0.253418 0.950195
vt 0.268799 0.988770
vt 0.270508 0.958008
vt 0.243652 0.937744
vt 0.038330 0.212646
vt 0.042725 0.190430
vt 0.047607 0.197266
vt 0.086426 0.182617
vt 0.083984 0.175049
vt 0.050537 0.178711
vt 0.011963 0.179443
vt 0.086670 0.159912
vt 0.061768 0.165039
vt 0.013428 0.973389
vt 0.017334 0.980469
vt 0.007568 0.980957
vt 0.005127 0.990723
vt 0.006592 0.958984
vt 0.020996 0.950684
vt 0.024658 0.964111
vt 0.027344 0.975098
vt 0.028320 0.959473
vt 0.035156 0.963135
vt 0.036377 0.973877
vt 0.037354 0.982666
vt 0.027588 0.985107
vt 0.042969 0.988525
vt 0.032227 0.989990
vt 0.020508 0.990967
vt 0.029785 0.993408
vt 0.019775 0.996826
vt 0.017578 0.991211
vt 0.994873 0.776611
vt 0.999268 0.780273
vt 0.987061 0.781250
vt 0.999512 0.763428
vt 0.986328 0.792969
vt 0.976807 0.779541
vt 0.977783 0.765869
vt 0.977783 0.792969
vt 0.981445 0.804932
vt 0.998535 0.808838
vt 0.989258 0.820801
vt 0.998779 0.823730
vt 0.973389 0.772705
vt 0.973389 0.760986
vt 0.954834 0.774414
vt 0.972900 0.786621
vt 0.954102 0.786621
vt 0.959473 0.799561
vt 0.977539 0.801270
vt 0.963623 0.812256
vt 0.981201 0.812988
vt 0.968750 0.830078
vt 0.986084 0.824219
vt 0.989258 0.235596
vt 0.997559 0.231689
vt 0.997803 0.270264
vt 0.978271 0.292480
vt 0.979004 0.232422
vt 0.962891 0.261719
vt 0.745850 0.007812
vt 0.699219 0.003662
vt 0.749268 0.000000
vt 0.167725 0.825928
vt 0.170410 0.849121
vt 0.114990 0.834229
vt 0.173584 0.833252
vt 0.218750 0.804199
vt 0.162354 0.877197
vt 0.173340 0.868896
vt 0.103271 0.839844
vt 0.147949 0.881592
vt 0.668701 0.971680
vt 0.660889 0.988770
vt 0.661377 0.974854
vt 0.650879 0.985352
vt 0.656738 0.973145
vt 0.657227 0.994629
vt 0.648682 0.997803
vt 0.658691 0.999756
vt 0.646240 0.993164
vt 0.649414 0.976074
vt 0.645752 0.965088
vt 0.638428 0.973145
vt 0.642578 0.983154
vt 0.637695 0.990723
vt 0.641602 0.996338
vt 0.635010 0.998535
vt 0.627197 0.994385
vt 0.633057 0.984131
vt 0.627930 0.972900
vt 0.622559 0.984131
vt 0.621094 0.973877
vt 0.634766 0.000977
vt 0.628662 0.017822
vt 0.628662 0.010986
vt 0.621338 0.019531
vt 0.618164 0.003174
vt 0.623291 0.027832
vt 0.633301 0.020752
vt 0.634766 0.032227
vt 0.637451 0.031250
vt 0.628906 0.040283
vt 0.637207 0.043213
vt 0.619873 0.038574
vt 0.627686 0.044434
vt 0.618896 0.048340
vt 0.515869 0.984619
vt 0.525635 0.988281
vt 0.517822 0.994873
vt 0.525146 0.978516
vt 0.520264 0.975830
vt 0.532227 0.985840
vt 0.522217 0.971924
vt 0.532959 0.979004
vt 0.524658 0.969482
vt 0.538086 0.965820
vt 0.546875 0.964600
vt 0.544189 0.968994
vt 0.541748 0.958496
vt 0.552002 0.957275
vt 0.537842 0.955322
vt 0.519775 0.958496
vt 0.517334 0.959473
vt 0.517334 0.965820
vt 0.512695 0.961914
vt 0.523926 0.952393
vt 0.516602 0.955078
vt 0.535645 0.950684
vt 0.952881 0.330078
vt 0.941895 0.323730
vt 0.940674 0.319336
vt 0.957520 0.337402
vt 0.966064 0.341309
vt 0.973145 0.351562
vt 0.955566 0.354248
vt 0.978760 0.354736
vt 0.990234 0.333740
vt 0.980713 0.367188
vt 0.972168 0.361572
vt 0.975342 0.372070
vt 0.982422 0.365967
vt 0.993652 0.360840
vt 0.993408 0.376465
vt 0.450684 0.959717
vt 0.450439 0.974365
vt 0.440674 0.961670
vt 0.453125 0.956055
vt 0.498291 0.907227
vt 0.487305 0.919434
vt 0.488037 0.916016
vt 0.484131 0.914795
vt 0.498535 0.936035
vt 0.489014 0.931885
vt 0.496582 0.943359
vt 0.930176 0.190674
vt 0.928467 0.188965
vt 0.935059 0.190186
vt 0.924805 0.192871
vt 0.920410 0.188965
vt 0.987793 0.523438
vt 0.993652 0.511719
vt 0.993652 0.523193
vt 0.979736 0.534180
vt 0.989502 0.536133
vt 0.975586 0.519531
vt 0.971436 0.530518
vt 0.970215 0.540039
vt 0.977295 0.508301
vt 0.970947 0.516113
vt 0.990479 0.500000
vt 0.971924 0.498535
vt 0.766602 0.048584
vt 0.776367 0.045410
vt 0.774902 0.060791
vt 0.787598 0.052246
vt 0.777588 0.061523
vt 0.780029 0.064209
vt 0.776367 0.038086
vt 0.765137 0.035889
vt 0.752930 0.021729
vt 0.765625 0.026367
vt 0.772949 0.029053
vt 0.781006 0.031738
vt 0.782959 0.019287
vt 0.793457 0.031982
vt 0.790039 0.042236
vt 0.797363 0.038330
vt 0.807861 0.029541
vt 0.795410 0.044189
vt 0.792725 0.052734
vt 0.801025 0.052246
vt 0.806641 0.050049
vt 0.813232 0.030029
vt 0.809570 0.043213
vt 0.823242 0.046875
vt 0.808350 0.037842
vt 0.823730 0.032471
vt 0.824707 0.025635
vt 0.840088 0.035645
vt 0.827393 0.038574
vt 0.836182 0.043457
vt 0.057617 0.968262
vt 0.064209 0.970703
vt 0.063232 0.978027
vt 0.070312 0.972168
vt 0.059570 0.992432
vt 0.056396 0.982910
vt 0.073242 0.988525
vt 0.075684 0.977783
vt 0.080566 0.977539
vt 0.005371 0.447266
vt 0.010986 0.443848
vt 0.013916 0.453369
vt 0.020264 0.446777
vt 0.013184 0.438965
vt 0.016113 0.435547
vt 0.026855 0.438232
vt 0.027344 0.446777
vt 0.027100 0.456055
vt 0.016602 0.455322
vt 0.007812 0.464844
vt 0.012207 0.466064
vt 0.029053 0.461670
vt 0.041992 0.467285
vt 0.474121 0.016357
vt 0.466797 0.014160
vt 0.473633 0.007324
vt 0.484375 0.008789
vt 0.484131 0.017334
vt 0.480469 0.020752
vt 0.493896 0.034424
vt 0.476807 0.027832
vt 0.492676 0.050781
vt 0.466553 0.017578
vt 0.458740 0.010498
vt 0.448975 0.016602
vt 0.452881 0.007080
vt 0.451416 0.020996
vt 0.460205 0.023926
vt 0.473389 0.035400
vt 0.459229 0.036865
vt 0.479736 0.052734
vt 0.504639 0.072266
vt 0.476318 0.062744
vt 0.467529 0.063965
vt 0.470947 0.089600
vt 0.024658 0.014648
vt 0.021240 0.030518
vt 0.017578 0.014404
vt 0.031006 0.028564
vt 0.023926 0.053223
vt 0.014648 0.027832
vt 0.007080 0.016846
vt 0.007324 0.056396
vt 0.015625 0.049316
vt 0.014893 0.071045
vt 0.032227 0.863281
vt 0.039062 0.859863
vt 0.032959 0.871094
vt 0.020020 0.862061
vt 0.039307 0.889893
vt 0.048584 0.892578
vt 0.055908 0.910156
vt 0.033447 0.901123
vt 0.024414 0.875732
vt 0.015625 0.866943
vt 0.008789 0.857910
vt 0.006836 0.861328
vt 0.002441 0.867920
vt 0.007568 0.880615
vt 0.015625 0.882324
vt 0.029541 0.918945
vt 0.011719 0.909668
vt 0.995117 0.227051
vt 0.995117 0.217285
vt 1.000000 0.223145
vt 0.030273 0.630127
vt 0.028809 0.649658
vt 0.021973 0.629639
vt 0.019043 0.595459
vt 0.036133 0.618652
vt 0.011475 0.606201
vt 0.018066 0.652832
vt 0.024414 0.657227
vt 0.016602 0.662109
vt 0.012939 0.657227
vt 0.012939 0.635010
vt 0.000977 0.616211
vt 0.005859 0.647461
vt 0.840576 0.151855
vt 0.831787 0.141602
vt 0.840576 0.131348
vt 0.848389 0.148438
vt 0.828613 0.164307
vt 0.859375 0.129150
vt 0.855469 0.148193
vt 0.850098 0.165771
vt 0.838135 0.172607
vt 0.851318 0.173828
vt 0.824219 0.152344
vt 0.812988 0.150635
vt 0.808838 0.129639
vt 0.816650 0.156006
vt 0.817871 0.172852
vt 0.829346 0.176270
vt 0.819824 0.191406
vt 0.807129 0.196533
vt 0.812500 0.204834
vt 0.814697 0.207031
vt 0.829834 0.204102
vt 0.826172 0.215088
vt 0.818359 0.222412
vt 0.841553 0.201172
vt 0.831299 0.216797
vt 0.828613 0.232666
vt 0.823486 0.235596
vt 0.815186 0.236572
vt 0.826416 0.242676
vt 0.836670 0.216553
vt 0.835693 0.232666
vt 0.843018 0.219727
vt 0.837402 0.243164
vt 0.837402 0.252441
vt 0.844238 0.244141
vt 0.847412 0.246338
vt 0.850098 0.226562
vt 0.846680 0.212402
vt 0.855225 0.216553
vt 0.853271 0.205322
vt 0.858398 0.213135
vt 0.862549 0.208984
vt 0.860596 0.196289
vt 0.846436 0.189697
vt 0.108887 0.307373
vt 0.084717 0.325195
vt 0.093018 0.314209
vt 0.083008 0.313721
vt 0.100830 0.302246
vt 0.070312 0.327148
vt 0.064453 0.315674
vt 0.056152 0.319336
vt 0.090820 0.330566
vt 0.106445 0.317627
vt 0.071777 0.338623
vt 0.091553 0.335205
vt 0.079346 0.345947
vt 0.066895 0.364990
vt 0.069336 0.370117
vt 0.062744 0.333008
vt 0.061035 0.359619
vt 0.056396 0.377197
vt 0.051758 0.364258
vt 0.050781 0.380371
vt 0.047119 0.370117
vt 0.043457 0.368896
vt 0.052246 0.342285
vt 0.038574 0.364258
vt 0.032471 0.371826
vt 0.027100 0.368652
vt 0.031494 0.362549
vt 0.031738 0.345703
vt 0.032471 0.338379
vt 0.039795 0.333740
vt 0.023438 0.331787
vt 0.031982 0.324951
vt 0.018066 0.326172
vt 0.366455 0.979980
vt 0.359131 0.990479
vt 0.348389 0.975098
vt 0.349609 0.968018
vt 0.338623 0.978516
vt 0.345215 0.982422
vt 0.342041 0.995850
vt 0.418457 0.946777
vt 0.420166 0.964844
vt 0.405518 0.952637
vt 0.416016 0.969971
vt 0.401367 0.964111
vt 0.405029 0.976807
vt 0.423828 0.975342
vt 0.406738 0.979492
vt 0.427002 0.958740
vt 0.431396 0.946777
vt 0.429199 0.971436
vt 0.435547 0.953125
vt 0.426270 0.986816
vt 0.436035 0.987549
vt 0.409668 0.994385
vt 0.428711 0.992920
vt 0.433350 0.997803
vt 0.832275 0.020264
vt 0.845703 0.016846
vt 0.854004 0.026611
vt 0.830811 0.013916
vt 0.844482 0.013184
vt 0.845215 0.031494
vt 0.845703 0.047607
vt 0.854980 0.038818
vt 0.851074 0.052246
vt 0.857422 0.048584
vt 0.862305 0.036621
vt 0.862061 0.028564
vt 0.863281 0.017334
vt 0.997070 0.963867
vt 0.988770 0.965820
vt 0.979980 0.964600
vt 0.982178 0.944580
s 1
usemtl tripo_mat_2efab43c-cb87-45d3-8b67-abcb0a43920b
f 2460/1 2446/2 2455/3
f 2455/3 2446/2 2273/4
f 2455/3 2273/4 2269/5
f 2269/5 2273/4 1719/6
f 2455/3 2269/5 2317/7
f 2455/3 2317/7 2460/1
f 2317/7 2269/5 1651/8
f 1719/6 2273/4 1810/9
f 2317/7 1651/8 2108/10
f 2394/11 2273/4 2446/2
f 2273/4 2394/11 1810/9
f 2317/7 2108/10 2295/12
f 2317/7 2295/12 2460/1
f 2108/10 1651/8 1922/13
f 2108/10 1922/13 2295/12
f 1922/13 1651/8 1721/14
f 1721/14 1651/8 1480/15
f 2295/12 1922/13 2417/16
f 2295/12 2417/16 2460/1
f 1721/14 1480/15 1175/17
f 1922/13 1721/14 2075/18
f 1922/13 2075/18 2417/16
f 1721/14 1175/17 1475/19
f 1475/19 1175/17 1109/20
f 1475/19 1109/20 1273/21
f 1721/14 1475/19 1708/22
f 1721/14 1708/22 2075/18
f 1475/19 1273/21 1459/23
f 1475/19 1459/23 1708/22
f 1459/23 1273/21 1295/24
f 1708/22 1459/23 1831/25
f 1831/25 1459/23 1569/26
f 1831/25 1569/26 1983/27
f 1708/22 1831/25 2053/28
f 1708/22 2053/28 2075/18
f 1831/25 1983/27 2148/29
f 1831/25 2148/29 2053/28
f 2148/29 1983/27 2188/30
f 2075/18 2053/28 2320/31
f 2075/18 2320/31 2417/16
f 2148/29 2188/30 2239/32
f 2239/32 2188/30 2382/33
f 2239/32 2382/33 2098/34
f 2239/32 2098/34 2125/35
f 2148/29 2239/32 2222/36
f 2222/36 2239/32 2125/35
f 2148/29 2222/36 2053/28
f 2053/28 2222/36 2310/37
f 2310/37 2222/36 2125/35
f 2053/28 2310/37 2320/31
f 2310/37 2125/35 2277/38
f 2320/31 2310/37 2427/39
f 2427/39 2310/37 2277/38
f 2320/31 2427/39 2417/16
f 2277/38 2125/35 1895/40
f 2427/39 2277/38 2169/41
f 2169/41 2277/38 1895/40
f 2417/16 2427/39 2452/42
f 2417/16 2452/42 2460/1
f 2460/1 2452/42 2446/2
f 2446/2 2452/42 2394/11
f 2394/11 2452/42 2427/39
f 2394/11 2427/39 2169/41
f 2394/11 2169/41 1889/43
f 1889/43 2169/41 1895/40
f 2394/11 1889/43 1810/9
f 1810/9 1889/43 1895/40
f 1810/9 1895/40 1196/44
f 1719/45 1559/46 2269/47
f 1196/48 1719/45 1810/49
f 1719/45 1196/48 1559/46
f 2269/47 1559/46 1366/50
f 2269/47 1366/50 1651/51
f 1651/51 1366/50 1480/52
f 1480/52 1366/50 1004/53
f 1366/50 1559/46 1197/54
f 1366/50 1197/54 1004/53
f 1559/46 1196/48 1124/55
f 1559/46 1124/55 1197/54
f 1124/55 1196/48 839/56
f 839/56 1196/48 867/57
f 1197/54 1124/55 890/58
f 890/58 1124/55 839/56
f 1197/54 890/58 1004/53
f 839/56 867/57 140/59
f 140/59 867/57 178/60
f 839/56 140/59 407/61
f 839/56 407/61 890/58
f 140/59 178/60 453/62
f 140/59 453/62 407/61
f 453/62 178/60 437/63
f 437/63 178/60 320/64
f 437/63 320/64 412/65
f 437/63 412/65 552/66
f 890/58 407/61 539/67
f 539/67 407/61 453/62
f 453/62 437/63 574/68
f 453/62 574/68 539/67
f 437/63 552/66 606/69
f 437/63 606/69 574/68
f 606/69 552/66 568/70
f 539/67 574/68 612/71
f 612/71 574/68 606/69
f 606/69 568/70 597/72
f 606/69 597/72 612/71
f 597/72 568/70 463/73
f 597/72 463/73 402/74
f 612/71 597/72 564/75
f 612/71 564/75 539/67
f 564/75 597/72 402/74
f 539/67 564/75 469/76
f 539/67 469/76 890/58
f 564/75 402/74 377/77
f 564/75 377/77 469/76
f 377/77 402/74 169/78
f 377/77 169/78 34/79
f 469/76 377/77 705/80
f 469/76 705/80 890/58
f 705/80 377/77 34/79
f 890/58 705/80 1004/53
f 1004/53 705/80 34/79
f 2448/81 2293/82 2429/83
f 2448/81 2429/83 2436/84
f 2429/83 2293/82 2339/85
f 2436/84 2429/83 2414/86
f 2414/86 2429/83 2339/85
f 2436/84 2414/86 2399/87
f 2414/86 2339/85 2382/88
f 2414/86 2382/88 2409/89
f 2382/88 2339/85 2123/90
f 2123/90 2339/85 1987/91
f 1987/91 2339/85 2293/82
f 2123/90 1987/91 1784/92
f 2436/84 2399/87 2384/93
f 2384/93 2399/87 2015/94
f 2384/93 2015/94 2226/95
f 2436/84 2384/93 2447/96
f 2447/96 2384/93 2395/97
f 2447/96 2395/97 2405/98
f 2447/96 2405/98 2450/99
f 2436/84 2447/96 2448/81
f 2448/81 2447/96 2450/99
f 2448/81 2450/99 2435/100
f 2448/81 2435/100 2323/101
f 2448/81 2323/101 2267/102
f 2448/81 2267/102 2293/82
f 2267/102 2323/101 1865/103
f 1865/103 2323/101 1976/104
f 1865/103 1976/104 1572/105
f 1865/103 1572/105 1418/106
f 2293/82 2267/102 1824/107
f 2293/82 1824/107 1987/91
f 2267/102 1865/103 1814/108
f 2267/102 1814/108 1824/107
f 1814/108 1865/103 1634/109
f 1634/109 1865/103 1418/106
f 1824/107 1814/108 1400/110
f 1400/110 1814/108 1634/109
f 1987/91 1824/107 1620/111
f 1620/111 1824/107 1400/110
f 1987/91 1620/111 1784/92
f 1784/92 1620/111 1305/112
f 1305/112 1620/111 1431/113
f 1431/113 1620/111 1400/110
f 1305/112 1431/113 1177/114
f 1431/113 1400/110 1204/115
f 1177/114 1431/113 918/116
f 1204/115 1400/110 1215/117
f 1215/117 1400/110 1634/109
f 1431/113 1204/115 1039/118
f 1039/118 1204/115 1215/117
f 1431/113 1039/118 918/116
f 1177/114 918/116 921/119
f 1215/117 1634/109 1423/120
f 1039/118 1215/117 958/121
f 958/121 1215/117 1423/120
f 1423/120 1634/109 1418/106
f 1039/118 958/121 892/122
f 1039/118 892/122 918/116
f 918/116 892/122 877/123
f 918/116 877/123 921/119
f 892/122 958/121 835/124
f 892/122 835/124 877/123
f 958/121 1423/120 1041/125
f 958/121 1041/125 835/124
f 1041/125 1423/120 1184/126
f 1184/126 1423/120 1418/106
f 835/124 1041/125 946/127
f 1041/125 1184/126 904/128
f 1041/125 904/128 946/127
f 1184/126 1418/106 1066/129
f 1184/126 1066/129 904/128
f 1066/129 1418/106 1256/130
f 1256/130 1418/106 1448/131
f 1066/129 1256/130 1129/132
f 1066/129 1129/132 969/133
f 1066/129 969/133 904/128
f 904/128 969/133 946/127
f 946/127 969/133 1304/134
f 1304/134 969/133 942/135
f 1304/134 942/135 1377/136
f 1304/134 1377/136 1597/137
f 1304/134 1597/137 1449/138
f 1304/134 1449/138 946/127
f 946/127 1449/138 873/139
f 946/127 873/139 835/124
f 873/139 1449/138 1047/140
f 835/124 873/139 877/123
f 877/123 873/139 1047/140
f 877/123 1047/140 1014/141
f 877/123 1014/141 921/119
f 1014/141 1047/140 1461/142
f 921/119 1014/141 1427/143
f 1427/143 1014/141 1461/142
f 921/119 1427/143 1154/144
f 1427/143 1461/142 1696/145
f 1696/145 1461/142 1936/146
f 1427/143 1696/145 1526/147
f 1154/144 1427/143 1387/148
f 1387/148 1427/143 1526/147
f 1154/144 1387/148 1356/149
f 1387/148 1526/147 1139/150
f 1356/149 1387/148 1043/151
f 1043/151 1387/148 1139/150
f 1029/152 1196/153 1895/154
f 1196/153 1029/152 867/155
f 867/155 1029/152 129/156
f 867/155 129/156 178/157
f 178/157 129/156 320/158
f 320/158 129/156 412/159
f 412/159 129/156 331/160
f 412/159 331/160 552/161
f 129/156 1029/152 876/162
f 129/156 876/162 331/160
f 947/163 1029/152 1150/164
f 1029/152 947/163 928/165
f 1029/152 928/165 876/162
f 928/165 947/163 862/166
f 928/165 862/166 784/167
f 928/165 784/167 876/162
f 784/167 862/166 774/168
f 784/167 774/168 826/169
f 876/162 784/167 3/170
f 784/167 826/169 41/171
f 784/167 41/171 3/170
f 41/171 826/169 812/172
f 812/172 826/169 1109/173
f 812/172 1109/173 1175/174
f 876/162 3/170 35/175
f 876/162 35/175 331/160
f 3/170 41/171 68/176
f 3/170 68/176 35/175
f 68/176 41/171 812/172
f 331/160 35/175 436/177
f 331/160 436/177 552/161
f 552/161 436/177 568/178
f 568/178 436/177 463/179
f 436/177 35/175 126/180
f 126/180 35/175 68/176
f 436/177 126/180 463/179
f 126/180 68/176 290/181
f 126/180 290/181 463/179
f 290/181 68/176 812/172
f 463/179 290/181 402/182
f 402/182 290/181 169/183
f 169/183 290/181 812/172
f 169/183 812/172 974/184
f 974/184 812/172 1175/174
f 169/183 974/184 34/185
f 974/184 1175/174 1480/186
f 34/185 974/184 1004/187
f 1004/187 974/184 1480/186
f 1029/188 1895/189 1565/190
f 1029/188 1565/190 1150/191
f 1565/190 1895/189 1616/192
f 1616/192 1895/189 2125/193
f 1150/191 1565/190 1127/194
f 1616/192 2125/193 1695/195
f 1150/191 1127/194 981/196
f 1695/195 2125/193 2098/197
f 1150/191 981/196 947/198
f 1695/195 2098/197 2123/199
f 2123/199 2098/197 2382/200
f 1695/195 2123/199 1784/201
f 774/202 862/203 947/198
f 774/202 947/198 981/196
f 1695/195 1784/201 1593/204
f 1593/204 1784/201 1305/205
f 1593/204 1305/205 1695/195
f 774/202 981/196 1024/206
f 774/202 1024/206 826/207
f 826/207 1024/206 1109/208
f 1109/208 1024/206 1183/209
f 1183/209 1024/206 981/196
f 1109/208 1183/209 1273/210
f 1183/209 981/196 1207/211
f 1207/211 981/196 1127/194
f 1207/211 1127/194 1565/190
f 1183/209 1207/211 1318/212
f 1318/212 1207/211 1565/190
f 1183/209 1318/212 1273/210
f 1318/212 1565/190 1616/192
f 1273/210 1318/212 1339/213
f 1339/213 1318/212 1616/192
f 1273/210 1339/213 1295/214
f 1339/213 1616/192 1695/195
f 1339/213 1695/195 1212/215
f 1339/213 1212/215 1154/216
f 1212/215 1695/195 1305/205
f 1154/216 1212/215 1325/217
f 1154/216 1325/217 1043/218
f 1212/215 1305/205 1146/219
f 1212/215 1146/219 1325/217
f 1146/219 1305/205 983/220
f 983/220 1305/205 1177/221
f 983/220 1177/221 921/222
f 1325/217 1146/219 1042/223
f 1042/223 1146/219 983/220
f 1325/217 1042/223 1139/224
f 1139/224 1042/223 1043/225
f 1043/225 1042/223 983/220
f 1043/225 983/220 921/222
f 1043/225 921/222 1154/226
f 2226/227 2395/228 2384/229
f 2395/228 2226/227 2302/230
f 2302/230 2226/227 1936/231
f 2395/228 2302/230 2209/232
f 2395/228 2209/232 2326/233
f 2209/232 2302/230 2086/234
f 2302/230 1936/231 1844/235
f 2302/230 1844/235 2086/234
f 1844/235 1936/231 1461/236
f 1844/235 1461/236 1385/237
f 1385/237 1461/236 1047/238
f 1385/237 1047/238 1449/239
f 1844/235 1385/237 1647/240
f 1844/235 1647/240 2086/234
f 1647/240 1385/237 1449/239
f 2086/234 1647/240 1798/241
f 1647/240 1449/239 1597/242
f 1647/240 1597/242 1798/241
f 2409/243 2399/244 2414/245
f 2399/244 2409/243 2382/246
f 2399/244 2382/246 2188/247
f 2399/244 2188/247 1983/248
f 2226/249 1696/250 1936/251
f 1696/250 2226/249 2015/252
f 1696/250 2015/252 1765/253
f 1696/250 1765/253 1526/254
f 1526/254 1765/253 1662/255
f 1662/255 1765/253 2015/252
f 1526/254 1662/255 1139/256
f 1662/255 2015/252 1983/257
f 1983/257 2015/252 2399/258
f 1139/256 1662/255 1568/259
f 1568/259 1662/255 1983/257
f 1139/256 1568/259 1325/260
f 1568/259 1983/257 1569/261
f 1325/260 1568/259 1356/262
f 1356/262 1568/259 1569/261
f 1325/260 1356/262 1043/263
f 1356/262 1569/261 1295/264
f 1295/264 1569/261 1459/265
f 1356/262 1295/264 1154/266
f 1154/266 1295/264 1339/267
f 1817/268 2084/269 1754/270
f 1817/268 1754/270 1670/271
f 1817/268 1670/271 1478/272
f 1817/268 1478/272 1860/273
f 1817/268 1860/273 2084/269
f 2084/269 1860/273 2199/274
f 1754/270 2084/269 2235/275
f 1754/270 2235/275 1958/276
f 1958/276 2235/275 2233/277
f 2233/277 2235/275 2376/278
f 2235/275 2084/269 2275/279
f 2275/279 2084/269 2199/274
f 2235/275 2275/279 2376/278
f 2275/279 2199/274 2387/280
f 2275/279 2387/280 2376/278
f 2424/281 2368/282 2376/278
f 2424/281 2376/278 2440/283
f 2440/283 2376/278 2387/280
f 2424/281 2440/283 2415/284
f 2424/281 2415/284 2408/285
f 2415/284 2440/283 2419/286
f 2419/286 2440/283 2387/280
f 2408/285 2415/284 2358/287
f 2415/284 2419/286 2306/288
f 2415/284 2306/288 2358/287
f 2408/285 2358/287 2298/289
f 2419/286 2387/280 2398/290
f 2419/286 2398/290 2306/288
f 2298/289 2358/287 2270/291
f 2298/289 2270/291 1997/292
f 2358/287 2306/288 2244/293
f 2358/287 2244/293 2270/291
f 1997/292 2270/291 2038/294
f 2038/294 2270/291 2244/293
f 1997/292 2038/294 1758/295
f 1758/295 2038/294 1676/296
f 1676/296 2038/294 2244/293
f 1676/296 2244/293 1812/297
f 1812/297 2244/293 2078/298
f 2078/298 2244/293 2306/288
f 2078/298 2306/288 2272/299
f 2272/299 2306/288 2398/290
f 2272/299 2398/290 2351/300
f 2272/299 2351/300 2012/301
f 2012/301 2351/300 2301/302
f 2301/302 2351/300 2363/303
f 2363/303 2351/300 2398/290
f 2363/303 2398/290 2400/304
f 2400/304 2398/290 2387/280
f 2363/303 2400/304 2360/305
f 2400/304 2387/280 2332/306
f 2400/304 2332/306 2360/305
f 2332/306 2387/280 2199/274
f 2360/305 2332/306 2247/307
f 2247/307 2332/306 2199/274
f 1670/308 1543/309 1478/310
f 1057/311 1402/312 1670/308
f 1670/308 1402/312 1543/309
f 1094/313 884/314 1402/312
f 1543/309 1402/312 1264/315
f 1264/315 1402/312 884/314
f 1478/310 1543/309 1218/316
f 1264/315 884/314 940/317
f 940/317 884/314 810/318
f 940/317 810/318 859/319
f 1264/315 940/317 1068/320
f 1068/320 940/317 859/319
f 1543/309 1264/315 1075/321
f 1075/321 1264/315 1068/320
f 1543/309 1075/321 1218/316
f 1002/322 1097/323 859/319
f 1068/320 859/319 1093/324
f 1093/324 859/319 1097/323
f 1075/321 1068/320 881/325
f 881/325 1068/320 1093/324
f 1218/316 1075/321 966/326
f 966/326 1075/321 881/325
f 1268/327 1758/328 1097/323
f 1097/323 1758/328 1093/324
f 1093/324 1758/328 1676/329
f 1218/316 966/326 1223/330
f 1218/316 1223/330 1478/310
f 1093/324 1676/329 1502/331
f 1502/331 1676/329 1812/332
f 1093/324 1502/331 997/333
f 1093/324 997/333 881/325
f 1502/331 1812/332 1307/334
f 1502/331 1307/334 997/333
f 1307/334 1812/332 1403/335
f 1403/335 1812/332 2078/336
f 997/333 1307/334 1083/337
f 1083/337 1307/334 1403/335
f 881/325 997/333 924/338
f 924/338 997/333 1083/337
f 881/325 924/338 902/339
f 881/325 902/339 966/326
f 966/326 902/339 1022/340
f 966/326 1022/340 1223/330
f 902/339 924/338 932/341
f 902/339 932/341 1022/340
f 932/341 924/338 1083/337
f 1022/340 932/341 1223/330
f 932/341 1083/337 939/342
f 932/341 939/342 1223/330
f 1429/343 1083/337 1403/335
f 1429/343 1403/335 2078/336
f 939/342 1083/337 1116/344
f 1116/344 1083/337 1429/343
f 939/342 1116/344 1234/345
f 939/342 1234/345 1396/346
f 939/342 1396/346 1223/330
f 1429/343 2078/336 1645/347
f 1429/343 1645/347 1116/344
f 1116/344 1645/347 1298/348
f 1645/347 2078/336 2272/349
f 1298/348 1645/347 1755/350
f 1755/350 1645/347 2272/349
f 1755/350 2272/349 2012/351
f 1613/352 1223/330 1396/346
f 1223/330 1613/352 1478/310
f 1478/310 1613/352 1860/353
f 1613/352 1396/346 1288/354
f 1288/354 1396/346 1261/355
f 1288/354 1261/355 1463/356
f 1288/354 1463/356 1613/352
f 1613/352 1463/356 1679/357
f 1613/352 1679/357 1860/353
f 1860/353 1679/357 1855/358
f 1860/353 1855/358 2199/359
f 2199/359 1855/358 2247/360
f 1577/361 1529/362 2067/363
f 1529/362 1577/361 1137/364
f 2067/363 1529/362 2372/365
f 2372/365 1529/362 2114/366
f 1577/361 2067/363 1957/367
f 1577/361 1957/367 1609/368
f 1577/361 1609/368 1018/369
f 1018/369 1609/368 1516/370
f 1018/369 1516/370 1100/371
f 1100/371 1516/370 1413/372
f 1413/372 1516/370 1673/373
f 1516/370 1609/368 1861/374
f 1861/374 1609/368 1957/367
f 1673/373 1516/370 1870/375
f 1870/375 1516/370 1861/374
f 1673/373 1870/375 1912/376
f 1912/376 1870/375 2210/377
f 1870/375 1861/374 2344/378
f 2344/378 1861/374 1957/367
f 1870/375 2344/378 2210/377
f 2344/378 1957/367 2067/363
f 2210/377 2344/378 2404/379
f 2210/377 2404/379 2299/380
f 2299/380 2404/379 2407/381
f 2299/380 2407/381 2278/382
f 2407/381 2404/379 2451/383
f 2451/383 2404/379 2344/378
f 2407/381 2451/383 2413/384
f 2344/378 2067/363 2438/385
f 2344/378 2438/385 2451/383
f 2438/385 2067/363 2372/365
f 2413/384 2451/383 2461/386
f 2461/386 2451/383 2438/385
f 2413/384 2461/386 2445/387
f 2438/385 2372/365 2457/388
f 2438/385 2457/388 2461/386
f 2461/386 2457/388 2445/387
f 2457/388 2372/365 2114/366
f 2413/384 2445/387 2261/389
f 2261/389 2445/387 2457/388
f 2261/389 2457/388 2114/366
f 2413/384 2261/389 2056/390
f 2261/389 2114/366 1611/391
f 2261/389 1611/391 2056/390
f 2217/392 2407/393 2413/394
f 2407/393 2217/392 2278/395
f 2217/392 2413/394 2052/396
f 2052/396 2413/394 2056/397
f 2052/396 2056/397 1249/398
f 2217/392 2052/396 1977/399
f 2052/396 1249/398 1741/400
f 2052/396 1741/400 1977/399
f 2217/392 1977/399 1909/401
f 2217/392 1909/401 2278/395
f 1909/401 1977/399 1741/400
f 2278/395 1909/401 1938/402
f 1909/401 1741/400 1582/403
f 1909/401 1582/403 1938/402
f 1582/403 1741/400 1421/404
f 1421/404 1741/400 1073/405
f 1421/404 1073/405 1007/406
f 1582/403 1421/404 1450/407
f 1938/402 1582/403 1539/408
f 1938/402 1539/408 1702/409
f 1702/409 1539/408 1467/410
f 1467/410 1539/408 1296/411
f 1467/410 1296/411 1234/412
f 1539/408 1582/403 1394/413
f 1539/408 1394/413 1296/411
f 1582/403 1450/407 1224/414
f 1582/403 1224/414 1394/413
f 1224/414 1450/407 1126/415
f 1126/415 1450/407 1421/404
f 1394/413 1224/414 1186/416
f 1394/413 1186/416 1296/411
f 1224/414 1126/415 1012/417
f 1224/414 1012/417 1186/416
f 1126/415 1421/404 1131/418
f 1131/418 1421/404 1007/406
f 1131/418 1007/406 975/419
f 975/419 1007/406 854/420
f 1126/415 1131/418 943/421
f 943/421 1131/418 975/419
f 1126/415 943/421 1012/417
f 943/421 975/419 854/420
f 943/421 854/420 759/422
f 943/421 759/422 913/423
f 1012/417 943/421 1081/424
f 1012/417 1081/424 1186/416
f 943/421 913/423 988/425
f 943/421 988/425 1081/424
f 988/425 913/423 1100/426
f 1081/424 988/425 1185/427
f 1185/427 988/425 1100/426
f 1081/424 1185/427 1186/416
f 1185/427 1100/426 1413/428
f 1186/416 1185/427 1299/429
f 1299/429 1185/427 1413/428
f 1186/416 1299/429 1296/411
f 1299/429 1413/428 1396/430
f 1299/429 1396/430 1296/411
f 1396/430 1413/428 1673/431
f 1296/411 1396/430 1243/432
f 1296/411 1243/432 1234/412
f 1234/412 1243/432 1396/430
f 1396/430 1673/431 1470/433
f 1396/430 1470/433 1261/434
f 1470/433 1673/431 1713/435
f 1713/435 1673/431 1912/436
f 1261/434 1470/433 1552/437
f 1552/437 1470/433 1713/435
f 1261/434 1552/437 1463/438
f 1552/437 1713/435 1679/439
f 1552/437 1679/439 1463/438
f 1360/440 2114/441 1529/442
f 1360/440 1529/442 1137/443
f 2114/441 1360/440 1561/444
f 2114/441 1561/444 1611/445
f 1360/440 1137/443 994/446
f 994/446 1137/443 929/447
f 994/446 929/447 801/448
f 994/446 801/448 824/449
f 1561/444 1360/440 1279/450
f 1279/450 1360/440 994/446
f 1561/444 1279/450 1611/445
f 994/446 824/449 1134/451
f 994/446 1134/451 1279/450
f 1279/450 1134/451 1611/445
f 1134/451 824/449 819/452
f 1134/451 819/452 794/453
f 794/453 819/452 149/454
f 794/453 149/454 73/455
f 1134/451 794/453 1249/456
f 1134/451 1249/456 1611/445
f 1249/456 794/453 73/455
f 1611/445 1249/456 2056/457
f 1249/456 73/455 1073/458
f 1249/456 1073/458 1741/459
f 2278/460 2202/461 2299/462
f 2202/461 2278/460 1938/463
f 2299/462 2202/461 2102/464
f 2299/462 2102/464 2210/465
f 2210/465 2102/464 1912/466
f 1912/466 2102/464 2189/467
f 2189/467 2102/464 2234/468
f 2234/468 2102/464 2202/461
f 2202/461 1938/463 2080/469
f 2202/461 2080/469 2234/468
f 2080/469 1938/463 1702/470
f 2363/471 2325/472 2234/468
f 2363/471 2234/468 2301/473
f 2234/468 2080/469 2168/474
f 2234/468 2168/474 2301/473
f 2168/474 2080/469 1702/470
f 2301/473 2168/474 2012/475
f 2012/475 2168/474 1755/476
f 1755/476 2168/474 1702/470
f 1755/476 1702/470 1298/477
f 1298/477 1702/470 1467/478
f 1298/477 1467/478 1116/479
f 1116/479 1467/478 1234/480
f 2233/481 2376/482 2368/483
f 2233/481 2368/483 2249/484
f 2233/481 2249/484 2025/485
f 2233/481 2025/485 1958/486
f 1958/486 2025/485 1736/487
f 1958/486 1736/487 1754/488
f 2025/485 2249/484 1937/489
f 2025/485 1937/489 1736/487
f 1736/487 1937/489 1683/490
f 1683/490 1937/489 2032/491
f 2032/491 1937/489 2207/492
f 2207/492 1937/489 2249/484
f 1736/487 1683/490 1542/493
f 1542/493 1683/490 1420/494
f 1454/495 1754/488 1736/487
f 1454/495 1736/487 1542/493
f 1754/488 1454/495 1670/496
f 1542/493 1420/494 1209/497
f 1670/496 1454/495 1057/498
f 1542/493 1209/497 1335/499
f 1335/499 1209/497 978/500
f 1454/495 1542/493 1241/501
f 1454/495 1241/501 1057/498
f 1542/493 1335/499 1312/502
f 1542/493 1312/502 1241/501
f 1335/499 978/500 1082/503
f 1335/499 1082/503 1312/502
f 1082/503 978/500 746/504
f 1082/503 746/504 728/505
f 728/505 746/504 91/506
f 1312/502 1082/503 1067/507
f 1067/507 1082/503 728/505
f 1011/508 1241/501 1312/502
f 1011/508 1312/502 1067/507
f 1011/508 1067/507 788/509
f 788/509 1067/507 728/505
f 1241/501 1011/508 823/510
f 1241/501 823/510 1057/498
f 1011/508 788/509 18/511
f 18/511 788/509 728/505
f 1011/508 18/511 823/510
f 104/512 728/505 91/506
f 728/505 104/512 18/511
f 104/512 91/506 175/513
f 823/510 18/511 706/514
f 18/511 104/512 109/515
f 109/515 104/512 175/513
f 706/514 18/511 44/516
f 44/516 18/511 109/515
f 823/510 706/514 748/517
f 748/517 706/514 44/516
f 823/510 748/517 865/518
f 823/510 865/518 1057/498
f 748/517 44/516 860/519
f 748/517 860/519 865/518
f 44/516 109/515 40/520
f 1057/498 865/518 1094/521
f 1057/498 1094/521 1402/522
f 1094/521 865/518 884/523
f 884/523 865/518 810/524
f 810/524 865/518 860/519
f 810/524 860/519 859/525
f 859/525 860/519 1002/526
f 731/527 40/520 109/515
f 731/527 109/515 175/513
f 731/527 175/513 693/528
f 731/527 693/528 850/529
f 1002/526 860/519 808/530
f 40/520 731/527 808/530
f 808/530 860/519 44/516
f 808/530 44/516 40/520
f 808/530 731/527 970/531
f 970/531 731/527 850/529
f 808/530 970/531 1002/526
f 970/531 850/529 1165/532
f 1165/532 850/529 1302/533
f 1002/526 970/531 1268/534
f 1268/534 970/531 1165/532
f 1002/526 1268/534 1097/535
f 1165/532 1302/533 1500/536
f 1165/532 1500/536 1268/534
f 1500/536 1302/533 1575/537
f 1268/534 1500/536 1595/538
f 1500/536 1575/537 1815/539
f 1500/536 1815/539 1595/538
f 929/540 1137/541 1018/542
f 1018/542 1137/541 1577/543
f 929/540 1018/542 712/544
f 913/545 1018/542 1100/546
f 1018/542 913/545 712/544
f 929/540 712/544 192/547
f 192/547 712/544 358/548
f 712/544 913/545 29/549
f 712/544 29/549 358/548
f 192/547 358/548 395/550
f 358/548 29/549 445/551
f 445/551 29/549 401/552
f 929/540 192/547 182/553
f 182/553 192/547 395/550
f 929/540 182/553 801/554
f 182/553 395/550 369/555
f 801/554 182/553 824/556
f 824/556 182/553 369/555
f 401/552 29/549 83/557
f 401/552 83/557 108/558
f 108/558 83/557 684/559
f 83/557 29/549 12/560
f 12/560 29/549 913/545
f 12/560 913/545 759/561
f 83/557 12/560 19/562
f 83/557 19/562 684/559
f 12/560 759/561 792/563
f 12/560 792/563 19/562
f 792/563 759/561 854/564
f 684/559 19/562 718/565
f 718/565 19/562 792/563
f 792/563 854/564 837/566
f 792/563 837/566 718/565
f 837/566 854/564 1007/567
f 837/566 1007/567 1073/568
f 718/565 837/566 889/569
f 718/565 889/569 684/559
f 889/569 837/566 1073/568
f 684/559 889/569 267/570
f 889/569 1073/568 73/571
f 889/569 73/571 267/570
f 369/572 565/573 824/574
f 824/574 565/573 819/575
f 565/573 369/572 515/576
f 515/576 369/572 395/577
f 515/576 395/577 358/578
f 515/576 358/578 572/579
f 572/579 358/578 445/580
f 515/576 572/579 600/581
f 515/576 600/581 565/573
f 572/579 445/580 555/582
f 600/581 572/579 608/583
f 608/583 572/579 555/582
f 565/573 600/581 582/584
f 582/584 600/581 608/583
f 565/573 582/584 502/585
f 555/582 445/580 537/586
f 537/586 445/580 401/587
f 608/583 555/582 583/588
f 583/588 555/582 537/586
f 582/584 608/583 538/589
f 538/589 608/583 583/588
f 502/585 582/584 527/590
f 527/590 582/584 538/589
f 367/591 565/573 502/585
f 367/591 502/585 527/590
f 565/573 367/591 819/575
f 819/575 367/591 149/592
f 538/589 583/588 505/593
f 505/593 583/588 537/586
f 527/590 538/589 474/594
f 474/594 538/589 505/593
f 367/591 527/590 364/595
f 364/595 527/590 474/594
f 367/591 364/595 149/592
f 149/592 364/595 219/596
f 219/596 364/595 474/594
f 149/592 219/596 73/597
f 73/597 219/596 267/598
f 267/598 219/596 474/594
f 267/598 474/594 505/593
f 267/598 505/593 382/599
f 382/599 505/593 537/586
f 267/598 382/599 684/600
f 382/599 537/586 401/587
f 684/600 382/599 108/601
f 108/601 382/599 401/587
f 2281/602 2323/603 2435/604
f 2323/603 2281/602 1976/605
f 1976/605 2281/602 1811/606
f 2281/602 2435/604 2391/607
f 1976/605 1811/606 1572/608
f 2391/607 2435/604 2420/609
f 2420/609 2435/604 2450/610
f 2420/609 2450/610 2401/611
f 2401/611 2450/610 2405/612
f 2401/611 2405/612 2334/613
f 2401/611 2334/613 2259/614
f 2401/611 2259/614 2333/615
f 2401/611 2333/615 2402/616
f 2401/611 2402/616 2420/609
f 2402/616 2333/615 2345/617
f 2402/616 2345/617 2352/618
f 2402/616 2352/618 2420/609
f 2420/609 2352/618 2391/607
f 2391/607 2352/618 2274/619
f 2274/619 2352/618 2115/620
f 2391/607 2274/619 2281/602
f 2274/619 2115/620 2070/621
f 2274/619 2070/621 2281/602
f 2281/602 2070/621 1811/606
f 1811/606 2070/621 1780/622
f 1780/622 2070/621 1981/623
f 1780/622 1981/623 1667/624
f 1811/606 1780/622 1614/625
f 1811/606 1614/625 1572/608
f 1780/622 1667/624 1485/626
f 1485/626 1667/624 1058/627
f 1614/625 1780/622 1375/628
f 1375/628 1780/622 1485/626
f 1485/626 1058/627 1049/629
f 1485/626 1049/629 1375/628
f 1049/629 1058/627 720/630
f 1049/629 720/630 689/631
f 689/631 720/630 53/632
f 689/631 53/632 81/633
f 689/631 81/633 685/634
f 689/631 685/634 755/635
f 1049/629 689/631 822/636
f 822/636 689/631 755/635
f 1049/629 822/636 1106/637
f 1049/629 1106/637 1375/628
f 822/636 755/635 887/638
f 822/636 887/638 1106/637
f 887/638 755/635 856/639
f 856/639 755/635 832/640
f 1106/637 887/638 967/641
f 967/641 887/638 856/639
f 1375/628 1106/637 1384/642
f 1384/642 1106/637 967/641
f 1375/628 1384/642 1614/625
f 856/639 832/640 1129/643
f 856/639 1129/643 967/641
f 1129/643 832/640 969/644
f 1614/625 1384/642 1471/645
f 1471/645 1384/642 967/641
f 1614/625 1471/645 1572/608
f 967/641 1129/643 1448/646
f 967/641 1448/646 1471/645
f 1471/645 1448/646 1572/608
f 1448/646 1129/643 1256/647
f 1572/608 1448/646 1418/648
f 942/649 969/650 832/651
f 942/649 832/651 922/652
f 942/649 922/652 1377/653
f 1377/653 922/652 1015/654
f 1377/653 1015/654 1597/655
f 922/652 832/651 898/656
f 922/652 898/656 1015/654
f 898/656 832/651 827/657
f 827/657 832/651 755/658
f 827/657 755/658 685/659
f 1015/654 898/656 1071/660
f 1015/654 1071/660 1597/655
f 898/656 827/657 916/661
f 898/656 916/661 1071/660
f 827/657 685/659 719/662
f 827/657 719/662 916/661
f 719/662 685/659 81/663
f 1071/660 916/661 1003/664
f 1003/664 916/661 719/662
f 1003/664 719/662 21/665
f 21/665 719/662 81/663
f 21/665 81/663 67/666
f 67/666 81/663 88/667
f 21/665 67/666 920/668
f 21/665 920/668 1003/664
f 1003/664 920/668 1280/669
f 1003/664 1280/669 1071/660
f 1071/660 1280/669 1465/670
f 1071/660 1465/670 1597/655
f 1465/670 1280/669 1632/671
f 1632/671 1280/669 1381/672
f 1465/670 1632/671 1934/673
f 1597/655 1465/670 1712/674
f 1712/674 1465/670 1934/673
f 1597/655 1712/674 1798/675
f 1934/673 1632/671 1790/676
f 1798/675 1712/674 1962/677
f 1962/677 1712/674 1934/673
f 1798/675 1962/677 2086/678
f 2086/678 1962/677 2209/679
f 2209/679 1962/677 2159/680
f 2159/680 1962/677 1934/673
f 2209/679 2159/680 2326/681
f 1934/673 1790/676 2130/682
f 1934/673 2130/682 2159/680
f 2130/682 1790/676 2259/683
f 2130/682 2259/683 2334/684
f 2130/682 2334/684 2159/680
f 2159/680 2334/684 2326/681
f 2326/681 2334/684 2405/685
f 2326/681 2405/685 2395/686
f 1981/687 2070/688 2115/689
f 1981/687 2115/689 1840/690
f 1840/690 2115/689 1762/691
f 1981/687 1840/690 1406/692
f 1981/687 1406/692 1667/693
f 1840/690 1762/691 1193/694
f 1667/693 1406/692 769/695
f 1667/693 769/695 1058/696
f 1406/692 1840/690 730/697
f 730/697 1840/690 1193/694
f 1406/692 730/697 769/695
f 1058/696 769/695 720/698
f 1193/694 1762/691 989/699
f 989/699 1762/691 1188/700
f 730/697 1193/694 64/701
f 64/701 1193/694 989/699
f 769/695 730/697 82/702
f 82/702 730/697 64/701
f 769/695 82/702 720/698
f 989/699 1188/700 58/703
f 58/703 1188/700 767/704
f 64/701 989/699 153/705
f 153/705 989/699 58/703
f 82/702 64/701 159/706
f 159/706 64/701 153/705
f 720/698 82/702 137/707
f 137/707 82/702 159/706
f 720/698 137/707 53/708
f 153/705 58/703 226/709
f 153/705 226/709 159/706
f 226/709 58/703 252/710
f 226/709 252/710 241/711
f 159/706 226/709 172/712
f 159/706 172/712 137/707
f 172/712 226/709 241/711
f 141/713 53/708 137/707
f 141/713 137/707 172/712
f 53/708 141/713 88/714
f 53/708 88/714 81/715
f 141/713 172/712 119/716
f 141/713 119/716 88/714
f 172/712 241/711 191/717
f 191/717 241/711 327/718
f 172/712 191/717 99/719
f 172/712 99/719 119/716
f 88/714 119/716 69/720
f 88/714 69/720 67/721
f 67/721 69/720 739/722
f 739/722 69/720 119/716
f 67/721 739/722 920/723
f 99/719 191/717 76/724
f 76/724 191/717 216/725
f 76/724 216/725 80/726
f 802/727 119/716 99/719
f 802/727 99/719 76/724
f 119/716 802/727 739/722
f 76/724 80/726 957/728
f 76/724 957/728 802/727
f 957/728 80/726 963/729
f 739/722 802/727 990/730
f 990/730 802/727 957/728
f 739/722 990/730 920/723
f 957/728 963/729 1278/731
f 957/728 1278/731 990/730
f 920/723 990/730 1381/732
f 920/723 1381/732 1280/733
f 990/730 1278/731 1419/734
f 990/730 1419/734 1381/732
f 1278/731 963/729 1521/735
f 1381/732 1419/734 1553/736
f 1553/736 1419/734 1278/731
f 1553/736 1278/731 1521/735
f 1381/732 1553/736 1632/737
f 1632/737 1553/736 1790/738
f 1790/738 1553/736 1521/735
f 1521/735 963/729 1409/739
f 1790/738 1521/735 1786/740
f 1790/738 1786/740 2259/741
f 1521/735 1409/739 1773/742
f 1773/742 1409/739 1733/743
f 1773/742 1733/743 1971/744
f 1521/735 1773/742 1903/745
f 1521/735 1903/745 1786/740
f 1773/742 1971/744 2009/746
f 1773/742 2009/746 1903/745
f 2009/746 1971/744 2117/747
f 1786/740 1903/745 2118/748
f 1786/740 2118/748 2259/741
f 1903/745 2009/746 2124/749
f 1903/745 2124/749 2118/748
f 2009/746 2117/747 2135/750
f 2009/746 2135/750 2124/749
f 2135/750 2117/747 2109/751
f 2259/741 2118/748 2187/752
f 2187/752 2118/748 2124/749
f 2259/741 2187/752 2333/753
f 2333/753 2187/752 2345/754
f 2135/750 2109/751 2091/755
f 2091/755 2109/751 1979/756
f 2033/757 2124/749 2135/750
f 2033/757 2135/750 2091/755
f 2187/752 2124/749 2111/758
f 2111/758 2124/749 2033/757
f 2091/755 1979/756 1805/759
f 2091/755 1805/759 2033/757
f 1805/759 1979/756 1520/760
f 2111/758 2033/757 1916/761
f 1916/761 2033/757 1805/759
f 2187/752 2111/758 2229/762
f 2187/752 2229/762 2345/754
f 1805/759 1520/760 1571/763
f 1805/759 1571/763 1916/761
f 1571/763 1520/760 1181/764
f 1571/763 1181/764 1188/765
f 1571/763 1188/765 1762/766
f 1571/763 1762/766 1916/761
f 1916/761 1762/766 2059/767
f 1916/761 2059/767 2111/758
f 2111/758 2059/767 2229/762
f 2059/767 1762/766 2115/768
f 2229/762 2059/767 2248/769
f 2248/769 2059/767 2115/768
f 2229/762 2248/769 2345/754
f 2248/769 2115/768 2352/770
f 2248/769 2352/770 2345/754
f 1259/771 1550/772 1247/773
f 1259/771 1247/773 1065/774
f 1259/771 1065/774 1420/775
f 1259/771 1420/775 1550/772
f 1420/775 1065/774 1209/776
f 1550/772 1420/775 1683/777
f 1247/773 1550/772 1438/778
f 1247/773 1438/778 965/779
f 1550/772 1683/777 2035/780
f 1550/772 2035/780 1438/778
f 2035/780 1683/777 2032/781
f 1438/778 2035/780 2126/782
f 2035/780 2032/781 2101/783
f 2035/780 2101/783 2126/782
f 2101/783 2032/781 2207/784
f 2101/783 2207/784 2134/785
f 2134/785 2207/784 2258/786
f 2101/783 2134/785 2131/787
f 2131/787 2134/785 2258/786
f 2101/783 2131/787 2126/782
f 2131/787 2258/786 2184/788
f 2184/788 2258/786 2203/789
f 2184/788 2203/789 2087/790
f 2131/787 2184/788 2077/791
f 2131/787 2077/791 2126/782
f 2184/788 2087/790 1945/792
f 2184/788 1945/792 2077/791
f 1945/792 2087/790 1776/793
f 1776/793 2087/790 2081/794
f 2077/791 1945/792 2039/795
f 2039/795 1945/792 1776/793
f 2077/791 2039/795 2126/782
f 1575/796 1776/793 1815/797
f 2039/795 1776/793 1501/798
f 1501/798 1776/793 1575/796
f 2126/782 2039/795 2054/799
f 2039/795 1501/798 2040/800
f 2039/795 2040/800 2054/799
f 1501/798 1575/796 1332/801
f 1332/801 1575/796 1302/802
f 1332/801 1302/802 57/803
f 57/803 1302/802 850/804
f 57/803 850/804 693/805
f 57/803 693/805 183/806
f 1332/801 57/803 1077/807
f 1332/801 1077/807 1501/798
f 57/803 183/806 711/808
f 57/803 711/808 1077/807
f 711/808 183/806 201/809
f 1501/798 1077/807 1716/810
f 1501/798 1716/810 2040/800
f 1077/807 711/808 1343/811
f 1077/807 1343/811 1716/810
f 711/808 201/809 2/812
f 711/808 2/812 1343/811
f 2/812 201/809 176/813
f 2/812 176/813 74/814
f 2/812 74/814 1343/811
f 74/814 176/813 121/815
f 1716/810 1343/811 1245/816
f 1245/816 1343/811 74/814
f 74/814 121/815 753/817
f 74/814 753/817 1245/816
f 753/817 121/815 98/818
f 1245/816 753/817 1085/819
f 1085/819 753/817 829/820
f 1245/816 1085/819 1652/821
f 1716/810 1245/816 1686/822
f 1686/822 1245/816 1652/821
f 1716/810 1686/822 2041/823
f 1716/810 2041/823 2040/800
f 1686/822 1652/821 1896/824
f 1686/822 1896/824 2041/823
f 1896/824 1652/821 1996/825
f 1896/824 1996/825 2103/826
f 2040/800 2041/823 2054/799
f 2054/799 2041/823 1896/824
f 1896/824 2103/826 2066/827
f 1896/824 2066/827 2054/799
f 2066/827 2103/826 2121/828
f 2066/827 2121/828 1999/829
f 2066/827 1999/829 1885/830
f 1885/830 1999/829 1744/831
f 1885/830 1744/831 1587/832
f 2066/827 1885/830 1980/833
f 2066/827 1980/833 2054/799
f 1885/830 1587/832 1822/834
f 1885/830 1822/834 1980/833
f 1822/834 1587/832 1787/835
f 2054/799 1980/833 1871/836
f 1871/836 1980/833 1822/834
f 1871/836 1822/834 1787/835
f 2054/799 1871/836 2126/782
f 2126/782 1871/836 1787/835
f 1065/837 828/838 1209/839
f 1209/839 828/838 978/840
f 828/838 1065/837 1247/841
f 978/840 828/838 746/842
f 828/838 1247/841 965/843
f 746/842 828/838 55/844
f 746/842 55/844 91/845
f 55/844 828/838 95/846
f 95/846 828/838 965/843
f 91/845 55/844 164/847
f 91/845 164/847 175/848
f 55/844 95/846 200/849
f 55/844 200/849 164/847
f 175/848 164/847 185/850
f 185/850 164/847 200/849
f 175/848 185/850 693/851
f 693/851 185/850 183/852
f 183/852 185/850 200/849
f 183/852 200/849 212/853
f 183/852 212/853 201/854
f 111/855 200/849 95/846
f 200/849 111/855 212/853
f 111/855 95/846 33/856
f 33/856 95/846 965/843
f 212/853 111/855 174/857
f 174/857 111/855 33/856
f 201/854 212/853 275/858
f 201/854 275/858 176/859
f 212/853 174/857 264/860
f 212/853 264/860 275/858
f 33/856 965/843 778/861
f 33/856 778/861 174/857
f 176/859 275/858 235/862
f 176/859 235/862 121/863
f 121/863 235/862 259/864
f 259/864 235/862 278/865
f 278/865 235/862 275/858
f 259/864 278/865 353/866
f 278/865 275/858 279/867
f 278/865 279/867 353/866
f 279/867 275/858 264/860
f 279/867 264/860 174/857
f 353/866 279/867 293/868
f 293/868 279/867 174/857
f 293/868 174/857 171/869
f 171/869 174/857 778/861
f 293/868 171/869 345/870
f 171/869 778/861 93/871
f 171/869 93/871 245/872
f 93/871 778/861 973/873
f 973/873 778/861 965/843
f 93/871 973/873 815/874
f 973/873 965/843 1227/875
f 1227/875 965/843 1438/876
f 815/874 973/873 1168/877
f 1168/877 973/873 1227/875
f 815/874 1168/877 1190/878
f 815/874 1190/878 1038/879
f 1038/879 1190/878 1437/880
f 1437/880 1190/878 1587/881
f 1437/880 1587/881 1744/882
f 1190/878 1168/877 1548/883
f 1548/883 1168/877 1227/875
f 1190/878 1548/883 1587/881
f 1548/883 1227/875 1438/876
f 1587/881 1548/883 1787/884
f 1787/884 1548/883 1438/876
f 1787/884 1438/876 2126/885
f 2247/886 2294/887 2360/888
f 2294/887 2247/886 2082/889
f 2294/887 2082/889 2003/890
f 2082/889 2247/886 1855/891
f 2082/889 1855/891 2003/890
f 2003/890 1855/891 1713/892
f 1713/892 1855/891 1679/893
f 2189/894 2325/895 2294/896
f 2325/895 2189/894 2234/897
f 2294/896 2325/895 2360/898
f 2360/898 2325/895 2363/899
f 2189/894 2294/896 2003/900
f 2189/894 2003/900 1912/901
f 1912/901 2003/900 1713/902
f 2406/903 2424/904 2408/905
f 2424/904 2406/903 2368/483
f 2406/903 2408/905 2371/906
f 2371/906 2408/905 2298/907
f 2368/483 2406/903 2355/908
f 2368/483 2355/908 2249/484
f 2355/908 2406/903 2375/909
f 2375/909 2406/903 2371/906
f 2249/484 2355/908 2338/910
f 2338/910 2355/908 2375/909
f 2249/484 2338/910 2207/492
f 2207/492 2338/910 2340/911
f 2340/911 2338/910 2375/909
f 2207/492 2340/911 2258/912
f 2258/912 2340/911 2203/913
f 2340/911 2375/909 2321/914
f 2340/911 2321/914 2203/913
f 2321/914 2375/909 2371/906
f 2203/913 2321/914 2087/915
f 2087/915 2321/914 2252/916
f 2252/916 2321/914 2371/906
f 2087/915 2252/916 2081/917
f 2252/916 2371/906 2265/918
f 2252/916 2265/918 2081/917
f 2265/918 2371/906 2298/907
f 2265/918 2298/907 1950/919
f 1950/919 2298/907 1997/920
f 2081/917 2265/918 1956/921
f 1956/921 2265/918 1950/919
f 2081/917 1956/921 1815/922
f 2081/917 1815/922 1776/923
f 1815/922 1956/921 1595/924
f 1595/924 1956/921 1950/919
f 1595/924 1950/919 1997/920
f 1595/924 1997/920 1758/925
f 1595/924 1758/925 1268/926
f 954/927 1188/928 1181/929
f 1188/928 954/927 767/930
f 954/927 1181/929 1060/931
f 58/932 767/930 252/933
f 767/930 954/927 763/934
f 252/933 767/930 48/935
f 48/935 767/930 763/934
f 252/933 48/935 208/936
f 252/933 208/936 324/937
f 324/937 208/936 323/938
f 208/936 48/935 213/939
f 208/936 213/939 323/938
f 213/939 48/935 763/934
f 845/940 763/934 954/927
f 845/940 954/927 1060/931
f 213/939 763/934 242/941
f 323/938 213/939 357/942
f 357/942 213/939 242/941
f 323/938 357/942 424/943
f 424/943 357/942 454/944
f 763/934 845/940 116/945
f 763/934 116/945 242/941
f 357/942 242/941 271/946
f 271/946 242/941 116/945
f 454/944 357/942 426/947
f 454/944 426/947 473/948
f 426/947 357/942 386/949
f 386/949 357/942 271/946
f 473/948 426/947 451/950
f 451/950 426/947 386/949
f 473/948 451/950 450/951
f 450/951 451/950 495/952
f 495/952 451/950 386/949
f 450/951 495/952 503/953
f 503/953 495/952 487/954
f 495/952 386/949 392/955
f 495/952 392/955 487/954
f 392/955 386/949 271/946
f 487/954 392/955 404/956
f 404/956 392/955 222/957
f 222/957 392/955 271/946
f 404/956 222/957 266/958
f 222/957 271/946 54/959
f 222/957 54/959 71/960
f 54/959 271/946 116/945
f 71/960 54/959 872/961
f 54/959 116/945 836/962
f 54/959 836/962 872/961
f 836/962 116/945 845/940
f 836/962 845/940 1060/931
f 872/961 836/962 1046/963
f 872/961 1046/963 1182/964
f 1046/963 836/962 1060/931
f 1046/963 1060/931 1334/965
f 1046/963 1334/965 1538/966
f 1334/965 1060/931 1397/967
f 1397/967 1060/931 1491/968
f 1491/968 1060/931 1181/929
f 1491/968 1181/929 1520/969
f 1491/968 1520/969 1756/970
f 1756/970 1520/969 1979/971
f 1397/967 1491/968 1547/972
f 1547/972 1491/968 1756/970
f 1547/972 1756/970 2055/973
f 1756/970 1979/971 1992/974
f 1756/970 1992/974 2055/973
f 1992/974 1979/971 2109/975
f 1992/974 2109/975 2178/976
f 1992/974 2178/976 2055/973
f 2178/976 2109/975 2117/977
f 1746/978 1397/967 1547/972
f 1746/978 1547/972 2055/973
f 1397/967 1746/978 1681/979
f 1397/967 1681/979 1334/965
f 1334/965 1681/979 1677/980
f 1334/965 1677/980 1761/981
f 1761/981 1677/980 1893/982
f 1893/982 1677/980 1681/979
f 1761/981 1893/982 1973/983
f 1973/983 1893/982 2076/984
f 1893/982 1681/979 1804/985
f 1804/985 1681/979 1746/978
f 2076/984 1893/982 2142/986
f 2142/986 1893/982 1804/985
f 1804/985 1746/978 2016/987
f 2016/987 1746/978 2055/973
f 2016/987 2055/973 2112/988
f 2112/988 2055/973 2178/976
f 1804/985 2016/987 2116/989
f 2116/989 2016/987 2112/988
f 2142/986 1804/985 2094/990
f 2094/990 1804/985 2116/989
f 2116/989 2112/988 2193/991
f 2116/989 2193/991 2094/990
f 2112/988 2178/976 2174/992
f 2174/992 2178/976 2117/977
f 2174/992 2117/977 1971/993
f 2174/992 1971/993 2104/994
f 2104/994 1971/993 1935/995
f 2112/988 2174/992 2065/996
f 2065/996 2174/992 2104/994
f 2112/988 2065/996 2193/991
f 2065/996 2104/994 1935/995
f 2065/996 1935/995 2193/991
f 2193/991 1935/995 2095/997
f 2193/991 2095/997 2094/990
f 2094/990 2095/997 2198/998
f 2094/990 2198/998 2142/986
f 2198/998 2095/997 2069/999
f 2069/999 2095/997 1884/1000
f 2069/999 1884/1000 2063/1001
f 2069/999 2063/1001 2211/1002
f 2069/999 2211/1002 2160/1003
f 2069/999 2160/1003 2198/998
f 2198/998 2160/1003 2142/986
f 2142/986 2160/1003 2076/984
f 2076/984 2160/1003 2156/1004
f 1558/1005 1733/1006 1409/1007
f 1935/1008 1971/1009 1733/1006
f 1935/1008 1733/1006 1558/1005
f 1558/1005 1409/1007 1198/1010
f 1198/1010 1409/1007 963/1011
f 1935/1008 1558/1005 1796/1012
f 1935/1008 1796/1012 2095/1013
f 2095/1013 1796/1012 1884/1014
f 1796/1012 1558/1005 1493/1015
f 1493/1015 1558/1005 1198/1010
f 1884/1014 1796/1012 1665/1016
f 1665/1016 1796/1012 1493/1015
f 1884/1014 1665/1016 2063/1017
f 2063/1017 1665/1016 1803/1018
f 714/1019 1198/1010 963/1011
f 714/1019 963/1011 80/1020
f 1493/1015 1198/1010 793/1021
f 714/1019 80/1020 246/1022
f 246/1022 80/1020 216/1023
f 1198/1010 714/1019 13/1024
f 1198/1010 13/1024 793/1021
f 714/1019 246/1022 273/1025
f 714/1019 273/1025 13/1024
f 246/1022 216/1023 332/1026
f 246/1022 332/1026 273/1025
f 332/1026 216/1023 327/1027
f 327/1027 216/1023 191/1028
f 273/1025 332/1026 383/1029
f 383/1029 332/1026 327/1027
f 241/1030 252/1031 327/1027
f 327/1027 252/1031 324/1032
f 327/1027 324/1032 383/1029
f 383/1029 324/1032 323/1033
f 383/1029 323/1033 424/1034
f 383/1029 424/1034 429/1035
f 429/1035 424/1034 454/1036
f 346/1037 273/1025 383/1029
f 346/1037 383/1029 429/1035
f 429/1035 454/1036 446/1038
f 429/1035 446/1038 346/1037
f 446/1038 454/1036 473/1039
f 446/1038 473/1039 450/1040
f 273/1025 346/1037 233/1041
f 273/1025 233/1041 13/1024
f 346/1037 446/1038 396/1042
f 346/1037 396/1042 233/1041
f 446/1038 450/1040 417/1043
f 446/1038 417/1043 396/1042
f 13/1024 233/1041 294/1044
f 294/1044 233/1041 396/1042
f 294/1044 396/1042 417/1043
f 13/1024 294/1044 793/1021
f 417/1043 450/1040 427/1045
f 417/1043 427/1045 294/1044
f 427/1045 450/1040 503/1046
f 427/1045 503/1046 494/1047
f 427/1045 494/1047 390/1048
f 427/1045 390/1048 294/1044
f 793/1021 294/1044 779/1049
f 779/1049 294/1044 390/1048
f 793/1021 779/1049 1493/1015
f 1493/1015 779/1049 1665/1016
f 779/1049 390/1048 765/1050
f 779/1049 765/1050 1665/1016
f 765/1050 390/1048 291/1051
f 1665/1016 765/1050 1069/1052
f 291/1051 390/1048 354/1053
f 354/1053 390/1048 481/1054
f 765/1050 291/1051 786/1055
f 765/1050 786/1055 1069/1052
f 291/1051 354/1053 255/1056
f 354/1053 481/1054 434/1057
f 354/1053 434/1057 255/1056
f 434/1057 481/1054 524/1058
f 434/1057 524/1058 403/1059
f 434/1057 403/1059 255/1056
f 403/1059 524/1058 484/1060
f 291/1051 255/1056 120/1061
f 291/1051 120/1061 786/1055
f 255/1056 403/1059 258/1062
f 120/1061 255/1056 117/1063
f 120/1061 117/1063 786/1055
f 117/1063 255/1056 258/1062
f 403/1059 484/1060 482/1064
f 482/1064 484/1060 486/1065
f 486/1065 484/1060 458/1066
f 403/1059 482/1064 370/1067
f 403/1059 370/1067 258/1062
f 482/1064 486/1065 419/1068
f 482/1064 419/1068 370/1067
f 486/1065 458/1066 409/1069
f 486/1065 409/1069 419/1068
f 409/1069 458/1066 305/1070
f 370/1067 419/1068 428/1071
f 258/1062 370/1067 345/1072
f 345/1072 370/1067 428/1071
f 258/1062 345/1072 245/1073
f 245/1073 345/1072 171/1074
f 258/1062 245/1073 131/1075
f 258/1062 131/1075 117/1063
f 131/1075 245/1073 93/1076
f 345/1072 428/1071 353/1077
f 345/1072 353/1077 293/1078
f 117/1063 131/1075 697/1079
f 697/1079 131/1075 93/1076
f 117/1063 697/1079 786/1055
f 697/1079 93/1076 815/1080
f 786/1055 697/1079 864/1081
f 864/1081 697/1079 815/1080
f 786/1055 864/1081 1069/1052
f 864/1081 815/1080 1038/1082
f 1069/1052 864/1081 1180/1083
f 1180/1083 864/1081 1038/1082
f 1069/1052 1180/1083 1457/1084
f 1069/1052 1457/1084 1665/1016
f 1180/1083 1038/1082 1474/1085
f 1180/1083 1474/1085 1457/1084
f 1474/1085 1038/1082 1437/1086
f 1665/1016 1457/1084 1803/1018
f 1474/1085 1437/1086 1693/1087
f 1474/1085 1693/1087 1457/1084
f 1693/1087 1437/1086 1744/1088
f 1803/1018 1457/1084 1778/1089
f 1778/1089 1457/1084 1693/1087
f 1803/1018 1778/1089 2058/1090
f 1693/1087 1744/1088 1852/1091
f 1693/1087 1852/1091 1778/1089
f 1778/1089 1852/1091 2058/1090
f 1852/1091 1744/1088 1999/1092
f 2058/1090 1852/1091 2030/1093
f 2030/1093 1852/1091 1999/1092
f 2093/1094 1999/1095 2121/1096
f 1999/1095 2093/1094 2030/1097
f 2093/1094 2121/1096 2103/1098
f 2030/1097 2093/1094 2140/1099
f 2140/1099 2093/1094 2103/1098
f 2030/1097 2140/1099 2058/1100
f 2140/1099 2103/1098 2157/1101
f 2157/1101 2103/1098 1996/1102
f 2058/1100 2140/1099 2172/1103
f 2157/1101 1996/1102 2028/1104
f 2140/1099 2157/1101 2127/1105
f 2140/1099 2127/1105 2172/1103
f 2028/1104 1996/1102 1742/1106
f 1742/1106 1996/1102 1652/1107
f 2157/1101 2028/1104 1940/1108
f 1940/1108 2028/1104 1742/1106
f 2127/1105 2157/1101 1949/1109
f 1949/1109 2157/1101 1940/1108
f 2172/1103 2127/1105 2061/1110
f 2061/1110 2127/1105 1949/1109
f 1742/1106 1652/1107 1368/1111
f 1368/1111 1652/1107 1085/1112
f 1940/1108 1742/1106 1709/1113
f 1709/1113 1742/1106 1368/1111
f 1940/1108 1709/1113 1949/1109
f 1368/1111 1085/1112 956/1114
f 956/1114 1085/1112 829/1115
f 1709/1113 1368/1111 1446/1116
f 1446/1116 1368/1111 956/1114
f 1949/1109 1709/1113 1853/1117
f 1853/1117 1709/1113 1446/1116
f 1949/1109 1853/1117 2061/1110
f 1853/1117 1446/1116 1725/1118
f 1725/1118 1446/1116 1525/1119
f 2061/1110 1853/1117 2145/1120
f 1525/1119 1446/1116 1173/1121
f 1173/1121 1446/1116 956/1114
f 2061/1110 2145/1120 2227/1122
f 1173/1121 956/1114 722/1123
f 1173/1121 722/1123 686/1124
f 722/1123 956/1114 702/1125
f 702/1125 956/1114 829/1115
f 702/1125 829/1115 98/1126
f 98/1126 829/1115 753/1127
f 2061/1110 2227/1122 2139/1128
f 2061/1110 2139/1128 2172/1103
f 2172/1103 2139/1128 2060/1129
f 2060/1129 2139/1128 2227/1122
f 2172/1103 2060/1129 2058/1100
f 2058/1100 2060/1129 1803/1130
f 2060/1129 2227/1122 2161/1131
f 2060/1129 2161/1131 1803/1130
f 2161/1131 2227/1122 2254/1132
f 1803/1130 2161/1131 2063/1133
f 2063/1133 2161/1131 2211/1134
f 362/1135 353/1077 428/1071
f 353/1077 362/1135 259/1136
f 362/1135 428/1071 438/1137
f 438/1137 428/1071 419/1068
f 438/1137 419/1068 409/1069
f 362/1135 438/1137 322/1138
f 322/1138 438/1137 409/1069
f 259/1136 362/1135 253/1139
f 253/1139 362/1135 322/1138
f 259/1136 253/1139 98/1140
f 259/1136 98/1140 121/1141
f 98/1140 253/1139 189/1142
f 189/1142 253/1139 322/1138
f 98/1140 189/1142 702/1143
f 322/1138 409/1069 269/1144
f 322/1138 269/1144 189/1142
f 269/1144 409/1069 138/1145
f 269/1144 138/1145 189/1142
f 189/1142 138/1145 702/1143
f 138/1145 409/1069 305/1070
f 702/1143 138/1145 722/1146
f 138/1145 305/1070 196/1147
f 138/1145 196/1147 722/1146
f 2129/1148 1761/1149 1973/1150
f 2076/1151 2156/1152 1973/1150
f 1973/1150 2156/1152 2328/1153
f 1973/1150 2328/1153 2129/1148
f 2328/1153 2156/1152 2331/1154
f 2331/1154 2156/1152 2160/1155
f 2331/1154 2160/1155 2388/1156
f 2388/1156 2160/1155 2211/1157
f 2388/1156 2211/1157 2254/1158
f 2331/1154 2388/1156 2416/1159
f 2331/1154 2416/1159 2328/1153
f 2416/1159 2388/1156 2392/1160
f 2328/1153 2416/1159 2319/1161
f 2328/1153 2319/1161 2129/1148
f 2369/1162 2416/1159 2347/1163
f 2416/1159 2369/1162 2319/1161
f 2442/1164 2441/1165 2369/1162
f 2341/1166 2441/1165 2309/1167
f 2441/1165 2341/1166 2378/1168
f 2441/1165 2378/1168 2369/1162
f 2378/1168 2341/1166 2287/1169
f 2369/1162 2378/1168 2373/1170
f 2369/1162 2373/1170 2319/1161
f 2378/1168 2287/1169 2374/1171
f 2378/1168 2374/1171 2373/1170
f 2374/1171 2287/1169 2403/1172
f 2403/1172 2287/1169 2186/1173
f 2373/1170 2374/1171 2428/1174
f 2428/1174 2374/1171 2403/1172
f 2373/1170 2428/1174 2319/1161
f 2403/1172 2186/1173 2307/1175
f 2403/1172 2307/1175 2428/1174
f 2307/1175 2186/1173 1970/1176
f 1970/1176 2186/1173 2133/1177
f 1970/1176 2133/1177 1845/1178
f 2319/1161 2428/1174 2324/1179
f 2324/1179 2428/1174 2307/1175
f 2307/1175 1970/1176 2180/1180
f 2307/1175 2180/1180 2324/1179
f 1970/1176 1845/1178 1959/1181
f 1970/1176 1959/1181 2180/1180
f 2319/1161 2324/1179 2037/1182
f 2037/1182 2324/1179 2180/1180
f 2037/1182 2180/1180 1959/1181
f 2319/1161 2037/1182 2129/1148
f 1959/1181 1845/1178 1660/1183
f 1660/1183 1845/1178 1496/1184
f 2037/1182 1959/1181 1882/1185
f 1882/1185 1959/1181 1908/1186
f 1908/1186 1959/1181 1660/1183
f 1882/1185 1908/1186 1732/1187
f 1732/1187 1908/1186 1660/1183
f 1882/1185 1732/1187 2037/1182
f 1660/1183 1496/1184 1291/1188
f 1782/1189 2129/1148 2037/1182
f 2129/1148 1782/1189 1761/1149
f 1782/1189 2037/1182 1720/1190
f 1720/1190 2037/1182 1732/1187
f 1761/1149 1782/1189 1538/1191
f 1761/1149 1538/1191 1334/1192
f 1782/1189 1720/1190 1533/1193
f 1782/1189 1533/1193 1538/1191
f 1533/1193 1720/1190 1489/1194
f 1538/1191 1533/1193 1262/1195
f 1262/1195 1533/1193 1489/1194
f 1489/1194 1720/1190 1174/1196
f 1174/1196 1720/1190 1732/1187
f 1489/1194 1174/1196 1262/1195
f 1538/1191 1262/1195 1182/1197
f 1538/1191 1182/1197 1046/1198
f 1182/1197 1262/1195 830/1199
f 1262/1195 1174/1196 833/1200
f 1262/1195 833/1200 830/1199
f 833/1200 1174/1196 735/1201
f 830/1199 833/1200 156/1202
f 156/1202 833/1200 735/1201
f 1182/1197 830/1199 20/1203
f 830/1199 156/1202 289/1204
f 830/1199 289/1204 20/1203
f 156/1202 735/1201 150/1205
f 1182/1197 20/1203 71/1206
f 1182/1197 71/1206 872/1207
f 71/1206 20/1203 328/1208
f 328/1208 20/1203 289/1204
f 71/1206 328/1208 266/1209
f 71/1206 266/1209 222/1210
f 266/1209 328/1208 388/1211
f 266/1209 388/1211 404/1212
f 328/1208 289/1204 418/1213
f 328/1208 418/1213 388/1211
f 404/1212 388/1211 501/1214
f 501/1214 388/1211 418/1213
f 404/1212 501/1214 487/1215
f 418/1213 289/1204 455/1216
f 501/1214 418/1213 492/1217
f 492/1217 418/1213 455/1216
f 487/1215 501/1214 494/1218
f 487/1215 494/1218 503/1219
f 501/1214 492/1217 528/1220
f 501/1214 528/1220 494/1218
f 481/1221 390/1222 494/1218
f 481/1221 494/1218 533/1223
f 533/1223 494/1218 528/1220
f 481/1221 533/1223 557/1224
f 557/1224 533/1223 528/1220
f 528/1220 492/1217 534/1225
f 534/1225 492/1217 455/1216
f 557/1224 528/1220 586/1226
f 557/1224 586/1226 547/1227
f 547/1227 586/1226 578/1228
f 578/1228 586/1226 640/1229
f 586/1226 528/1220 551/1230
f 551/1230 528/1220 534/1225
f 586/1226 551/1230 640/1229
f 551/1230 534/1225 609/1231
f 543/1232 534/1225 455/1216
f 534/1225 543/1232 609/1231
f 543/1232 455/1216 466/1233
f 551/1230 609/1231 603/1234
f 466/1233 455/1216 247/1235
f 247/1235 455/1216 289/1204
f 247/1235 289/1204 156/1202
f 551/1230 603/1234 636/1236
f 551/1230 636/1236 640/1229
f 603/1234 609/1231 602/1237
f 602/1237 609/1231 543/1232
f 636/1236 603/1234 589/1238
f 589/1238 603/1234 602/1237
f 602/1237 543/1232 513/1239
f 513/1239 543/1232 466/1233
f 589/1238 602/1237 544/1240
f 544/1240 602/1237 513/1239
f 636/1236 589/1238 649/1241
f 636/1236 649/1241 640/1229
f 513/1239 466/1233 380/1242
f 380/1242 466/1233 247/1235
f 664/1243 638/1244 640/1229
f 664/1243 640/1229 666/1245
f 666/1245 640/1229 649/1241
f 664/1243 666/1245 655/1246
f 655/1246 666/1245 669/1247
f 669/1247 666/1245 649/1241
f 655/1246 669/1247 670/1248
f 669/1247 649/1241 647/1249
f 669/1247 647/1249 670/1248
f 647/1249 649/1241 589/1238
f 670/1248 647/1249 644/1250
f 647/1249 589/1238 594/1251
f 647/1249 594/1251 585/1252
f 585/1252 594/1251 615/1253
f 615/1253 594/1251 590/1254
f 594/1251 589/1238 544/1240
f 594/1251 544/1240 590/1254
f 590/1254 544/1240 605/1255
f 605/1255 544/1240 472/1256
f 472/1256 544/1240 513/1239
f 605/1255 472/1256 376/1257
f 472/1256 513/1239 385/1258
f 472/1256 385/1258 376/1257
f 385/1258 513/1239 380/1242
f 376/1257 385/1258 179/1259
f 376/1257 179/1259 368/1260
f 385/1258 380/1242 248/1261
f 385/1258 248/1261 179/1259
f 248/1261 380/1242 247/1235
f 179/1259 248/1261 207/1262
f 248/1261 247/1235 262/1263
f 248/1261 262/1263 207/1262
f 262/1263 247/1235 150/1205
f 150/1205 247/1235 156/1202
f 207/1262 262/1263 142/1264
f 142/1264 262/1263 150/1205
f 179/1259 207/1262 85/1265
f 85/1265 207/1262 142/1264
f 179/1259 85/1265 933/1266
f 179/1259 933/1266 959/1267
f 85/1265 142/1264 89/1268
f 89/1268 142/1264 150/1205
f 933/1266 85/1265 1032/1269
f 1032/1269 85/1265 89/1268
f 933/1266 1032/1269 1291/1188
f 933/1266 1291/1188 1496/1184
f 89/1268 150/1205 1025/1270
f 89/1268 1025/1270 1032/1269
f 1025/1270 150/1205 735/1201
f 1025/1270 735/1201 1174/1196
f 1032/1269 1025/1270 1130/1271
f 1032/1269 1130/1271 1291/1188
f 1130/1271 1025/1270 1140/1272
f 1025/1270 1174/1196 1405/1273
f 1025/1270 1405/1273 1140/1272
f 1405/1273 1174/1196 1732/1187
f 1130/1271 1140/1272 1391/1274
f 1391/1274 1140/1272 1405/1273
f 1291/1188 1130/1271 1433/1275
f 1433/1275 1130/1271 1391/1274
f 1433/1275 1391/1274 1405/1273
f 1433/1275 1405/1273 1732/1187
f 1291/1188 1433/1275 1660/1183
f 1660/1183 1433/1275 1732/1187
f 1499/1276 1847/1277 1900/1278
f 1900/1278 1847/1277 2062/1279
f 1499/1276 1900/1278 1536/1280
f 1536/1280 1900/1278 2062/1279
f 1847/1277 1499/1276 1544/1281
f 2062/1279 1847/1277 1991/1282
f 1991/1282 1847/1277 1544/1281
f 1991/1282 1544/1281 1845/1283
f 1845/1283 1544/1281 1496/1284
f 1991/1282 1845/1283 2133/1285
f 1496/1284 1544/1281 959/1286
f 1496/1284 959/1286 933/1287
f 1037/1288 1544/1281 1499/1276
f 1544/1281 1037/1288 959/1286
f 1991/1282 2133/1285 2283/1289
f 1991/1282 2283/1289 2062/1279
f 2283/1289 2133/1285 2289/1290
f 2289/1290 2133/1285 2186/1291
f 2289/1290 2186/1291 2287/1292
f 959/1286 1037/1288 220/1293
f 959/1286 220/1293 179/1294
f 179/1294 220/1293 368/1295
f 2289/1290 2287/1292 2361/1296
f 2361/1296 2287/1292 2341/1297
f 2361/1296 2341/1297 2322/1298
f 2289/1290 2361/1296 2343/1299
f 2289/1290 2343/1299 2283/1289
f 2343/1299 2361/1296 2418/1300
f 2283/1289 2343/1299 2190/1301
f 2283/1289 2190/1301 2062/1279
f 2343/1299 2418/1300 2379/1302
f 2190/1301 2343/1299 2260/1303
f 2260/1303 2343/1299 2379/1302
f 2190/1301 2260/1303 2113/1304
f 2190/1301 2113/1304 2062/1279
f 2411/1305 2423/1306 2418/1300
f 2418/1300 2423/1306 2412/1307
f 2418/1300 2412/1307 2379/1302
f 2412/1307 2423/1306 2453/1308
f 2453/1308 2423/1306 2454/1309
f 2453/1308 2454/1309 2431/1310
f 2453/1308 2431/1310 2456/1311
f 2453/1308 2456/1311 2458/1312
f 2412/1307 2453/1308 2443/1313
f 2443/1313 2453/1308 2458/1312
f 2412/1307 2443/1313 2379/1302
f 2443/1313 2458/1312 2346/1314
f 2443/1313 2346/1314 2379/1302
f 2346/1314 2458/1312 2381/1315
f 2346/1314 2381/1315 2251/1316
f 2379/1302 2346/1314 2291/1317
f 2379/1302 2291/1317 2260/1303
f 2346/1314 2251/1316 2170/1318
f 2346/1314 2170/1318 2291/1317
f 2170/1318 2251/1316 2194/1319
f 2170/1318 2194/1319 2073/1320
f 2170/1318 2073/1320 2291/1317
f 2073/1320 2194/1319 2327/1321
f 2260/1303 2291/1317 2141/1322
f 2260/1303 2141/1322 2113/1304
f 2291/1317 2073/1320 1943/1323
f 2141/1322 2291/1317 1984/1324
f 1984/1324 2291/1317 1943/1323
f 2141/1322 1984/1324 2036/1325
f 2141/1322 2036/1325 2113/1304
f 1984/1324 1943/1323 1789/1326
f 1984/1324 1789/1326 2036/1325
f 1943/1323 2073/1320 1833/1327
f 1943/1323 1833/1327 1789/1326
f 1833/1327 2073/1320 2088/1328
f 1833/1327 2088/1328 2014/1329
f 1833/1327 2014/1329 1657/1330
f 1799/1331 2113/1304 2036/1325
f 1799/1331 2036/1325 1789/1326
f 2113/1304 1799/1331 1995/1332
f 2113/1304 1995/1332 2062/1279
f 2062/1279 1995/1332 1838/1333
f 1838/1333 1995/1332 1799/1331
f 2062/1279 1838/1333 1536/1280
f 1799/1331 1789/1326 1661/1334
f 1799/1331 1661/1334 1838/1333
f 1661/1334 1789/1326 1833/1327
f 1536/1280 1838/1333 1590/1335
f 1590/1335 1838/1333 1661/1334
f 1661/1334 1833/1327 1650/1336
f 1650/1336 1833/1327 1657/1330
f 1650/1336 1657/1330 1290/1337
f 1290/1337 1657/1330 1646/1338
f 1650/1336 1290/1337 1161/1339
f 1161/1339 1290/1337 960/1340
f 1661/1334 1650/1336 1251/1341
f 1251/1341 1650/1336 1161/1339
f 1194/1342 1590/1335 1661/1334
f 1194/1342 1661/1334 1251/1341
f 1161/1339 960/1340 725/1343
f 1251/1341 1161/1339 885/1344
f 885/1344 1161/1339 725/1343
f 1251/1341 885/1344 1194/1342
f 1590/1335 1194/1342 1040/1345
f 1590/1335 1040/1345 1536/1280
f 1536/1280 1040/1345 1019/1346
f 1536/1280 1019/1346 914/1347
f 1536/1280 914/1347 1499/1276
f 1019/1346 1040/1345 26/1348
f 1019/1346 26/1348 914/1347
f 1040/1345 1194/1342 87/1349
f 1040/1345 87/1349 26/1348
f 1499/1276 914/1347 1048/1350
f 1499/1276 1048/1350 1037/1288
f 1048/1350 914/1347 170/1351
f 1037/1288 1048/1350 209/1352
f 209/1352 1048/1350 170/1351
f 1037/1288 209/1352 220/1293
f 170/1351 914/1347 227/1353
f 170/1351 227/1353 209/1352
f 209/1352 227/1353 220/1293
f 227/1353 914/1347 26/1348
f 220/1293 227/1353 368/1295
f 227/1353 26/1348 239/1354
f 239/1354 26/1348 87/1349
f 227/1353 239/1354 288/1355
f 227/1353 288/1355 368/1295
f 239/1354 87/1349 260/1356
f 288/1355 239/1354 315/1357
f 315/1357 239/1354 260/1356
f 288/1355 315/1357 416/1358
f 416/1358 315/1357 435/1359
f 435/1359 315/1357 260/1356
f 288/1355 416/1358 398/1360
f 398/1360 416/1358 435/1359
f 288/1355 398/1360 368/1295
f 435/1359 260/1356 431/1361
f 435/1359 431/1361 398/1360
f 368/1295 398/1360 468/1362
f 468/1362 398/1360 431/1361
f 368/1295 468/1362 560/1363
f 368/1295 560/1363 376/1364
f 376/1364 560/1363 605/1365
f 605/1365 560/1363 610/1366
f 605/1365 610/1366 590/1367
f 560/1363 468/1362 566/1368
f 560/1363 566/1368 610/1366
f 566/1368 468/1362 517/1369
f 517/1369 468/1362 431/1361
f 610/1366 566/1368 616/1370
f 566/1368 517/1369 567/1371
f 566/1368 567/1371 616/1370
f 517/1369 431/1361 475/1372
f 517/1369 475/1372 545/1373
f 517/1369 545/1373 567/1371
f 475/1372 431/1361 490/1374
f 545/1373 475/1372 506/1375
f 506/1375 475/1372 490/1374
f 567/1371 545/1373 556/1376
f 556/1376 545/1373 506/1375
f 556/1376 506/1375 440/1377
f 567/1371 556/1376 595/1378
f 595/1378 556/1376 623/1379
f 595/1378 623/1379 630/1380
f 567/1371 595/1378 617/1381
f 567/1371 617/1381 616/1370
f 595/1378 630/1380 622/1382
f 622/1382 630/1380 587/1383
f 622/1382 587/1383 536/1384
f 620/1385 536/1384 558/1386
f 536/1384 620/1385 622/1382
f 595/1378 622/1382 624/1387
f 595/1378 624/1387 617/1381
f 622/1382 620/1385 635/1388
f 635/1388 620/1385 629/1389
f 635/1388 629/1389 646/1390
f 622/1382 635/1388 634/1391
f 634/1391 635/1388 646/1390
f 622/1382 634/1391 624/1387
f 634/1391 646/1390 648/1392
f 634/1391 648/1392 624/1387
f 648/1392 646/1390 651/1393
f 648/1392 651/1393 661/1394
f 648/1392 661/1394 624/1387
f 661/1394 651/1393 660/1395
f 661/1394 660/1395 665/1396
f 624/1387 661/1394 654/1397
f 654/1397 661/1394 665/1396
f 624/1387 654/1397 617/1381
f 654/1397 665/1396 645/1398
f 654/1397 645/1398 617/1381
f 645/1398 665/1396 667/1399
f 667/1399 665/1396 662/1400
f 617/1381 645/1398 633/1401
f 633/1401 645/1398 667/1399
f 617/1381 633/1401 616/1370
f 633/1401 667/1399 656/1402
f 616/1370 633/1401 642/1403
f 642/1403 633/1401 656/1402
f 616/1370 642/1403 610/1366
f 642/1403 656/1402 659/1404
f 610/1366 642/1403 628/1405
f 610/1366 628/1405 590/1367
f 642/1403 659/1404 657/1406
f 642/1403 657/1406 628/1405
f 657/1406 659/1404 653/1407
f 657/1406 653/1407 639/1408
f 657/1406 639/1408 628/1405
f 628/1405 639/1408 590/1367
f 590/1367 639/1408 615/1409
f 615/1409 639/1408 632/1410
f 814/1411 1194/1342 885/1344
f 1194/1342 814/1411 87/1349
f 814/1411 885/1344 114/1412
f 114/1412 885/1344 725/1343
f 87/1349 814/1411 144/1413
f 144/1413 814/1411 114/1412
f 87/1349 144/1413 260/1356
f 114/1412 725/1343 163/1414
f 163/1414 725/1343 123/1415
f 163/1414 123/1415 405/1416
f 260/1356 144/1413 365/1417
f 260/1356 365/1417 431/1361
f 144/1413 114/1412 300/1418
f 144/1413 300/1418 365/1417
f 300/1418 114/1412 163/1414
f 431/1361 365/1417 490/1374
f 490/1374 365/1417 300/1418
f 490/1374 300/1418 379/1419
f 379/1419 300/1418 163/1414
f 490/1374 379/1419 520/1420
f 490/1374 520/1420 506/1375
f 379/1419 163/1414 459/1421
f 379/1419 459/1421 520/1420
f 520/1420 459/1421 506/1375
f 459/1421 163/1414 405/1416
f 506/1375 459/1421 440/1377
f 440/1377 459/1421 405/1416
f 632/1422 598/1423 615/1424
f 598/1423 632/1422 591/1425
f 598/1423 591/1425 521/1426
f 653/1427 632/1422 639/1428
f 632/1422 653/1427 591/1425
f 521/1426 591/1425 489/1429
f 489/1429 591/1425 570/1430
f 489/1429 570/1430 497/1431
f 489/1429 497/1431 360/1432
f 489/1429 360/1432 308/1433
f 308/1433 360/1432 230/1434
f 497/1431 570/1430 592/1435
f 592/1435 570/1430 591/1425
f 497/1431 592/1435 559/1436
f 592/1435 591/1425 626/1437
f 626/1437 591/1425 653/1427
f 626/1437 653/1427 650/1438
f 650/1438 653/1427 659/1439
f 650/1438 659/1439 656/1440
f 650/1438 656/1440 667/1441
f 650/1438 667/1441 663/1442
f 663/1442 667/1441 662/1443
f 626/1437 650/1438 627/1444
f 627/1444 650/1438 663/1442
f 626/1437 627/1444 592/1435
f 627/1444 663/1442 662/1443
f 627/1444 662/1443 660/1445
f 660/1445 662/1443 665/1446
f 592/1435 627/1444 611/1447
f 611/1447 627/1444 660/1445
f 592/1435 611/1447 559/1436
f 611/1447 660/1445 631/1448
f 631/1448 660/1445 651/1449
f 631/1448 651/1449 646/1450
f 559/1436 611/1447 618/1451
f 618/1451 611/1447 631/1448
f 631/1448 646/1450 629/1452
f 631/1448 629/1452 618/1451
f 559/1436 618/1451 579/1453
f 579/1453 618/1451 625/1454
f 579/1453 625/1454 573/1455
f 625/1454 618/1451 619/1456
f 618/1451 629/1452 526/1457
f 618/1451 526/1457 571/1458
f 526/1457 629/1452 607/1459
f 607/1459 629/1452 620/1460
f 526/1457 607/1459 550/1461
f 550/1461 607/1459 620/1460
f 2161/1462 2254/1463 2211/1464
f 2388/1465 2254/1466 2392/1467
f 2227/1468 2145/1469 2254/1466
f 2392/1467 2254/1466 2286/1470
f 2286/1470 2254/1466 2145/1469
f 2392/1467 2286/1470 2337/1471
f 2392/1467 2337/1471 2416/1472
f 2286/1470 2145/1469 2018/1473
f 2018/1473 2145/1469 1853/1474
f 2018/1473 1853/1474 1725/1475
f 2416/1472 2337/1471 2347/1476
f 2337/1471 2286/1470 2162/1477
f 2162/1477 2286/1470 2018/1473
f 2018/1473 1725/1475 1629/1478
f 1629/1478 1725/1475 1525/1479
f 2442/1480 2369/1481 2347/1476
f 2442/1480 2347/1476 2397/1482
f 2347/1476 2337/1471 2370/1483
f 2347/1476 2370/1483 2397/1482
f 2442/1480 2397/1482 2444/1484
f 2442/1480 2444/1484 2441/1485
f 2441/1485 2444/1484 2309/1486
f 2309/1486 2444/1484 2397/1482
f 2370/1483 2337/1471 2393/1487
f 2393/1487 2337/1471 2162/1477
f 2397/1482 2370/1483 2364/1488
f 2364/1488 2370/1483 2393/1487
f 2309/1486 2397/1482 2224/1489
f 2224/1489 2397/1482 2364/1488
f 2309/1486 2224/1489 2175/1490
f 2364/1488 2393/1487 2245/1491
f 2364/1488 2245/1491 2224/1489
f 2175/1490 2224/1489 2071/1492
f 2071/1492 2224/1489 2245/1491
f 2175/1490 2071/1492 1868/1493
f 2071/1492 2245/1491 1966/1494
f 2071/1492 1966/1494 1868/1493
f 2245/1491 2393/1487 2164/1495
f 2164/1495 2393/1487 2162/1477
f 2245/1491 2164/1495 1966/1494
f 2164/1495 2162/1477 1919/1496
f 2164/1495 1919/1496 1966/1494
f 1919/1496 2162/1477 1874/1497
f 1874/1497 2162/1477 2018/1473
f 1966/1494 1919/1496 1887/1498
f 1497/1499 1868/1493 1966/1494
f 1497/1499 1966/1494 1887/1498
f 1868/1493 1497/1499 1509/1500
f 1887/1498 1919/1496 1752/1501
f 1752/1501 1919/1496 1874/1497
f 1887/1498 1752/1501 1451/1502
f 1887/1498 1451/1502 1497/1499
f 1752/1501 1874/1497 1453/1503
f 1752/1501 1453/1503 1451/1502
f 1809/1504 1874/1497 2018/1473
f 1874/1497 1809/1504 1453/1503
f 1809/1504 2018/1473 1629/1478
f 1497/1499 1451/1502 1447/1505
f 1453/1503 1809/1504 1514/1506
f 1514/1506 1809/1504 1629/1478
f 1451/1502 1453/1503 1435/1507
f 1451/1502 1435/1507 1447/1505
f 1453/1503 1514/1506 1122/1508
f 1453/1503 1122/1508 1435/1507
f 1514/1506 1629/1478 817/1509
f 1514/1506 817/1509 1122/1508
f 1172/1510 1497/1499 1447/1505
f 1172/1510 1447/1505 1435/1507
f 1435/1507 1122/1508 1163/1511
f 1435/1507 1163/1511 1172/1510
f 1163/1511 1122/1508 1087/1512
f 1163/1511 1087/1512 1172/1510
f 1087/1512 1122/1508 754/1513
f 1497/1499 1172/1510 1104/1514
f 1497/1499 1104/1514 1509/1500
f 1172/1510 1087/1512 1092/1515
f 1172/1510 1092/1515 1104/1514
f 1092/1515 1087/1512 754/1513
f 1509/1500 1104/1514 948/1516
f 1104/1514 1092/1515 56/1517
f 1104/1514 56/1517 948/1516
f 56/1517 1092/1515 754/1513
f 948/1516 56/1517 193/1518
f 948/1516 193/1518 995/1519
f 995/1519 193/1518 210/1520
f 193/1518 56/1517 199/1521
f 199/1521 56/1517 754/1513
f 193/1518 199/1521 243/1522
f 193/1518 243/1522 308/1523
f 193/1518 308/1523 230/1524
f 243/1522 199/1521 257/1525
f 199/1521 754/1513 195/1526
f 199/1521 195/1526 257/1525
f 243/1522 257/1525 330/1527
f 243/1522 330/1527 308/1523
f 195/1526 754/1513 724/1528
f 724/1528 754/1513 1122/1508
f 724/1528 1122/1508 817/1509
f 195/1526 724/1528 292/1529
f 257/1525 195/1526 326/1530
f 326/1530 195/1526 292/1529
f 339/1531 330/1527 257/1525
f 339/1531 257/1525 326/1530
f 330/1527 339/1531 337/1532
f 330/1527 337/1532 308/1523
f 292/1529 724/1528 22/1533
f 22/1533 724/1528 817/1509
f 326/1530 292/1529 430/1534
f 339/1531 326/1530 421/1535
f 421/1535 326/1530 430/1534
f 337/1532 339/1531 443/1536
f 443/1536 339/1531 421/1535
f 337/1532 443/1536 456/1537
f 337/1532 456/1537 308/1523
f 443/1536 421/1535 529/1538
f 443/1536 529/1538 456/1537
f 308/1523 456/1537 514/1539
f 514/1539 456/1537 529/1538
f 308/1523 514/1539 489/1540
f 489/1540 514/1539 521/1541
f 514/1539 529/1538 576/1542
f 514/1539 576/1542 521/1541
f 549/1543 529/1538 421/1535
f 576/1542 529/1538 614/1544
f 614/1544 529/1538 549/1543
f 521/1541 576/1542 580/1545
f 576/1542 614/1544 601/1546
f 576/1542 601/1546 580/1545
f 601/1546 614/1544 554/1547
f 554/1547 614/1544 549/1543
f 549/1543 421/1535 553/1548
f 553/1548 421/1535 430/1534
f 521/1541 580/1545 585/1549
f 521/1541 585/1549 598/1550
f 598/1550 585/1549 615/1551
f 585/1549 580/1545 596/1552
f 596/1552 580/1545 601/1546
f 585/1549 596/1552 644/1553
f 585/1549 644/1553 647/1554
f 596/1552 601/1546 599/1555
f 599/1555 601/1546 554/1547
f 644/1553 596/1552 641/1556
f 641/1556 596/1552 599/1555
f 644/1553 641/1556 670/1557
f 670/1557 641/1556 664/1558
f 670/1557 664/1558 655/1559
f 664/1558 641/1556 638/1560
f 638/1560 641/1556 599/1555
f 599/1555 554/1547 578/1561
f 599/1555 578/1561 638/1560
f 638/1560 578/1561 640/1562
f 578/1561 554/1547 549/1543
f 578/1561 549/1543 546/1563
f 546/1563 549/1543 553/1548
f 578/1561 546/1563 547/1564
f 546/1563 553/1548 508/1565
f 547/1564 546/1563 562/1566
f 562/1566 546/1563 508/1565
f 547/1564 562/1566 557/1567
f 508/1565 553/1548 430/1534
f 557/1567 562/1566 481/1568
f 481/1568 562/1566 532/1569
f 532/1569 562/1566 508/1565
f 481/1568 532/1569 524/1570
f 524/1570 532/1569 484/1571
f 484/1571 532/1569 458/1572
f 532/1569 508/1565 411/1573
f 532/1569 411/1573 458/1572
f 411/1573 508/1565 430/1534
f 458/1572 411/1573 305/1574
f 411/1573 430/1534 342/1575
f 411/1573 342/1575 305/1574
f 342/1575 430/1534 292/1529
f 305/1574 342/1575 196/1576
f 342/1575 292/1529 22/1533
f 342/1575 22/1533 196/1576
f 196/1576 22/1533 686/1577
f 196/1576 686/1577 722/1578
f 686/1577 22/1533 817/1509
f 686/1577 817/1509 1120/1579
f 1120/1579 817/1509 1629/1478
f 686/1577 1120/1579 1173/1580
f 1120/1579 1629/1478 1525/1479
f 1120/1579 1525/1479 1173/1580
f 2341/1581 2309/1582 2322/1583
f 2309/1584 2175/1585 2322/1586
f 2322/1586 2175/1585 2308/1587
f 2322/1586 2308/1587 2361/1588
f 2361/1588 2308/1587 2418/1589
f 2418/1589 2308/1587 2411/1590
f 2308/1587 2175/1585 2315/1591
f 2308/1587 2315/1591 2411/1590
f 2315/1591 2175/1585 2250/1592
f 2250/1592 2175/1585 2022/1593
f 2022/1593 2175/1585 1868/1594
f 2315/1591 2250/1592 2230/1595
f 2411/1590 2315/1591 2380/1596
f 2380/1596 2315/1591 2230/1595
f 2230/1595 2250/1592 2171/1597
f 2171/1597 2250/1592 2022/1593
f 2171/1597 2022/1593 2034/1598
f 2022/1593 1868/1594 1715/1599
f 1715/1599 1868/1594 1509/1600
f 2034/1598 2022/1593 1955/1601
f 1955/1601 2022/1593 1715/1599
f 2171/1597 2034/1598 1944/1602
f 1944/1602 2034/1598 1955/1601
f 2027/1603 2230/1595 2171/1597
f 2027/1603 2171/1597 1944/1602
f 2230/1595 2027/1603 2284/1604
f 2230/1595 2284/1604 2380/1596
f 2027/1603 1944/1602 1627/1605
f 1944/1602 1955/1601 1701/1606
f 1944/1602 1701/1606 1627/1605
f 1701/1606 1955/1601 1825/1607
f 1825/1607 1955/1601 1555/1608
f 1555/1608 1955/1601 1715/1599
f 1701/1606 1825/1607 1481/1609
f 1481/1609 1825/1607 1555/1608
f 1555/1608 1715/1599 1498/1610
f 1498/1610 1715/1599 1509/1600
f 1555/1608 1498/1610 1158/1611
f 1555/1608 1158/1611 1481/1609
f 1498/1610 1509/1600 1202/1612
f 1498/1610 1202/1612 1158/1611
f 1202/1612 1509/1600 948/1613
f 1059/1614 1701/1606 1481/1609
f 1701/1606 1059/1614 1627/1605
f 1481/1609 1158/1611 905/1615
f 1059/1614 1481/1609 923/1616
f 923/1616 1481/1609 905/1615
f 905/1615 1158/1611 931/1617
f 931/1617 1158/1611 1202/1612
f 993/1618 1202/1612 948/1613
f 993/1618 948/1613 995/1619
f 993/1618 995/1619 210/1620
f 1202/1612 993/1618 906/1621
f 1202/1612 906/1621 931/1617
f 993/1618 210/1620 218/1622
f 993/1618 218/1622 906/1621
f 906/1621 218/1622 202/1623
f 906/1621 202/1623 931/1617
f 218/1622 210/1620 230/1624
f 218/1622 230/1624 202/1623
f 230/1624 210/1620 193/1625
f 202/1623 230/1624 931/1617
f 147/1626 905/1615 931/1617
f 147/1626 931/1617 230/1624
f 905/1615 147/1626 923/1616
f 147/1626 230/1624 311/1627
f 311/1627 230/1624 360/1628
f 923/1616 147/1626 265/1629
f 265/1629 147/1626 311/1627
f 311/1627 360/1628 433/1630
f 433/1630 360/1628 497/1631
f 265/1629 311/1627 423/1632
f 423/1632 311/1627 433/1630
f 923/1616 265/1629 268/1633
f 268/1633 265/1629 423/1632
f 923/1616 268/1633 39/1634
f 923/1616 39/1634 1059/1614
f 268/1633 423/1632 479/1635
f 479/1635 423/1632 433/1630
f 39/1634 268/1633 374/1636
f 374/1636 268/1633 479/1635
f 1059/1614 39/1634 1411/1637
f 1059/1614 1411/1637 1627/1605
f 480/1638 433/1630 497/1631
f 433/1630 480/1638 479/1635
f 480/1638 497/1631 559/1639
f 1411/1637 39/1634 741/1640
f 741/1640 39/1634 374/1636
f 480/1638 559/1639 504/1641
f 504/1641 559/1639 579/1642
f 479/1635 480/1638 518/1643
f 518/1643 480/1638 504/1641
f 479/1635 518/1643 511/1644
f 504/1641 579/1642 457/1645
f 457/1645 579/1642 464/1646
f 518/1643 504/1641 499/1647
f 499/1647 504/1641 457/1645
f 518/1643 499/1647 511/1644
f 457/1645 464/1646 414/1648
f 457/1645 414/1648 499/1647
f 511/1644 499/1647 420/1649
f 511/1644 420/1649 479/1635
f 420/1649 499/1647 414/1648
f 479/1635 420/1649 374/1636
f 420/1649 414/1648 277/1650
f 420/1649 277/1650 374/1636
f 277/1650 414/1648 154/1651
f 154/1651 414/1648 276/1652
f 374/1636 277/1650 168/1653
f 168/1653 277/1650 154/1651
f 374/1636 168/1653 741/1640
f 168/1653 154/1651 874/1654
f 168/1653 874/1654 741/1640
f 874/1654 154/1651 36/1655
f 874/1654 36/1655 1208/1656
f 741/1640 874/1654 1132/1657
f 741/1640 1132/1657 1411/1637
f 874/1654 1208/1656 1672/1658
f 1672/1658 1208/1656 1658/1659
f 1672/1658 1658/1659 1960/1660
f 1672/1658 1960/1660 2083/1661
f 874/1654 1672/1658 1800/1662
f 874/1654 1800/1662 1132/1657
f 1800/1662 1672/1658 2083/1661
f 1688/1663 1411/1637 1132/1657
f 1688/1663 1132/1657 1800/1662
f 1411/1637 1688/1663 1627/1605
f 1800/1662 2083/1661 2099/1664
f 1688/1663 1800/1662 2001/1665
f 2001/1665 1800/1662 2099/1664
f 2099/1664 2083/1661 2182/1666
f 1688/1663 2001/1665 2096/1667
f 1688/1663 2096/1667 1627/1605
f 2096/1667 2001/1665 2099/1664
f 1627/1605 2096/1667 2027/1603
f 2027/1603 2096/1667 2284/1604
f 2284/1604 2096/1667 2099/1664
f 2099/1664 2182/1666 2349/1668
f 2099/1664 2349/1668 2284/1604
f 2349/1668 2182/1666 2263/1669
f 2284/1604 2349/1668 2380/1596
f 2349/1668 2263/1669 2389/1670
f 2349/1668 2389/1670 2380/1596
f 2380/1596 2389/1670 2449/1671
f 2449/1671 2389/1670 2459/1672
f 2380/1596 2449/1671 2411/1590
f 2449/1671 2459/1672 2454/1673
f 2449/1671 2454/1673 2411/1590
f 2411/1590 2454/1673 2423/1674
f 2454/1673 2459/1672 2433/1675
f 2454/1673 2433/1675 2431/1676
f 896/1677 825/1678 4/1679
f 4/1679 825/1678 688/1680
f 688/1680 825/1678 821/1681
f 821/1681 825/1678 896/1677
f 688/1680 821/1681 727/1682
f 896/1677 4/1679 715/1683
f 715/1683 4/1679 84/1684
f 715/1683 84/1684 125/1685
f 715/1683 125/1685 789/1686
f 715/1683 789/1686 896/1677
f 727/1682 821/1681 831/1687
f 727/1682 831/1687 130/1688
f 936/1689 821/1681 896/1677
f 821/1681 936/1689 831/1687
f 936/1689 896/1677 1016/1690
f 936/1689 1016/1690 1171/1691
f 936/1689 1171/1691 1155/1692
f 936/1689 1155/1692 831/1687
f 1155/1692 1171/1691 1238/1693
f 708/1694 130/1688 831/1687
f 708/1694 831/1687 1155/1692
f 130/1688 708/1694 184/1695
f 1155/1692 1238/1693 1031/1696
f 1155/1692 1031/1696 708/1694
f 1031/1696 1238/1693 1143/1697
f 184/1695 708/1694 816/1698
f 816/1698 708/1694 1031/1696
f 184/1695 816/1698 190/1699
f 190/1699 816/1698 28/1700
f 28/1700 816/1698 762/1701
f 1031/1696 1143/1697 1148/1702
f 1031/1696 1148/1702 816/1698
f 1148/1702 1143/1697 1275/1703
f 762/1701 816/1698 1141/1704
f 1141/1704 816/1698 1148/1702
f 1141/1704 1148/1702 1275/1703
f 762/1701 1141/1704 919/1705
f 1141/1704 1275/1703 1274/1706
f 919/1705 1141/1704 1192/1707
f 1192/1707 1141/1704 1274/1706
f 919/1705 1192/1707 1149/1708
f 1192/1707 1274/1706 1398/1709
f 1398/1709 1274/1706 1524/1710
f 1171/1711 1016/1712 1045/1713
f 1045/1713 1016/1712 896/1714
f 1171/1711 1045/1713 1102/1715
f 1171/1711 1102/1715 1238/1716
f 1045/1713 896/1714 945/1717
f 1045/1713 945/1717 1102/1715
f 945/1717 896/1714 789/1718
f 945/1717 789/1718 1167/1719
f 945/1717 1167/1719 1102/1715
f 1102/1715 1167/1719 1238/1716
f 1238/1716 1167/1719 1143/1720
f 688/1721 59/1722 4/1723
f 4/1723 59/1722 84/1724
f 59/1722 688/1721 50/1725
f 50/1725 688/1721 727/1726
f 50/1725 727/1726 130/1727
f 50/1725 130/1727 161/1728
f 59/1722 50/1725 173/1729
f 173/1729 50/1725 161/1728
f 84/1724 59/1722 181/1730
f 181/1730 59/1722 173/1729
f 181/1730 173/1729 161/1728
f 84/1724 181/1730 125/1731
f 125/1731 181/1730 161/1728
f 789/1732 125/1733 158/1734
f 789/1732 158/1734 847/1735
f 789/1732 847/1735 1167/1736
f 847/1735 158/1734 766/1737
f 766/1737 158/1734 224/1738
f 1167/1736 847/1735 938/1739
f 938/1739 847/1735 766/1737
f 1167/1736 938/1739 1143/1740
f 766/1737 224/1738 274/1741
f 1143/1740 938/1739 1275/1742
f 938/1739 766/1737 1001/1743
f 1001/1743 766/1737 274/1741
f 938/1739 1001/1743 1275/1742
f 1001/1743 274/1741 283/1744
f 1275/1742 1001/1743 1062/1745
f 283/1744 274/1741 425/1746
f 425/1746 274/1741 387/1747
f 425/1746 387/1747 397/1748
f 397/1748 387/1747 309/1749
f 425/1746 397/1748 334/1750
f 334/1750 397/1748 309/1749
f 425/1746 334/1750 283/1744
f 334/1750 309/1749 214/1751
f 334/1750 214/1751 190/1752
f 334/1750 190/1752 283/1744
f 283/1744 190/1752 28/1753
f 283/1744 28/1753 687/1754
f 283/1744 687/1754 1001/1743
f 687/1754 28/1753 762/1755
f 1001/1743 687/1754 797/1756
f 797/1756 687/1754 762/1755
f 1001/1743 797/1756 1062/1745
f 797/1756 762/1755 760/1757
f 760/1757 762/1755 919/1758
f 760/1757 919/1758 849/1759
f 849/1759 919/1758 1103/1760
f 797/1756 760/1757 842/1761
f 842/1761 760/1757 849/1759
f 797/1756 842/1761 1062/1745
f 842/1761 849/1759 999/1762
f 1062/1745 842/1761 1034/1763
f 1034/1763 842/1761 996/1764
f 1062/1745 1034/1763 1244/1765
f 1062/1745 1244/1765 1169/1766
f 1062/1745 1169/1766 1275/1742
f 1169/1766 1244/1765 1340/1767
f 1275/1742 1169/1766 1274/1768
f 1169/1766 1340/1767 1510/1769
f 1274/1768 1169/1766 1260/1770
f 1260/1770 1169/1766 1510/1769
f 1274/1768 1260/1770 1524/1771
f 1260/1770 1510/1769 1519/1772
f 1260/1770 1519/1772 1524/1771
f 341/1773 228/1774 229/1775
f 228/1774 341/1773 302/1776
f 302/1776 341/1773 251/1777
f 251/1777 341/1773 229/1775
f 229/1775 228/1774 161/1778
f 229/1775 161/1778 251/1777
f 251/1777 161/1778 130/1779
f 125/1780 161/1781 228/1782
f 125/1780 228/1782 302/1783
f 125/1780 302/1783 158/1784
f 158/1784 302/1783 236/1785
f 236/1785 302/1783 251/1786
f 158/1784 236/1785 214/1787
f 158/1784 214/1787 224/1788
f 214/1787 236/1785 190/1789
f 224/1788 214/1787 309/1790
f 224/1788 309/1790 387/1791
f 224/1788 387/1791 274/1792
f 190/1789 236/1785 184/1793
f 184/1793 236/1785 251/1786
f 184/1793 251/1786 130/1794
f 1034/1795 1456/1796 1244/1797
f 1456/1796 1034/1795 996/1798
f 1244/1797 1456/1796 1663/1799
f 1244/1797 1663/1799 1340/1800
f 1340/1800 1663/1799 1753/1801
f 1340/1800 1753/1801 1510/1802
f 1456/1796 996/1798 1345/1803
f 1456/1796 1345/1803 1625/1804
f 1345/1803 996/1798 1053/1805
f 1053/1805 996/1798 842/1806
f 1053/1805 842/1806 999/1807
f 1625/1804 1345/1803 1284/1808
f 1284/1808 1345/1803 1053/1805
f 1625/1804 1284/1808 1622/1809
f 1053/1805 999/1807 1303/1810
f 1053/1805 1303/1810 1284/1808
f 1303/1810 999/1807 1117/1811
f 1303/1810 1117/1811 1530/1812
f 1284/1808 1303/1810 1468/1813
f 1284/1808 1468/1813 1292/1814
f 999/1815 849/1816 1117/1817
f 1117/1817 849/1816 1044/1818
f 1044/1818 849/1816 1103/1819
f 1117/1817 1044/1818 1388/1820
f 1117/1817 1388/1820 1530/1821
f 1044/1818 1103/1819 1309/1822
f 1044/1818 1309/1822 1388/1820
f 1309/1822 1103/1819 1352/1823
f 1309/1822 1352/1823 1487/1824
f 1530/1821 1388/1820 1303/1825
f 1309/1822 1487/1824 1404/1826
f 1309/1822 1404/1826 1388/1820
f 1404/1826 1487/1824 1576/1827
f 1404/1826 1576/1827 1331/1828
f 1404/1826 1331/1828 1164/1829
f 1404/1826 1164/1829 1388/1820
f 1164/1829 1331/1828 1236/1830
f 1164/1829 1236/1830 1292/1831
f 1388/1820 1164/1829 1107/1832
f 1107/1832 1164/1829 1292/1831
f 1388/1820 1107/1832 1303/1825
f 1107/1832 1292/1831 1468/1833
f 1107/1832 1468/1833 1303/1825
f 1770/1834 1524/1835 1519/1836
f 1770/1834 1519/1836 1610/1837
f 1610/1837 1519/1836 1749/1838
f 1749/1838 1519/1836 1510/1839
f 1749/1838 1510/1839 1841/1840
f 1841/1840 1510/1839 1753/1841
f 1524/1835 1770/1834 1723/1842
f 1524/1835 1723/1842 1398/1843
f 1770/1834 1610/1837 1857/1844
f 1857/1844 1610/1837 1541/1845
f 1723/1842 1770/1834 1873/1846
f 1873/1846 1770/1834 1857/1844
f 1398/1843 1723/1842 1472/1847
f 1723/1842 1873/1846 1675/1848
f 1723/1842 1675/1848 1472/1847
f 1398/1843 1472/1847 1192/1849
f 1192/1849 1472/1847 1149/1850
f 1873/1846 1857/1844 1876/1851
f 1876/1851 1857/1844 1705/1852
f 1675/1848 1873/1846 1704/1853
f 1704/1853 1873/1846 1876/1851
f 1675/1848 1704/1853 1472/1847
f 1576/1854 1705/1852 1986/1855
f 1705/1852 1576/1854 1487/1856
f 1705/1852 1487/1856 1876/1851
f 1876/1851 1487/1856 1704/1853
f 1472/1847 1704/1853 1434/1857
f 1434/1857 1704/1853 1487/1856
f 1472/1847 1434/1857 1149/1850
f 1434/1857 1487/1856 1352/1858
f 1434/1857 1352/1858 1149/1850
f 1149/1850 1352/1858 1103/1859
f 1149/1850 1103/1859 919/1860
f 1610/1861 1749/1862 1807/1863
f 1610/1861 1807/1863 1541/1864
f 1807/1863 1749/1862 1841/1865
f 1541/1864 1807/1863 1857/1866
f 1807/1863 1841/1865 1863/1867
f 1863/1867 1841/1865 1753/1868
f 1863/1867 1753/1868 1663/1869
f 1863/1867 1663/1869 1625/1870
f 1625/1870 1663/1869 1456/1871
f 1863/1867 1625/1870 1729/1872
f 1863/1867 1729/1872 1807/1863
f 1729/1872 1625/1870 1622/1873
f 1284/1874 1283/1875 1622/1873
f 1622/1873 1283/1875 1925/1876
f 1622/1873 1925/1876 1729/1872
f 1729/1872 1925/1876 2048/1877
f 1729/1872 2048/1877 1807/1863
f 2048/1877 1925/1876 2008/1878
f 2048/1877 2008/1878 2110/1879
f 1807/1863 2048/1877 2051/1880
f 2051/1880 2048/1877 2110/1879
f 1807/1863 2051/1880 1857/1866
f 2051/1880 2110/1879 2031/1881
f 2051/1880 2031/1881 1857/1866
f 2031/1881 2110/1879 1985/1882
f 1857/1866 2031/1881 1705/1883
f 1705/1883 2031/1881 1985/1882
f 1705/1883 1985/1882 1639/1884
f 1639/1884 1985/1882 1986/1885
f 1639/1884 1986/1885 1705/1883
f 2008/1886 1925/1887 1948/1888
f 2008/1886 1948/1888 2044/1889
f 2008/1886 2044/1889 1843/1890
f 2008/1886 1843/1890 2110/1891
f 1843/1890 2044/1889 1710/1892
f 2110/1891 1843/1890 1985/1893
f 1985/1893 1843/1890 2068/1894
f 1985/1893 2068/1894 1986/1895
f 1986/1895 2068/1894 1576/1896
f 2068/1894 1843/1890 1942/1897
f 1843/1890 1710/1892 1718/1898
f 1843/1890 1718/1898 1942/1897
f 1718/1898 1710/1892 2057/1899
f 2057/1899 1710/1892 1899/1900
f 1718/1898 2057/1899 1930/1901
f 1942/1897 1718/1898 1641/1902
f 1942/1897 1641/1902 2068/1894
f 1641/1902 1718/1898 1357/1903
f 2068/1894 1641/1902 1382/1904
f 2068/1894 1382/1904 1576/1896
f 1382/1904 1641/1902 1357/1903
f 1576/1896 1382/1904 1331/1905
f 1331/1905 1382/1904 1236/1906
f 1236/1906 1382/1904 1357/1903
f 1236/1906 1357/1903 1469/1907
f 1236/1906 1469/1907 1584/1908
f 1236/1906 1584/1908 1292/1909
f 1925/1910 1283/1911 1948/1912
f 1948/1912 1283/1911 1415/1913
f 1948/1912 1415/1913 1621/1914
f 1948/1912 1621/1914 2044/1915
f 2044/1915 1621/1914 1710/1916
f 1710/1916 1621/1914 1537/1917
f 1537/1917 1621/1914 1584/1918
f 1537/1917 1584/1918 1469/1919
f 1584/1918 1621/1914 1579/1920
f 1579/1920 1621/1914 1415/1913
f 1584/1918 1579/1920 1292/1921
f 1292/1921 1579/1920 1469/1922
f 1469/1922 1579/1920 1537/1923
f 1537/1923 1579/1920 1415/1913
f 1899/1924 1710/1925 1537/1923
f 1899/1924 1537/1923 1417/1926
f 1417/1926 1537/1923 1415/1913
f 1417/1926 1415/1913 1354/1927
f 1354/1927 1415/1913 1283/1911
f 1417/1926 1354/1927 1469/1928
f 1354/1927 1283/1911 1284/1929
f 1469/1928 1354/1927 1292/1930
f 1292/1930 1354/1927 1284/1929
f 1006/1931 1417/1932 1469/1933
f 1674/1934 1899/1935 1417/1932
f 1674/1934 1417/1932 1369/1936
f 1674/1934 1369/1936 1460/1937
f 1674/1934 1460/1937 1617/1938
f 1617/1938 1460/1937 1495/1939
f 1369/1936 1417/1932 1028/1940
f 1028/1940 1417/1932 1006/1931
f 1369/1936 1028/1940 1217/1941
f 1028/1940 1006/1931 852/1942
f 1217/1941 1028/1940 1136/1943
f 1028/1940 852/1942 1072/1944
f 1028/1940 1072/1944 1136/1943
f 1072/1944 852/1942 944/1945
f 944/1945 852/1942 1006/1931
f 944/1945 1006/1931 1080/1946
f 1080/1946 1006/1931 1469/1933
f 1072/1944 944/1945 1176/1947
f 1176/1947 944/1945 1080/1946
f 1136/1943 1072/1944 1203/1948
f 1203/1948 1072/1944 1176/1947
f 1226/1949 1217/1941 1136/1943
f 1226/1949 1136/1943 1203/1948
f 1217/1941 1226/1949 1351/1950
f 1546/1951 1080/1946 1469/1933
f 1080/1946 1546/1951 1176/1947
f 1546/1951 1469/1933 1357/1952
f 1351/1950 1226/1949 1370/1953
f 1351/1950 1370/1953 1460/1954
f 1460/1954 1370/1953 1495/1955
f 1370/1953 1226/1949 1508/1956
f 1370/1953 1508/1956 1436/1957
f 1508/1956 1226/1949 1203/1948
f 1508/1956 1203/1948 1328/1958
f 1508/1956 1328/1958 1432/1959
f 1432/1959 1328/1958 1350/1960
f 1432/1959 1350/1960 1442/1961
f 1328/1958 1203/1948 1380/1962
f 1328/1958 1380/1962 1306/1963
f 1442/1964 1441/1965 1380/1962
f 1442/1964 1380/1962 1432/1966
f 1432/1966 1380/1962 1203/1948
f 1432/1966 1203/1948 1176/1947
f 1432/1966 1176/1947 1546/1951
f 1432/1966 1546/1951 1618/1967
f 1618/1967 1546/1951 1636/1968
f 1618/1967 1636/1968 1703/1969
f 1432/1966 1618/1967 1508/1970
f 1508/1970 1618/1967 1628/1971
f 1508/1970 1628/1971 1623/1972
f 1546/1973 1637/1974 1718/1975
f 1718/1975 1637/1974 1357/1976
f 1546/1973 1718/1975 1930/1977
f 1546/1973 1930/1977 1703/1978
f 1703/1978 1930/1977 1902/1979
f 1902/1979 1930/1977 2196/1980
f 2196/1980 1930/1977 2057/1981
f 2196/1980 2057/1981 2303/1982
f 2303/1982 2057/1981 2150/1983
f 2150/1983 2057/1981 2026/1984
f 2026/1984 2057/1981 1899/1985
f 2026/1984 1899/1985 1823/1986
f 1823/1986 1899/1985 1674/1987
f 1823/1986 1674/1987 1735/1988
f 2150/1989 2092/1990 2228/1991
f 2150/1989 2228/1991 2303/1992
f 2092/1990 2150/1989 1906/1993
f 1906/1993 2150/1989 2155/1994
f 1626/1995 2155/1994 1726/1996
f 2155/1994 1626/1995 1728/1997
f 2155/1994 1728/1997 1906/1993
f 2092/1990 1906/1993 1766/1998
f 2092/1990 1766/1998 1875/1999
f 1875/1999 1766/1998 1551/2000
f 1551/2000 1766/1998 1294/2001
f 1551/2000 1294/2001 1178/2002
f 1766/1998 1906/1993 1320/2003
f 1766/1998 1320/2003 1294/2001
f 1320/2003 1906/1993 1728/1997
f 1294/2001 1320/2003 937/2004
f 1320/2003 1728/1997 1326/2005
f 1326/2005 1728/1997 1440/2006
f 937/2004 1320/2003 985/2007
f 985/2007 1320/2003 1326/2005
f 985/2007 1326/2005 1052/2008
f 937/2004 985/2007 805/2009
f 985/2007 1052/2008 866/2010
f 985/2007 866/2010 805/2009
f 805/2009 866/2010 756/2011
f 2092/2012 1875/2013 2220/2014
f 2220/2014 1875/2013 2119/2015
f 2092/2012 2220/2014 2228/2016
f 2220/2014 2119/2015 2253/2017
f 2228/2016 2220/2014 2303/2018
f 2220/2014 2253/2017 2296/2019
f 2220/2014 2296/2019 2303/2018
f 2296/2019 2253/2017 2255/2020
f 2296/2019 2255/2020 2221/2021
f 2221/2021 2255/2020 2197/2022
f 2303/2018 2296/2019 2292/2023
f 2292/2023 2296/2019 2221/2021
f 2303/2018 2292/2023 2262/2024
f 2292/2023 2221/2021 2383/2025
f 2262/2024 2292/2023 2097/2026
f 2292/2023 2383/2025 2107/2027
f 2292/2023 2107/2027 2097/2026
f 1823/2028 2017/2029 2026/2030
f 1735/2031 1684/2032 1823/2028
f 1823/2028 1684/2032 1858/2033
f 1858/2033 1684/2032 1764/2034
f 1858/2033 1764/2034 1731/2035
f 1823/2028 1858/2033 1941/2036
f 1823/2028 1941/2036 2017/2029
f 1858/2033 1731/2035 1820/2037
f 1820/2037 1731/2035 1748/2038
f 1941/2036 1858/2033 1931/2039
f 1931/2039 1858/2033 1820/2037
f 1931/2039 1820/2037 1836/2040
f 1836/2040 1820/2037 1848/2041
f 1836/2040 1848/2041 1931/2039
f 1941/2036 1931/2039 2120/2042
f 1941/2036 2120/2042 2017/2029
f 2120/2042 1931/2039 1924/2043
f 2017/2029 2120/2042 2137/2044
f 2017/2029 2137/2044 2026/2030
f 2120/2042 1924/2043 1927/2045
f 2120/2042 1927/2045 2137/2044
f 1927/2045 1924/2043 1830/2046
f 2026/2030 2137/2044 2213/2047
f 2026/2030 2213/2047 2150/2048
f 2137/2044 1927/2045 1902/2049
f 1902/2049 1927/2045 1830/2046
f 2137/2044 1902/2049 2196/2050
f 2137/2044 2196/2050 2213/2047
f 2213/2047 2196/2050 2221/2051
f 2150/2048 2213/2047 2155/2052
f 2213/2047 2221/2051 2197/2053
f 2213/2047 2197/2053 2155/2052
f 2155/2052 2197/2053 2158/2054
f 1902/2049 1830/2046 1618/2055
f 1902/2049 1618/2055 1703/2056
f 1618/2055 1830/2046 1711/2057
f 1618/2055 1711/2057 1628/2058
f 1617/2059 1624/2060 1674/2061
f 1624/2060 1617/2059 1599/2062
f 1624/2060 1599/2062 1643/2063
f 1624/2060 1643/2063 1886/2064
f 1674/2061 1624/2060 1717/2065
f 1674/2061 1717/2065 1735/2066
f 1624/2060 1886/2064 1700/2067
f 1624/2060 1700/2067 1717/2065
f 1717/2065 1700/2067 1735/2066
f 1735/2066 1700/2067 1684/2068
f 1700/2067 1886/2064 1918/2069
f 1684/2068 1700/2067 1764/2070
f 1764/2070 1700/2067 1918/2069
f 1764/2070 1918/2069 1748/2071
f 1764/2070 1748/2071 1731/2072
f 2303/2073 2262/2074 2196/2075
f 2196/2075 2262/2074 1933/2076
f 2196/2075 1933/2076 2132/2077
f 2196/2075 2132/2077 2221/2078
f 2221/2078 2132/2077 2214/2079
f 2132/2077 1933/2076 1923/2080
f 2214/2079 2132/2077 2050/2081
f 2050/2081 2132/2077 1923/2080
f 2214/2079 2050/2081 1974/2082
f 1974/2082 2050/2081 1694/2083
f 2050/2081 1923/2080 1644/2084
f 1644/2084 1923/2080 1933/2076
f 2050/2081 1644/2084 1694/2083
f 1644/2084 1933/2076 1562/2085
f 1694/2083 1644/2084 1112/2086
f 1644/2084 1562/2085 1407/2087
f 1407/2087 1562/2085 1257/2088
f 1407/2087 1257/2088 962/2089
f 1407/2087 962/2089 991/2090
f 1407/2087 991/2090 1644/2084
f 1112/2086 1644/2084 1225/2091
f 1225/2091 1644/2084 991/2090
f 1112/2086 1225/2091 1285/2092
f 1225/2091 991/2090 869/2093
f 1225/2091 869/2093 1285/2092
f 869/2093 991/2090 841/2094
f 1285/2092 869/2093 853/2095
f 1867/2096 2262/2097 2097/2098
f 2262/2097 1867/2096 1933/2099
f 1933/2099 1867/2096 1562/2100
f 1867/2096 2097/2098 1583/2101
f 1867/2096 1583/2101 1562/2100
f 1583/2101 2097/2098 2107/2102
f 1562/2100 1583/2101 1144/2103
f 1562/2100 1144/2103 1257/2104
f 1583/2101 2107/2102 1777/2105
f 1777/2105 2107/2102 1837/2106
f 1837/2106 2107/2102 2149/2107
f 1777/2105 1837/2106 1694/2108
f 1583/2101 1777/2105 1383/2109
f 1383/2109 1777/2105 1694/2108
f 1583/2101 1383/2109 1144/2103
f 1383/2109 1694/2108 1112/2110
f 1383/2109 1112/2110 1144/2103
f 1144/2103 1112/2110 871/2111
f 871/2111 1112/2110 1111/2112
f 1055/2113 1257/2104 1144/2103
f 1257/2104 1055/2113 962/2114
f 1144/2103 871/2111 880/2115
f 1144/2103 880/2115 1055/2113
f 1055/2113 880/2115 962/2114
f 880/2115 871/2111 9/2116
f 880/2115 9/2116 841/2117
f 962/2114 880/2115 899/2118
f 962/2114 899/2118 991/2119
f 880/2115 841/2117 707/2120
f 707/2120 841/2117 756/2121
f 880/2115 707/2120 783/2122
f 880/2115 783/2122 899/2118
f 707/2120 756/2121 691/2123
f 707/2120 691/2123 783/2122
f 691/2123 756/2121 893/2124
f 893/2124 756/2121 971/2125
f 783/2122 691/2123 795/2126
f 783/2122 795/2126 899/2118
f 691/2123 893/2124 915/2127
f 691/2123 915/2127 795/2126
f 915/2127 893/2124 1178/2128
f 915/2127 1178/2128 1294/2129
f 915/2127 1294/2129 937/2130
f 915/2127 937/2130 795/2126
f 795/2126 937/2130 855/2131
f 795/2126 855/2131 899/2118
f 855/2131 937/2130 805/2132
f 899/2118 855/2131 895/2133
f 895/2133 855/2131 805/2132
f 899/2118 895/2133 991/2119
f 991/2119 895/2133 841/2134
f 841/2134 895/2133 805/2132
f 841/2134 805/2132 756/2135
f 1628/2136 1711/2137 1623/2138
f 1623/2138 1711/2137 1788/2139
f 1788/2139 1711/2137 1830/2140
f 1788/2139 1830/2140 1897/2141
f 1897/2141 1830/2140 1924/2142
f 1897/2141 1924/2142 1932/2143
f 1932/2143 1924/2142 1848/2144
f 1848/2144 1924/2142 1931/2145
f 1759/2146 2119/2147 1875/2148
f 1759/2146 1875/2148 1551/2149
f 2119/2147 1759/2146 2049/2150
f 2119/2147 2049/2150 2253/2151
f 2253/2151 2049/2150 2271/2152
f 2253/2151 2271/2152 2279/2153
f 2253/2151 2279/2153 2255/2154
f 2255/2154 2279/2153 2236/2155
f 2255/2154 2236/2155 2163/2156
f 2255/2154 2163/2156 2197/2157
f 2197/2157 2163/2156 2158/2158
f 1646/2159 2049/2150 1759/2146
f 2049/2150 1646/2159 2014/2160
f 1646/2159 1759/2146 1416/2161
f 1416/2161 1759/2146 1551/2149
f 1646/2159 1416/2161 1290/2162
f 1416/2161 1551/2149 1178/2163
f 1416/2161 1178/2163 1327/2164
f 1327/2164 1178/2163 971/2165
f 1327/2164 971/2165 1416/2161
f 971/2165 1178/2163 893/2166
f 1290/2162 1416/2161 1064/2167
f 1064/2167 1416/2161 971/2165
f 1290/2162 1064/2167 960/2168
f 960/2168 1064/2167 811/2169
f 811/2169 1064/2167 911/2170
f 911/2170 1064/2167 971/2165
f 811/2169 911/2170 27/2171
f 911/2170 971/2165 848/2172
f 911/2170 848/2172 27/2171
f 848/2172 971/2165 772/2173
f 848/2172 772/2173 27/2171
f 772/2173 971/2165 756/2174
f 27/2171 772/2173 42/2175
f 42/2175 772/2173 756/2174
f 27/2171 42/2175 79/2176
f 27/2171 79/2176 106/2177
f 42/2175 756/2174 723/2178
f 42/2175 723/2178 79/2176
f 106/2177 79/2176 703/2179
f 703/2179 79/2176 723/2178
f 723/2178 756/2174 866/2180
f 723/2178 866/2180 703/2179
f 703/2179 866/2180 863/2181
f 703/2179 863/2181 696/2182
f 696/2182 863/2181 961/2183
f 863/2181 866/2180 987/2184
f 987/2184 866/2180 1052/2185
f 961/2183 863/2181 1084/2186
f 1084/2186 863/2181 987/2184
f 961/2183 1084/2186 1439/2187
f 987/2184 1052/2185 1440/2188
f 987/2184 1440/2188 1084/2186
f 1440/2188 1052/2185 1326/2189
f 1439/2187 1084/2186 1473/2190
f 1473/2190 1084/2186 1440/2188
f 1439/2187 1473/2190 1648/2191
f 1473/2190 1440/2188 1626/2192
f 1626/2192 1440/2188 1728/2193
f 1473/2190 1626/2192 1726/2194
f 1473/2190 1726/2194 1648/2191
f 1648/2191 1726/2194 2002/2195
f 2002/2195 1726/2194 2079/2196
f 2079/2196 1726/2194 2155/2197
f 2002/2195 2079/2196 2151/2198
f 2079/2196 2155/2197 2158/2199
f 2079/2196 2158/2199 2151/2198
f 1430/2200 1460/2201 1414/2202
f 1414/2202 1460/2201 1369/2203
f 1460/2201 1430/2200 1351/2204
f 1414/2202 1369/2203 1248/2205
f 1248/2205 1369/2203 1217/2206
f 1430/2200 1414/2202 1464/2207
f 1464/2207 1414/2202 1248/2205
f 1464/2207 1248/2205 1362/2208
f 1248/2205 1217/2206 1128/2209
f 1362/2208 1248/2205 1088/2210
f 1088/2210 1248/2205 1128/2209
f 1088/2210 1128/2209 1159/2211
f 1271/2212 1351/2204 1430/2200
f 1351/2204 1271/2212 1217/2213
f 1271/2212 1430/2200 1355/2214
f 1217/2213 1271/2212 1128/2215
f 1128/2215 1271/2212 1355/2214
f 1128/2215 1355/2214 1206/2216
f 1599/2217 1617/2218 1495/2219
f 1599/2217 1495/2219 1430/2220
f 1430/2220 1495/2219 1370/2221
f 1599/2217 1430/2220 1464/2222
f 1599/2217 1464/2222 1535/2223
f 1430/2220 1370/2221 1355/2224
f 1355/2224 1370/2221 1436/2225
f 1355/2224 1436/2225 1350/2226
f 1355/2224 1350/2226 1306/2227
f 1306/2227 1350/2226 1328/2228
f 2002/2229 2047/2230 1834/2231
f 2047/2230 2002/2229 2151/2232
f 2047/2230 2151/2232 1834/2231
f 2002/2229 1834/2231 1648/2233
f 1648/2233 1834/2231 1585/2234
f 1585/2234 1834/2231 2011/2235
f 2011/2235 1834/2231 2151/2232
f 1585/2234 2011/2235 1730/2236
f 2011/2235 2151/2232 2154/2237
f 2154/2237 2151/2232 2206/2238
f 2154/2237 2206/2238 2280/2239
f 1730/2236 2011/2235 1914/2240
f 1914/2240 2011/2235 2154/2237
f 1730/2236 1914/2240 1880/2241
f 1730/2236 1880/2241 1635/2242
f 1635/2242 1880/2241 1643/2243
f 1635/2242 1643/2243 1535/2244
f 1535/2244 1643/2243 1599/2245
f 1643/2243 1880/2241 1886/2246
f 1880/2241 1914/2240 1917/2247
f 1917/2247 1914/2240 2154/2237
f 1886/2246 1880/2241 1898/2248
f 1898/2248 1880/2241 1917/2247
f 1886/2246 1898/2248 1929/2249
f 1898/2248 1917/2247 2006/2250
f 1898/2248 2006/2250 1929/2249
f 1886/2246 1929/2249 1918/2251
f 2006/2250 1917/2247 1951/2252
f 2006/2250 1951/2252 1929/2249
f 1951/2252 1917/2247 1965/2253
f 1965/2253 1917/2247 2154/2237
f 1929/2249 1951/2252 2007/2254
f 2007/2254 1951/2252 1965/2253
f 1918/2251 1929/2249 1993/2255
f 1993/2255 1929/2249 2007/2254
f 1918/2251 1993/2255 1932/2256
f 1932/2256 1993/2255 1897/2257
f 1897/2257 1993/2255 1788/2258
f 2007/2254 1965/2253 1826/2259
f 2007/2254 1826/2259 1993/2255
f 1788/2258 1993/2255 1640/2260
f 1640/2260 1993/2255 1826/2259
f 1788/2258 1640/2260 1623/2261
f 1623/2261 1640/2260 1436/2262
f 1826/2259 1965/2253 2152/2263
f 2152/2263 1965/2253 2154/2237
f 1640/2260 1826/2259 1588/2264
f 1826/2259 2152/2263 1819/2265
f 1826/2259 1819/2265 1588/2264
f 2152/2263 2154/2237 2173/2266
f 2152/2263 2173/2266 1819/2265
f 2173/2266 2154/2237 2280/2239
f 1492/2267 1436/2262 1640/2260
f 1492/2267 1640/2260 1588/2264
f 1436/2262 1492/2267 1441/2268
f 1436/2262 1441/2268 1350/2269
f 1441/2268 1492/2267 1206/2270
f 1441/2268 1206/2270 1306/2271
f 1306/2271 1206/2270 1355/2272
f 1206/2270 1492/2267 1287/2273
f 1287/2273 1492/2267 1588/2264
f 1287/2273 1588/2264 1239/2274
f 1239/2274 1588/2264 1506/2275
f 1239/2274 1506/2275 977/2276
f 977/2276 1506/2275 1269/2277
f 1506/2275 1588/2264 1819/2265
f 1269/2277 1506/2275 1737/2278
f 1737/2278 1506/2275 1819/2265
f 1269/2277 1737/2278 1337/2279
f 1337/2279 1737/2278 1603/2280
f 1603/2280 1737/2278 1797/2281
f 1797/2281 1737/2278 1791/2282
f 1791/2282 1737/2278 1750/2283
f 1791/2282 1750/2283 1837/2284
f 1737/2278 1819/2265 1854/2285
f 1737/2278 1854/2285 1750/2283
f 1750/2283 1854/2285 1856/2286
f 1750/2283 1856/2286 1801/2287
f 1854/2285 1819/2265 2089/2288
f 1854/2285 2089/2288 1856/2286
f 1856/2286 2089/2288 1974/2289
f 2089/2288 1819/2265 2173/2266
f 1974/2289 2089/2288 2237/2290
f 2089/2288 2173/2266 2225/2291
f 2089/2288 2225/2291 2237/2290
f 2225/2291 2173/2266 2280/2239
f 2225/2291 2280/2239 2232/2292
f 2225/2291 2232/2292 2237/2290
f 2237/2290 2232/2292 2192/2293
f 2219/2294 2049/2295 2014/2296
f 2049/2295 2219/2294 2271/2297
f 2219/2294 2014/2296 2088/2298
f 2327/2299 2088/2298 2073/2300
f 2088/2298 2327/2299 2300/2301
f 2088/2298 2300/2301 2219/2294
f 2271/2297 2219/2294 2288/2302
f 2288/2302 2219/2294 2300/2301
f 2271/2297 2288/2302 2279/2303
f 2279/2303 2288/2302 2236/2304
f 2288/2302 2300/2301 2353/2305
f 2353/2305 2300/2301 2312/2306
f 2353/2305 2312/2306 2336/2307
f 2336/2307 2312/2306 2223/2308
f 2288/2302 2353/2305 2206/2309
f 2288/2302 2206/2309 2236/2304
f 2206/2309 2353/2305 2280/2310
f 2236/2304 2206/2309 2163/2311
f 2163/2311 2206/2309 2151/2312
f 2163/2311 2151/2312 2158/2313
f 1657/2314 2014/2315 1646/2316
f 1439/2317 1648/2318 1250/2319
f 1439/2317 1250/2319 961/2320
f 1464/2321 1426/2322 1535/2323
f 1426/2322 1464/2321 1362/2324
f 1426/2322 1362/2324 1365/2325
f 1365/2325 1362/2324 1088/2326
f 1535/2323 1426/2322 1408/2327
f 1408/2327 1426/2322 1365/2325
f 1535/2323 1408/2327 1606/2328
f 1535/2323 1606/2328 1635/2329
f 1635/2329 1606/2328 1730/2330
f 1606/2328 1408/2327 1138/2331
f 1138/2331 1408/2327 1365/2325
f 1606/2328 1138/2331 1730/2330
f 1138/2331 1365/2325 1088/2326
f 1730/2330 1138/2331 1585/2332
f 1585/2332 1138/2331 1013/2333
f 1138/2331 1088/2326 1166/2334
f 1013/2333 1138/2331 903/2335
f 903/2335 1138/2331 1166/2334
f 1013/2333 903/2335 751/2336
f 1013/2333 751/2336 961/2337
f 961/2337 751/2336 101/2338
f 101/2338 751/2336 903/2335
f 961/2337 101/2338 696/2339
f 101/2338 903/2335 90/2340
f 90/2340 903/2335 1166/2334
f 133/2341 101/2338 136/2342
f 136/2342 101/2338 25/2343
f 25/2343 101/2338 90/2340
f 136/2342 25/2343 6/2344
f 25/2343 90/2340 14/2345
f 14/2345 90/2340 1166/2334
f 6/2344 25/2343 838/2346
f 838/2346 25/2343 14/2345
f 6/2344 838/2346 790/2347
f 790/2347 838/2346 964/2348
f 964/2348 838/2346 1216/2349
f 1216/2349 838/2346 1269/2350
f 1216/2349 1269/2350 1337/2351
f 1269/2350 838/2346 977/2352
f 977/2352 838/2346 14/2345
f 977/2352 14/2345 1166/2334
f 977/2352 1166/2334 1220/2353
f 977/2352 1220/2353 1239/2354
f 1239/2354 1220/2353 1200/2355
f 1239/2354 1200/2355 1287/2356
f 1287/2356 1200/2355 1206/2357
f 1206/2357 1200/2355 1289/2358
f 1289/2358 1200/2355 1220/2353
f 1206/2357 1289/2358 1159/2359
f 1206/2357 1159/2359 1128/2360
f 1289/2358 1220/2353 1147/2361
f 1147/2361 1220/2353 1123/2362
f 1159/2359 1289/2358 1258/2363
f 1258/2363 1289/2358 1147/2361
f 1258/2363 1147/2361 1135/2364
f 1135/2364 1147/2361 1123/2362
f 1123/2362 1220/2353 1228/2365
f 1123/2362 1228/2365 1135/2364
f 1135/2364 1228/2365 1258/2363
f 1228/2365 1220/2353 1166/2334
f 1159/2359 1258/2363 1151/2366
f 1151/2366 1258/2363 1228/2365
f 1151/2366 1228/2365 1166/2334
f 1159/2359 1151/2366 1088/2326
f 1088/2326 1151/2366 1166/2334
f 961/2367 1250/2368 1013/2369
f 1013/2369 1250/2368 1585/2370
f 1585/2370 1250/2368 1648/2371
f 27/2372 106/2373 811/2374
f 703/2375 696/2376 106/2373
f 106/2373 696/2376 133/2377
f 106/2373 133/2377 811/2374
f 133/2377 696/2376 101/2378
f 811/2374 133/2377 725/2379
f 811/2374 725/2379 960/2380
f 725/2379 133/2377 123/2381
f 123/2381 133/2377 215/2382
f 215/2382 133/2377 136/2383
f 215/2382 136/2383 160/2384
f 160/2384 136/2383 132/2385
f 132/2385 136/2383 6/2386
f 160/2384 132/2385 135/2387
f 2192/2388 2383/2389 2221/2390
f 2383/2389 2192/2388 2232/2391
f 2192/2388 2221/2390 2214/2392
f 2192/2388 2214/2392 2237/2393
f 2237/2393 2214/2392 1974/2394
f 2107/2395 2383/2396 2149/2397
f 2149/2397 2383/2396 2365/2398
f 1837/2399 2149/2400 1791/2401
f 1436/2402 1508/2403 1623/2404
f 1694/2405 1801/2406 1974/2407
f 1974/2407 1801/2406 1856/2408
f 1801/2406 1694/2405 1837/2409
f 1801/2406 1837/2409 1750/2410
f 2365/2411 2383/2412 2232/2413
f 2365/2411 2232/2413 2280/2414
f 2365/2411 2280/2414 2348/2415
f 2348/2415 2280/2414 2353/2416
f 2348/2415 2353/2416 2336/2417
f 2365/2411 2348/2415 2165/2418
f 2165/2418 2348/2415 2336/2417
f 2365/2411 2165/2418 2149/2419
f 2149/2419 2165/2418 1791/2420
f 1791/2420 2165/2418 1797/2421
f 1797/2421 2165/2418 1877/2422
f 1877/2422 2165/2418 2336/2417
f 1797/2421 1877/2422 1603/2423
f 1877/2422 2336/2417 2074/2424
f 2074/2424 2336/2417 2223/2425
f 1877/2422 2074/2424 1768/2426
f 1877/2422 1768/2426 1603/2423
f 1603/2423 1768/2426 1554/2427
f 1932/2428 1748/2429 1918/2430
f 1748/2429 1932/2428 1848/2431
f 1748/2429 1848/2431 1820/2432
f 9/2433 752/2434 841/2435
f 841/2435 752/2434 869/2436
f 869/2436 752/2434 853/2437
f 853/2437 752/2434 790/2438
f 853/2437 790/2438 964/2439
f 752/2434 9/2433 30/2440
f 30/2440 9/2433 871/2441
f 752/2434 30/2440 10/2442
f 30/2440 871/2441 1111/2443
f 10/2442 30/2440 734/2444
f 734/2444 30/2440 1111/2443
f 1441/2445 1442/2446 1350/2447
f 1306/2448 1380/2449 1441/2450
f 853/2451 964/2452 1285/2453
f 1285/2453 964/2452 1216/2454
f 1285/2453 1216/2454 1118/2455
f 951/2456 1112/2457 1118/2458
f 1118/2458 1112/2457 1285/2459
f 1112/2457 951/2456 1111/2460
f 790/2461 752/2462 6/2463
f 6/2463 752/2462 10/2464
f 6/2463 10/2464 46/2465
f 46/2465 10/2464 734/2466
f 6/2463 46/2465 132/2467
f 132/2467 46/2465 694/2468
f 132/2467 694/2468 65/2469
f 46/2465 734/2466 984/2470
f 984/2470 734/2466 1111/2471
f 984/2470 1111/2471 951/2472
f 46/2465 984/2470 1086/2473
f 46/2465 1086/2473 694/2468
f 984/2470 951/2472 998/2474
f 984/2470 998/2474 1086/2473
f 998/2474 951/2472 1118/2475
f 998/2474 1118/2475 1216/2476
f 998/2474 1216/2476 1086/2473
f 1086/2473 1216/2476 1337/2477
f 694/2468 1086/2473 1089/2478
f 694/2468 1089/2478 65/2469
f 1089/2478 1086/2473 1337/2477
f 65/2469 1089/2478 775/2479
f 775/2479 1089/2478 1270/2480
f 1270/2480 1089/2478 1337/2477
f 1270/2480 1337/2477 1554/2481
f 1554/2481 1337/2477 1603/2482
f 2327/2483 2314/2484 2300/2485
f 2300/2485 2314/2484 2312/2486
f 2314/2484 2327/2483 2386/2487
f 2386/2487 2327/2483 2194/2488
f 2386/2487 2194/2488 2251/2489
f 2386/2487 2251/2489 2381/2490
f 2386/2487 2381/2490 2425/2491
f 2312/2486 2314/2484 2290/2492
f 2314/2484 2386/2487 2432/2493
f 2432/2493 2386/2487 2425/2491
f 2314/2484 2432/2493 2290/2492
f 2312/2486 2290/2492 2223/2494
f 2425/2491 2381/2490 2439/2495
f 2425/2491 2439/2495 2432/2493
f 2439/2495 2381/2490 2458/2496
f 2439/2495 2458/2496 2462/2497
f 2462/2497 2458/2496 2456/2498
f 2432/2493 2439/2495 2430/2499
f 2430/2499 2439/2495 2462/2497
f 2462/2497 2456/2498 2385/2500
f 2462/2497 2385/2500 2430/2499
f 2385/2500 2456/2498 2431/2501
f 2385/2500 2431/2501 2362/2502
f 2362/2502 2431/2501 2433/2503
f 2385/2500 2362/2502 2356/2504
f 2385/2500 2356/2504 2390/2505
f 2385/2500 2390/2505 2430/2499
f 2390/2505 2356/2504 2311/2506
f 2430/2499 2390/2505 2421/2507
f 2430/2499 2421/2507 2432/2493
f 2390/2505 2311/2506 2330/2508
f 2390/2505 2330/2508 2421/2507
f 2330/2508 2311/2506 2282/2509
f 2330/2508 2282/2509 2241/2510
f 2421/2507 2330/2508 2350/2511
f 2350/2511 2330/2508 2241/2510
f 2432/2493 2421/2507 2410/2512
f 2410/2512 2421/2507 2350/2511
f 2432/2493 2410/2512 2290/2492
f 2290/2492 2410/2512 2359/2513
f 2359/2513 2410/2512 2350/2511
f 2290/2492 2359/2513 2223/2494
f 2223/2494 2359/2513 2191/2514
f 2191/2514 2359/2513 2350/2511
f 2223/2494 2191/2514 2074/2515
f 2074/2515 2191/2514 1768/2516
f 2191/2514 2350/2511 2153/2517
f 2153/2517 2350/2511 2241/2510
f 2153/2517 2241/2510 2085/2518
f 2085/2518 2241/2510 2185/2519
f 2153/2517 2085/2518 1818/2520
f 2153/2517 1818/2520 2191/2514
f 1818/2520 2085/2518 1666/2521
f 1827/2522 1768/2516 2191/2514
f 1827/2522 2191/2514 1818/2520
f 1768/2516 1827/2522 1554/2523
f 1827/2522 1818/2520 1482/2524
f 1827/2522 1482/2524 1554/2523
f 1482/2524 1818/2520 1512/2525
f 1554/2523 1482/2524 1270/2526
f 1482/2524 1512/2525 1017/2527
f 1270/2526 1482/2524 907/2528
f 907/2528 1482/2524 1017/2527
f 523/2529 536/2530 587/2531
f 536/2530 523/2529 558/2532
f 630/2533 623/2534 587/2531
f 587/2531 623/2534 581/2535
f 581/2535 623/2534 556/2536
f 523/2529 587/2531 588/2537
f 588/2537 587/2531 581/2535
f 581/2535 556/2536 440/2538
f 523/2529 588/2537 476/2539
f 523/2529 476/2539 558/2532
f 588/2537 581/2535 510/2540
f 588/2537 510/2540 476/2539
f 581/2535 440/2538 467/2541
f 558/2532 476/2539 563/2542
f 558/2532 563/2542 620/2543
f 620/2543 563/2542 548/2544
f 563/2542 476/2539 375/2545
f 375/2545 476/2539 510/2540
f 563/2542 375/2545 413/2546
f 413/2546 375/2545 223/2547
f 284/2548 796/2549 223/2547
f 284/2548 223/2547 318/2550
f 318/2550 223/2547 375/2545
f 318/2550 375/2545 510/2540
f 493/2551 510/2540 581/2535
f 510/2540 493/2551 318/2550
f 493/2551 581/2535 467/2541
f 318/2550 493/2551 316/2552
f 318/2550 316/2552 261/2553
f 493/2551 467/2541 393/2554
f 261/2553 316/2552 127/2555
f 261/2553 127/2555 704/2556
f 316/2552 493/2551 272/2557
f 272/2557 493/2551 393/2554
f 704/2556 127/2555 907/2558
f 704/2556 907/2558 1017/2559
f 907/2558 127/2555 775/2560
f 907/2558 775/2560 1270/2561
f 157/2562 127/2555 316/2552
f 127/2555 157/2562 775/2560
f 157/2562 316/2552 272/2557
f 775/2560 157/2562 65/2563
f 65/2563 157/2562 135/2564
f 135/2564 157/2562 272/2557
f 65/2563 135/2564 132/2565
f 135/2564 272/2557 160/2566
f 160/2566 272/2557 393/2554
f 160/2566 393/2554 215/2567
f 215/2567 393/2554 361/2568
f 215/2567 361/2568 123/2569
f 123/2569 361/2568 405/2570
f 361/2568 393/2554 465/2571
f 361/2568 465/2571 405/2570
f 465/2571 393/2554 467/2541
f 465/2571 467/2541 405/2570
f 405/2570 467/2541 440/2538
f 488/2572 548/2573 563/2574
f 548/2573 488/2572 519/2575
f 519/2575 488/2572 442/2576
f 488/2572 563/2574 413/2577
f 488/2572 413/2577 442/2576
f 442/2576 413/2577 355/2578
f 442/2576 355/2578 314/2579
f 314/2579 355/2578 329/2580
f 329/2580 355/2578 422/2581
f 203/2582 384/2583 413/2577
f 413/2577 384/2583 355/2578
f 422/2581 355/2578 372/2584
f 422/2581 372/2584 371/2585
f 371/2585 372/2584 296/2586
f 296/2586 372/2584 355/2578
f 355/2578 384/2583 286/2587
f 355/2578 286/2587 296/2586
f 286/2587 384/2583 350/2588
f 296/2586 286/2587 143/2589
f 143/2589 286/2587 151/2590
f 151/2590 286/2587 350/2588
f 143/2589 151/2590 24/2591
f 24/2591 151/2590 1009/2592
f 151/2590 350/2588 62/2593
f 151/2590 62/2593 1009/2592
f 62/2593 350/2588 348/2594
f 1009/2592 62/2593 912/2595
f 62/2593 348/2594 77/2596
f 62/2593 77/2596 912/2595
f 11/2597 203/2598 223/2599
f 223/2599 203/2598 413/2600
f 11/2597 223/2599 796/2601
f 11/2597 796/2601 930/2602
f 930/2602 796/2601 23/2603
f 930/2602 23/2603 11/2597
f 23/2603 796/2601 284/2604
f 203/2598 11/2597 187/2605
f 187/2605 11/2597 23/2603
f 203/2598 187/2605 373/2606
f 203/2598 373/2606 384/2607
f 384/2607 373/2606 350/2608
f 373/2606 187/2605 338/2609
f 338/2609 187/2605 23/2603
f 373/2606 338/2609 350/2608
f 338/2609 23/2603 284/2604
f 350/2608 338/2609 348/2610
f 348/2610 338/2609 284/2604
f 348/2610 284/2604 318/2611
f 348/2610 318/2611 261/2612
f 348/2610 261/2612 77/2613
f 143/2614 124/2615 296/2616
f 124/2615 143/2614 97/2617
f 97/2617 143/2614 49/2618
f 49/2618 143/2614 24/2619
f 204/2620 92/2621 97/2617
f 204/2620 97/2617 217/2622
f 204/2620 217/2622 461/2623
f 97/2617 49/2618 43/2624
f 97/2617 43/2624 217/2622
f 49/2618 24/2619 732/2625
f 49/2618 732/2625 43/2624
f 732/2625 24/2619 1009/2626
f 461/2623 217/2622 531/2627
f 461/2623 531/2627 500/2628
f 500/2628 531/2627 540/2629
f 540/2629 531/2627 575/2630
f 732/2625 1009/2626 1076/2631
f 1076/2631 1009/2626 1293/2632
f 732/2625 1076/2631 807/2633
f 732/2625 807/2633 43/2624
f 1076/2631 1293/2632 1189/2634
f 1076/2631 1189/2634 807/2633
f 43/2624 807/2633 96/2635
f 43/2624 96/2635 217/2622
f 96/2635 807/2633 761/2636
f 761/2636 807/2633 1189/2634
f 217/2622 96/2635 351/2637
f 217/2622 351/2637 531/2627
f 351/2637 96/2635 295/2638
f 295/2638 96/2635 761/2636
f 531/2627 351/2637 496/2639
f 496/2639 351/2637 295/2638
f 531/2627 496/2639 575/2630
f 575/2630 496/2639 525/2640
f 525/2640 496/2639 295/2638
f 575/2630 525/2640 613/2641
f 613/2641 525/2640 604/2642
f 613/2641 604/2642 522/2643
f 522/2643 604/2642 637/2644
f 522/2643 637/2644 530/2645
f 637/2644 604/2642 516/2646
f 516/2646 604/2642 525/2640
f 637/2644 516/2646 530/2645
f 366/2647 525/2640 295/2638
f 516/2646 525/2640 444/2648
f 444/2648 525/2640 366/2647
f 530/2645 516/2646 491/2649
f 491/2649 516/2646 444/2648
f 366/2647 295/2638 32/2650
f 530/2645 491/2649 561/2651
f 530/2645 561/2651 542/2652
f 542/2652 561/2651 498/2653
f 498/2653 561/2651 478/2654
f 561/2651 491/2649 535/2655
f 561/2651 535/2655 478/2654
f 535/2655 491/2649 444/2648
f 478/2654 535/2655 410/2656
f 535/2655 444/2648 460/2657
f 535/2655 460/2657 410/2656
f 460/2657 444/2648 366/2647
f 410/2656 460/2657 244/2658
f 460/2657 366/2647 197/2659
f 460/2657 197/2659 244/2658
f 197/2659 366/2647 32/2650
f 244/2658 197/2659 47/2660
f 47/2660 197/2659 5/2661
f 5/2661 197/2659 32/2650
f 47/2660 5/2661 1160/2662
f 5/2661 32/2650 917/2663
f 917/2663 32/2650 701/2664
f 5/2661 917/2663 926/2665
f 5/2661 926/2665 1160/2662
f 917/2663 701/2664 908/2666
f 917/2663 908/2666 926/2665
f 701/2664 32/2650 761/2636
f 701/2664 761/2636 908/2666
f 761/2636 32/2650 295/2638
f 908/2666 761/2636 926/2665
f 926/2665 761/2636 1110/2667
f 926/2665 1110/2667 1160/2662
f 1110/2667 761/2636 1189/2634
f 1160/2662 1110/2667 1532/2668
f 1160/2662 1532/2668 1698/2669
f 1160/2662 1698/2669 1195/2670
f 1532/2668 1110/2667 1401/2671
f 1401/2671 1110/2667 1189/2634
f 1195/2670 1698/2669 1549/2672
f 1532/2668 1401/2671 1699/2673
f 1532/2668 1699/2673 1698/2669
f 1401/2671 1189/2634 1466/2674
f 1699/2673 1401/2671 1570/2675
f 1570/2675 1401/2671 1466/2674
f 1570/2675 1466/2674 1505/2676
f 1570/2675 1505/2676 1783/2677
f 1570/2675 1783/2677 1699/2673
f 1466/2674 1189/2634 1486/2678
f 1466/2674 1486/2678 1412/2679
f 1486/2678 1189/2634 1293/2632
f 1486/2678 1293/2632 1604/2680
f 1486/2678 1604/2680 1656/2681
f 1486/2678 1656/2681 1612/2682
f 1699/2673 1783/2677 1851/2683
f 1699/2673 1851/2683 1698/2669
f 1851/2683 1783/2677 1864/2684
f 1851/2683 1864/2684 1967/2685
f 1698/2669 1851/2683 1850/2686
f 1850/2686 1851/2683 1967/2685
f 1698/2669 1850/2686 1549/2672
f 1850/2686 1967/2685 2045/2687
f 2045/2687 1967/2685 2042/2688
f 1549/2672 1850/2686 1829/2689
f 1829/2689 1850/2686 2045/2687
f 1829/2689 2045/2687 2042/2688
f 1549/2672 1829/2689 1655/2690
f 1829/2689 2042/2688 1779/2691
f 1829/2689 1779/2691 1655/2690
f 1512/2692 1818/2693 1666/2694
f 1512/2692 1666/2694 1254/2695
f 1512/2692 1254/2695 1017/2696
f 1017/2696 1254/2695 737/2697
f 1017/2696 737/2697 704/2698
f 704/2698 737/2697 261/2699
f 261/2699 737/2697 77/2700
f 77/2700 737/2697 1254/2695
f 77/2700 1254/2695 912/2701
f 1477/2702 1254/2695 1666/2694
f 1254/2695 1477/2702 912/2701
f 1009/2703 912/2701 1293/2704
f 1293/2704 912/2701 1540/2705
f 1540/2705 912/2701 1477/2702
f 1293/2704 1540/2705 1604/2706
f 1604/2706 1540/2705 1747/2707
f 1604/2706 1747/2707 1656/2708
f 1540/2705 1477/2702 1738/2709
f 1540/2705 1738/2709 1747/2707
f 1738/2709 1477/2702 1666/2694
f 1747/2707 1738/2709 1939/2710
f 1738/2709 1666/2694 1849/2711
f 1738/2709 1849/2711 1939/2710
f 1939/2710 1849/2711 1878/2712
f 1849/2711 1666/2694 2085/2713
f 1878/2712 1849/2711 1978/2714
f 1978/2714 1849/2711 2085/2713
f 1978/2714 2085/2713 2185/2715
f 2241/2716 2282/2717 2185/2718
f 2128/2719 1978/2720 2185/2721
f 2128/2719 2185/2721 2282/2722
f 1978/2720 2128/2719 1878/2723
f 2128/2719 2282/2722 2305/2724
f 2305/2724 2282/2722 2311/2725
f 1878/2723 2128/2719 1842/2726
f 1842/2726 2128/2719 2212/2727
f 1842/2726 2212/2727 1832/2728
f 1878/2723 1842/2726 1682/2729
f 1878/2723 1682/2729 1939/2730
f 1842/2726 1832/2728 1428/2731
f 1484/2732 1832/2728 1669/2733
f 1832/2728 1484/2732 1428/2731
f 1428/2731 1484/2732 1098/2734
f 1939/2730 1682/2729 1769/2735
f 1939/2730 1769/2735 1747/2736
f 1452/2737 1682/2729 1842/2726
f 1452/2737 1842/2726 1428/2731
f 1769/2735 1682/2729 1395/2738
f 1395/2738 1682/2729 1452/2737
f 1747/2736 1769/2735 1594/2739
f 1594/2739 1769/2735 1395/2738
f 1747/2736 1594/2739 1656/2740
f 1656/2740 1594/2739 1612/2741
f 1612/2741 1594/2739 1378/2742
f 1378/2742 1594/2739 1341/2743
f 1341/2743 1594/2739 1395/2738
f 1378/2742 1341/2743 1021/2744
f 878/2745 1395/2738 1452/2737
f 878/2745 1452/2737 1428/2731
f 1341/2743 1395/2738 927/2746
f 927/2746 1395/2738 878/2745
f 1021/2744 1341/2743 750/2747
f 750/2747 1341/2743 927/2746
f 1021/2744 750/2747 166/2748
f 750/2747 927/2746 303/2749
f 303/2749 927/2746 878/2745
f 750/2747 303/2749 166/2748
f 1036/2750 878/2745 1428/2731
f 1036/2750 1428/2731 1098/2734
f 1036/2750 1098/2734 736/2751
f 878/2745 1036/2750 8/2752
f 8/2752 1036/2750 736/2751
f 878/2745 8/2752 186/2753
f 186/2753 8/2752 736/2751
f 878/2745 186/2753 303/2749
f 186/2753 736/2751 250/2754
f 186/2753 250/2754 287/2755
f 186/2753 287/2755 298/2756
f 186/2753 298/2756 303/2749
f 298/2756 287/2755 107/2757
f 298/2756 107/2757 282/2758
f 298/2756 282/2758 303/2749
f 282/2758 107/2757 806/2759
f 282/2758 806/2759 17/2760
f 282/2758 17/2760 317/2761
f 282/2758 317/2761 303/2749
f 303/2749 317/2761 166/2748
f 166/2748 317/2761 263/2762
f 166/2748 263/2762 112/2763
f 112/2763 263/2762 188/2764
f 166/2748 112/2763 742/2765
f 166/2748 742/2765 1021/2744
f 1021/2744 742/2765 776/2766
f 776/2766 742/2765 112/2763
f 776/2766 112/2763 124/2767
f 124/2767 112/2763 188/2764
f 124/2767 188/2764 296/2768
f 613/2769 569/2770 575/2771
f 575/2771 569/2770 540/2772
f 569/2770 613/2769 522/2773
f 540/2772 569/2770 415/2774
f 569/2770 522/2773 449/2775
f 569/2770 449/2775 415/2774
f 449/2775 522/2773 485/2776
f 485/2776 522/2773 530/2777
f 485/2776 530/2777 542/2778
f 449/2775 485/2776 471/2779
f 471/2779 485/2776 542/2778
f 415/2774 449/2775 340/2780
f 340/2780 449/2775 471/2779
f 344/2781 540/2772 415/2774
f 540/2772 344/2781 500/2782
f 415/2774 340/2780 256/2783
f 415/2774 256/2783 344/2781
f 500/2782 344/2781 152/2784
f 500/2782 152/2784 461/2785
f 461/2785 152/2784 204/2786
f 204/2786 152/2784 92/2787
f 97/2788 92/2787 124/2789
f 124/2789 92/2787 776/2790
f 92/2787 152/2784 713/2791
f 92/2787 713/2791 776/2790
f 86/2792 152/2784 344/2781
f 152/2784 86/2792 713/2791
f 86/2792 344/2781 256/2783
f 776/2790 713/2791 1063/2793
f 776/2790 1063/2793 1021/2794
f 713/2791 86/2792 843/2795
f 713/2791 843/2795 1063/2793
f 1021/2794 1063/2793 1378/2796
f 843/2795 86/2792 709/2797
f 709/2797 86/2792 256/2783
f 1063/2793 843/2795 1070/2798
f 1378/2796 1063/2793 1311/2799
f 1311/2799 1063/2793 1070/2798
f 1378/2796 1311/2799 1612/2800
f 1612/2800 1311/2799 1412/2801
f 1612/2800 1412/2801 1486/2802
f 1412/2801 1311/2799 1070/2798
f 1412/2801 1070/2798 1505/2803
f 1412/2801 1505/2803 1466/2804
f 1505/2803 1070/2798 1444/2805
f 1114/2806 1070/2798 843/2795
f 1114/2806 843/2795 709/2797
f 1070/2798 1114/2806 1444/2805
f 1505/2803 1444/2805 1783/2807
f 1783/2807 1444/2805 1775/2808
f 1783/2807 1775/2808 1864/2809
f 1775/2808 1444/2805 1589/2810
f 1864/2809 1775/2808 1751/2811
f 1751/2811 1775/2808 1589/2810
f 1864/2809 1751/2811 1888/2812
f 1864/2809 1888/2812 1967/2813
f 1967/2813 1888/2812 2042/2814
f 1888/2812 1751/2811 1567/2815
f 1567/2815 1751/2811 1589/2810
f 2042/2814 1888/2812 1654/2816
f 1654/2816 1888/2812 1567/2815
f 2042/2814 1654/2816 1779/2817
f 1393/2818 1589/2810 1444/2805
f 1393/2818 1444/2805 1114/2806
f 1567/2815 1589/2810 1263/2819
f 1779/2817 1654/2816 1422/2820
f 1589/2810 1393/2818 883/2821
f 1589/2810 883/2821 1263/2819
f 1779/2817 1422/2820 1276/2822
f 1108/2823 1654/2816 1567/2815
f 1654/2816 1108/2823 1422/2820
f 1567/2815 1263/2819 982/2824
f 1567/2815 982/2824 1108/2823
f 982/2824 1263/2819 781/2825
f 781/2825 1263/2819 883/2821
f 1276/2822 1422/2820 879/2826
f 1276/2822 879/2826 698/2827
f 1422/2820 1108/2823 976/2828
f 1422/2820 976/2828 879/2826
f 1108/2823 982/2824 770/2829
f 1108/2823 770/2829 976/2828
f 770/2829 982/2824 781/2825
f 879/2826 976/2828 100/2830
f 100/2830 976/2828 770/2829
f 146/2831 698/2827 879/2826
f 698/2827 146/2831 249/2832
f 879/2826 100/2830 198/2833
f 879/2826 198/2833 146/2831
f 249/2832 146/2831 406/2834
f 406/2834 146/2831 198/2833
f 100/2830 770/2829 254/2835
f 254/2835 770/2829 781/2825
f 198/2833 100/2830 297/2836
f 198/2833 297/2836 406/2834
f 297/2836 100/2830 254/2835
f 406/2834 297/2836 470/2837
f 406/2834 470/2837 507/2838
f 507/2838 470/2837 680/2839
f 470/2837 297/2836 394/2840
f 394/2840 297/2836 254/2835
f 680/2839 470/2837 681/2841
f 680/2839 681/2841 683/2842
f 470/2837 394/2840 668/2843
f 470/2837 668/2843 681/2841
f 394/2840 254/2835 336/2844
f 394/2840 336/2844 668/2843
f 668/2843 336/2844 676/2845
f 668/2843 676/2845 681/2841
f 683/2842 681/2841 679/2846
f 679/2846 681/2841 676/2845
f 683/2842 679/2846 672/2847
f 676/2845 336/2844 477/2848
f 312/2849 336/2844 254/2835
f 336/2844 312/2849 477/2848
f 676/2845 477/2848 621/2850
f 621/2850 477/2848 312/2849
f 679/2846 676/2845 675/2851
f 675/2851 676/2845 621/2850
f 671/2852 672/2847 679/2846
f 671/2852 679/2846 675/2851
f 672/2847 671/2852 593/2853
f 675/2851 621/2850 577/2854
f 675/2851 577/2854 671/2852
f 577/2854 621/2850 312/2849
f 671/2852 577/2854 593/2853
f 593/2853 577/2854 452/2855
f 593/2853 452/2855 498/2856
f 498/2856 452/2855 542/2778
f 542/2778 452/2855 471/2779
f 452/2855 577/2854 335/2857
f 452/2855 335/2857 471/2779
f 335/2857 577/2854 312/2849
f 471/2779 335/2857 281/2858
f 471/2779 281/2858 340/2780
f 335/2857 312/2849 148/2859
f 335/2857 148/2859 281/2858
f 148/2859 312/2849 254/2835
f 148/2859 254/2835 781/2825
f 148/2859 781/2825 883/2821
f 340/2780 281/2858 94/2860
f 94/2860 281/2858 148/2859
f 148/2859 883/2821 857/2861
f 148/2859 857/2861 94/2860
f 857/2861 883/2821 1393/2818
f 340/2780 94/2860 256/2783
f 94/2860 857/2861 777/2862
f 94/2860 777/2862 745/2863
f 256/2783 94/2860 103/2864
f 103/2864 94/2860 745/2863
f 256/2783 103/2864 709/2797
f 745/2863 777/2862 949/2865
f 745/2863 949/2865 103/2864
f 949/2865 777/2862 857/2861
f 709/2797 103/2864 861/2866
f 861/2866 103/2864 949/2865
f 861/2866 949/2865 857/2861
f 861/2866 857/2861 1393/2818
f 709/2797 861/2866 1114/2806
f 1114/2806 861/2866 1393/2818
f 690/2867 1160/2868 1195/2869
f 1160/2868 690/2867 47/2870
f 690/2867 1195/2869 1237/2871
f 1237/2871 1195/2869 1549/2872
f 47/2870 690/2867 232/2873
f 47/2870 232/2873 244/2874
f 690/2867 1237/2871 110/2875
f 690/2867 110/2875 232/2873
f 1237/2871 1549/2872 1424/2876
f 1424/2876 1549/2872 1655/2877
f 110/2875 1237/2871 1054/2878
f 1054/2878 1237/2871 1424/2876
f 232/2873 110/2875 389/2879
f 110/2875 1054/2878 122/2880
f 110/2875 122/2880 389/2879
f 1054/2878 1424/2876 1313/2881
f 1313/2881 1424/2876 1655/2877
f 122/2880 1054/2878 782/2882
f 782/2882 1054/2878 1313/2881
f 122/2880 782/2882 221/2883
f 122/2880 221/2883 389/2879
f 1313/2881 1655/2877 1379/2884
f 1379/2884 1655/2877 1779/2885
f 1379/2884 1779/2885 1276/2886
f 1313/2881 1379/2884 1000/2887
f 1000/2887 1379/2884 1276/2886
f 1313/2881 1000/2887 782/2882
f 1000/2887 1276/2886 698/2888
f 782/2882 1000/2887 37/2889
f 37/2889 1000/2887 698/2888
f 782/2882 37/2889 221/2883
f 37/2889 698/2888 249/2890
f 37/2889 249/2890 221/2883
f 221/2883 249/2890 363/2891
f 363/2891 249/2890 406/2892
f 363/2891 406/2892 507/2893
f 221/2883 363/2891 391/2894
f 391/2894 363/2891 507/2893
f 221/2883 391/2894 389/2879
f 391/2894 507/2893 441/2895
f 391/2894 441/2895 389/2879
f 441/2895 507/2893 677/2896
f 677/2896 507/2893 680/2897
f 677/2896 680/2897 683/2898
f 441/2895 677/2896 682/2899
f 441/2895 682/2899 389/2879
f 682/2899 677/2896 683/2898
f 389/2879 682/2899 674/2900
f 389/2879 674/2900 232/2873
f 682/2899 683/2898 678/2901
f 678/2901 683/2898 672/2902
f 674/2900 682/2899 673/2903
f 673/2903 682/2899 678/2901
f 232/2873 674/2900 399/2904
f 232/2873 399/2904 244/2874
f 674/2900 673/2903 643/2905
f 674/2900 643/2905 399/2904
f 673/2903 678/2901 652/2906
f 673/2903 652/2906 643/2905
f 244/2874 399/2904 483/2907
f 483/2907 399/2904 643/2905
f 483/2907 643/2905 652/2906
f 244/2874 483/2907 410/2908
f 410/2908 483/2907 652/2906
f 410/2908 652/2906 478/2909
f 658/2910 652/2906 678/2901
f 652/2906 658/2910 478/2909
f 658/2910 678/2901 672/2902
f 478/2909 658/2910 498/2911
f 498/2911 658/2910 672/2902
f 498/2911 672/2902 593/2912
f 2459/2913 2389/2914 2463/2915
f 2459/2913 2463/2915 2433/2916
f 2433/2916 2463/2915 2362/2917
f 2463/2915 2389/2914 2434/2918
f 2362/2917 2463/2915 2437/2919
f 2437/2919 2463/2915 2434/2918
f 2362/2917 2437/2919 2367/2920
f 2362/2917 2367/2920 2356/2921
f 2356/2921 2367/2920 2311/2922
f 2311/2922 2367/2920 2305/2923
f 2367/2920 2437/2919 2426/2924
f 2426/2924 2437/2919 2434/2918
f 2367/2920 2426/2924 2305/2923
f 2342/2925 2434/2918 2389/2914
f 2342/2925 2389/2914 2263/2926
f 2342/2925 2263/2926 2182/2927
f 2305/2923 2426/2924 2377/2928
f 2305/2923 2377/2928 2128/2929
f 2128/2929 2377/2928 2212/2930
f 2422/2931 2426/2924 2434/2918
f 2426/2924 2422/2931 2377/2928
f 2422/2931 2434/2918 2342/2925
f 2212/2930 2377/2928 2366/2932
f 2366/2932 2377/2928 2422/2931
f 2212/2930 2366/2932 2201/2933
f 2212/2930 2201/2933 1832/2934
f 1832/2934 2201/2933 1866/2935
f 1832/2934 1866/2935 1669/2936
f 1669/2936 1866/2935 2064/2937
f 2064/2937 1866/2935 2201/2933
f 1669/2936 2064/2937 1649/2938
f 1649/2938 2064/2937 2242/2939
f 1649/2938 2242/2939 1792/2940
f 2242/2939 2064/2937 2318/2941
f 2064/2937 2201/2933 2276/2942
f 2064/2937 2276/2942 2318/2941
f 2276/2942 2201/2933 2366/2932
f 2316/2943 2366/2932 2422/2931
f 2366/2932 2316/2943 2276/2942
f 2316/2943 2422/2931 2342/2925
f 2318/2941 2276/2942 2335/2944
f 2335/2944 2276/2942 2316/2943
f 2335/2944 2316/2943 2342/2925
f 2318/2941 2335/2944 2329/2945
f 2329/2945 2335/2944 2313/2946
f 2313/2946 2335/2944 2342/2925
f 2313/2946 2342/2925 2264/2947
f 2264/2947 2342/2925 2182/2927
f 2264/2947 2182/2927 2083/2948
f 2264/2947 2083/2948 1960/2949
f 2313/2946 2264/2947 2285/2950
f 2313/2946 2285/2950 2238/2951
f 2285/2950 2264/2947 2122/2952
f 2122/2952 2264/2947 1960/2949
f 2122/2952 1960/2949 1904/2953
f 1904/2953 1960/2949 1658/2954
f 1658/2955 1208/2956 1591/2957
f 1321/2958 1573/2959 1235/2960
f 1321/2958 1235/2960 935/2961
f 1321/2958 935/2961 716/2962
f 716/2962 935/2961 16/2963
f 716/2962 16/2963 134/2964
f 134/2964 16/2963 128/2965
f 134/2964 128/2965 78/2966
f 134/2964 78/2966 716/2962
f 78/2966 128/2965 102/2967
f 78/2966 102/2967 710/2968
f 710/2968 102/2967 70/2969
f 716/2962 78/2966 1157/2970
f 716/2962 1157/2970 1321/2958
f 78/2966 710/2968 7/2971
f 78/2966 7/2971 1157/2970
f 7/2971 710/2968 901/2972
f 7/2971 901/2972 1005/2973
f 7/2971 1005/2973 1157/2970
f 1005/2973 901/2972 1314/2974
f 1005/2973 1314/2974 1633/2975
f 1157/2970 1005/2973 1219/2976
f 1157/2970 1219/2976 1187/2977
f 1187/2977 1219/2976 1281/2978
f 1187/2977 1281/2978 1115/2979
f 1157/2970 1187/2977 1090/2980
f 1157/2970 1090/2980 1125/2981
f 1157/2970 1125/2981 1531/2982
f 1531/2982 1125/2981 1367/2983
f 1531/2982 1367/2983 1517/2984
f 1157/2970 1531/2982 1321/2958
f 1531/2982 1517/2984 1691/2985
f 1531/2982 1691/2985 1321/2958
f 1321/2958 1691/2985 2010/2986
f 1321/2958 2010/2986 1573/2959
f 2010/2986 1691/2985 1913/2987
f 1913/2987 1691/2985 1872/2988
f 2010/2986 1913/2987 2144/2989
f 1573/2959 2010/2986 2020/2990
f 2020/2990 2010/2986 2144/2989
f 1573/2959 2020/2990 2024/2991
f 2020/2990 2144/2989 2176/2992
f 2020/2990 2176/2992 2024/2991
f 36/2993 773/2994 1208/2995
f 1208/2995 773/2994 1272/2996
f 773/2994 36/2993 167/2997
f 167/2997 36/2993 154/2998
f 128/2999 733/3000 773/2994
f 128/2999 773/2994 167/2997
f 128/2999 167/2997 102/3001
f 167/2997 154/2998 276/3002
f 102/3001 167/2997 145/3003
f 102/3001 145/3003 70/3004
f 167/2997 276/3002 347/3005
f 347/3005 276/3002 447/3006
f 447/3006 276/3002 414/3007
f 167/2997 347/3005 304/3008
f 167/2997 304/3008 145/3003
f 447/3006 414/3007 464/3009
f 347/3005 447/3006 381/3010
f 347/3005 381/3010 304/3008
f 381/3010 447/3006 464/3009
f 145/3003 304/3008 301/3011
f 301/3011 304/3008 381/3010
f 301/3011 381/3010 462/3012
f 462/3012 381/3010 464/3009
f 145/3003 301/3011 118/3013
f 301/3011 462/3012 250/3014
f 301/3011 250/3014 118/3013
f 250/3014 462/3012 287/3015
f 118/3013 250/3014 736/3016
f 287/3015 462/3012 512/3017
f 145/3003 118/3013 75/3018
f 145/3003 75/3018 70/3004
f 70/3004 75/3018 858/3019
f 75/3018 118/3013 758/3020
f 758/3020 118/3013 736/3016
f 75/3018 758/3020 858/3019
f 758/3020 736/3016 1098/3021
f 858/3019 758/3020 1231/3022
f 1231/3022 758/3020 1098/3021
f 858/3019 1231/3022 1153/3023
f 1231/3022 1098/3021 1484/3024
f 1231/3022 1484/3024 1669/3025
f 1153/3023 1231/3022 1534/3026
f 1231/3022 1669/3025 1649/3027
f 1231/3022 1649/3027 1534/3026
f 1534/3026 1649/3027 1792/3028
f 541/3029 462/3012 464/3009
f 462/3012 541/3029 512/3017
f 541/3029 464/3009 573/3030
f 573/3030 464/3009 579/3031
f 512/3017 541/3029 584/3032
f 584/3032 541/3029 573/3030
f 584/3032 573/3030 619/3033
f 619/3033 573/3030 625/3034
f 512/3017 584/3032 571/3035
f 571/3035 584/3032 619/3033
f 571/3035 619/3033 618/3036
f 512/3017 571/3035 448/3037
f 448/3037 571/3035 509/3038
f 509/3038 571/3035 526/3039
f 448/3037 509/3038 550/3040
f 550/3040 509/3038 526/3039
f 1963/3041 2146/3042 2144/3043
f 2144/3043 2146/3042 2240/3044
f 2144/3043 2240/3044 2176/3045
f 1963/3041 2144/3043 1913/3046
f 1963/3041 1913/3046 1907/3047
f 2146/3042 1963/3041 1892/3048
f 1892/3048 1963/3041 2005/3049
f 1892/3048 2005/3049 1592/3050
f 1892/3048 1592/3050 1233/3051
f 2146/3042 1892/3048 1633/3052
f 1633/3052 1892/3048 1233/3051
f 2146/3042 1633/3052 2177/3053
f 1633/3052 1233/3051 1005/3054
f 1005/3054 1233/3051 1219/3055
f 2122/3056 1904/3057 2023/3058
f 2122/3056 2023/3058 2138/3059
f 2122/3056 2138/3059 2285/3060
f 2023/3058 1904/3057 1859/3061
f 1859/3061 1904/3057 1591/3062
f 1591/3062 1904/3057 1658/3063
f 1859/3061 1591/3062 1545/3064
f 1913/3065 1872/3066 1907/3067
f 1907/3067 1872/3066 1881/3068
f 1881/3068 1872/3066 1678/3069
f 1678/3069 1872/3066 1691/3070
f 1678/3069 1691/3070 1563/3071
f 1563/3071 1691/3070 1517/3072
f 1678/3069 1563/3071 1689/3073
f 1678/3069 1689/3073 1795/3074
f 1678/3069 1795/3074 1881/3068
f 1881/3068 1795/3074 1915/3075
f 1915/3075 1795/3074 1806/3076
f 1911/3077 1907/3067 1881/3068
f 1911/3077 1881/3068 1915/3075
f 1907/3067 1911/3077 2013/3078
f 2013/3078 1911/3077 1947/3079
f 2013/3078 1947/3079 1907/3067
f 1947/3079 1911/3077 1915/3075
f 1907/3067 1947/3079 1963/3080
f 1963/3080 1947/3079 2005/3081
f 2005/3081 1947/3079 1994/3082
f 1994/3082 1947/3079 1915/3075
f 2005/3081 1994/3082 1763/3083
f 2005/3081 1763/3083 1592/3084
f 1592/3084 1763/3083 1714/3085
f 1714/3085 1763/3083 1994/3082
f 1714/3085 1994/3082 1785/3086
f 1785/3086 1994/3082 1921/3087
f 1921/3087 1994/3082 1915/3075
f 1785/3086 1921/3087 1802/3088
f 1921/3087 1915/3075 1734/3089
f 1921/3087 1734/3089 1767/3090
f 1734/3089 1915/3075 1722/3091
f 1734/3089 1722/3091 1690/3092
f 1722/3091 1915/3075 1806/3076
f 1722/3091 1806/3076 1600/3093
f 1600/3093 1806/3076 1685/3094
f 1722/3091 1600/3093 1605/3095
f 2257/3096 2238/3097 2285/3098
f 2257/3096 2285/3098 2266/3099
f 2266/3099 2285/3098 2138/3100
f 2238/3097 2257/3096 2179/3101
f 2238/3097 2179/3101 2176/3102
f 2176/3102 2179/3101 2143/3103
f 2238/3097 2176/3102 2240/3104
f 2238/3097 2240/3104 2313/3105
f 2313/3105 2240/3104 2329/3106
f 2329/3106 2240/3104 2268/3107
f 2176/3102 2143/3103 2147/3108
f 2147/3108 2143/3103 2167/3109
f 2176/3102 2147/3108 2024/3110
f 2024/3110 2147/3108 1988/3111
f 2268/3112 2240/3113 2146/3114
f 2268/3112 2146/3114 2177/3115
f 2268/3112 2177/3115 2205/3116
f 2268/3112 2205/3116 2204/3117
f 2204/3117 2205/3116 2216/3118
f 2204/3117 2216/3118 2181/3119
f 2216/3118 2205/3116 1964/3120
f 1964/3120 2205/3116 2177/3115
f 2216/3118 1964/3120 1910/3121
f 1910/3121 1964/3120 1619/3122
f 1964/3120 2177/3115 1781/3123
f 1781/3123 2177/3115 1633/3124
f 1619/3122 1964/3120 1607/3125
f 1607/3125 1964/3120 1781/3123
f 1619/3122 1607/3125 1310/3126
f 1781/3123 1633/3124 1314/3127
f 1781/3123 1314/3127 1607/3125
f 1607/3125 1314/3127 1310/3126
f 1310/3126 1314/3127 992/3128
f 992/3128 1314/3127 901/3129
f 1310/3126 992/3128 875/3130
f 992/3128 901/3129 780/3131
f 992/3128 780/3131 875/3130
f 780/3131 901/3129 710/3132
f 875/3130 780/3131 740/3133
f 740/3133 780/3131 710/3132
f 740/3133 710/3132 31/3134
f 31/3134 710/3132 70/3135
f 1090/3136 1367/3137 1125/3138
f 1367/3137 1090/3136 1372/3139
f 1367/3137 1372/3139 1445/3140
f 1367/3137 1445/3140 1517/3141
f 1517/3141 1445/3140 1563/3142
f 1445/3140 1372/3139 1443/3143
f 1445/3140 1443/3143 1490/3144
f 1445/3140 1490/3144 1605/3145
f 1445/3140 1605/3145 1563/3142
f 1563/3142 1605/3145 1600/3146
f 1563/3142 1600/3146 1689/3147
f 1443/3143 1372/3139 1319/3148
f 1319/3148 1372/3139 1101/3149
f 1101/3149 1372/3139 1090/3136
f 1319/3148 1101/3149 1221/3150
f 1221/3150 1101/3149 1113/3151
f 1101/3149 1090/3136 1145/3152
f 1101/3149 1145/3152 1113/3151
f 1145/3152 1090/3136 1187/3153
f 1145/3152 1187/3153 1253/3154
f 1253/3154 1187/3153 1115/3155
f 1145/3152 1253/3154 1266/3156
f 1266/3156 1253/3154 1115/3155
f 1266/3156 1115/3155 1142/3157
f 1142/3157 1115/3155 1281/3158
f 1142/3157 1281/3158 1266/3156
f 1266/3156 1281/3158 1210/3159
f 1266/3156 1210/3159 1145/3152
f 1210/3159 1281/3158 1219/3160
f 1210/3159 1219/3160 1233/3161
f 1145/3152 1210/3159 1191/3162
f 1145/3152 1191/3162 1113/3151
f 1210/3159 1233/3161 1230/3163
f 1210/3159 1230/3163 1191/3162
f 1230/3163 1233/3161 1592/3164
f 1230/3163 1592/3164 1504/3165
f 1230/3163 1504/3165 1191/3162
f 1504/3165 1592/3164 1714/3166
f 1113/3151 1191/3162 1242/3167
f 1113/3151 1242/3167 1255/3168
f 1242/3167 1191/3162 1364/3169
f 1364/3169 1191/3162 1504/3165
f 1242/3167 1364/3169 1386/3170
f 1386/3170 1364/3169 1462/3171
f 1462/3171 1364/3169 1504/3165
f 1462/3171 1504/3165 1528/3172
f 1528/3172 1504/3165 1476/3173
f 1392/3174 1255/3168 1242/3167
f 1255/3168 1392/3174 1376/3175
f 1376/3175 1392/3174 1476/3176
f 1255/3168 1376/3175 1410/3177
f 1255/3168 1410/3177 1353/3178
f 1255/3168 1353/3178 1336/3179
f 1476/3173 1504/3165 1690/3180
f 1476/3173 1690/3180 1376/3181
f 1690/3180 1504/3165 1714/3166
f 1690/3180 1714/3166 1785/3182
f 1690/3180 1785/3182 1734/3183
f 1734/3183 1785/3182 1707/3184
f 773/3185 733/3186 950/3187
f 773/3185 950/3187 1272/3188
f 950/3187 733/3186 972/3189
f 950/3187 972/3189 1342/3190
f 950/3187 1342/3190 1272/3188
f 972/3189 733/3186 749/3191
f 1272/3188 1342/3190 1591/3192
f 1272/3188 1591/3192 1208/3193
f 749/3191 733/3186 128/3194
f 749/3191 128/3194 105/3195
f 749/3191 105/3195 61/3196
f 61/3196 105/3195 51/3197
f 51/3197 105/3195 717/3198
f 105/3195 128/3194 16/3199
f 105/3195 16/3199 717/3198
f 717/3198 16/3199 818/3200
f 818/3200 16/3199 968/3201
f 968/3201 16/3199 935/3202
f 818/3200 968/3201 1232/3203
f 968/3201 935/3202 1235/3204
f 968/3201 1235/3204 1232/3203
f 1232/3203 1235/3204 1523/3205
f 1523/3205 1235/3204 1566/3206
f 1566/3206 1235/3204 1573/3207
f 1523/3205 1566/3206 1760/3208
f 1566/3206 1573/3207 2024/3209
f 1566/3206 2024/3209 1760/3208
f 1760/3208 2024/3209 1988/3210
f 548/3211 550/3212 620/3213
f 550/3212 548/3211 400/3214
f 550/3212 400/3214 448/3215
f 400/3214 548/3211 378/3216
f 378/3216 548/3211 519/3217
f 448/3215 400/3214 356/3218
f 378/3216 519/3217 442/3219
f 448/3215 356/3218 319/3220
f 448/3215 319/3220 512/3221
f 512/3221 319/3220 287/3222
f 287/3222 319/3220 107/3223
f 378/3216 442/3219 333/3224
f 333/3224 442/3219 314/3225
f 333/3224 314/3225 329/3226
f 107/3223 319/3220 60/3227
f 107/3223 60/3227 806/3228
f 165/3229 319/3220 356/3218
f 319/3220 165/3229 60/3227
f 165/3229 356/3218 400/3214
f 333/3224 329/3226 188/3230
f 188/3230 329/3226 371/3231
f 371/3231 329/3226 422/3232
f 188/3230 371/3231 296/3233
f 333/3224 188/3230 263/3234
f 333/3224 263/3234 313/3235
f 313/3235 263/3234 317/3236
f 333/3224 313/3235 378/3216
f 313/3235 317/3236 17/3237
f 378/3216 313/3235 162/3238
f 378/3216 162/3238 400/3214
f 162/3238 313/3235 17/3237
f 400/3214 162/3238 165/3229
f 165/3229 162/3238 764/3239
f 764/3239 162/3238 17/3237
f 165/3229 764/3239 60/3227
f 60/3227 764/3239 806/3228
f 764/3239 17/3237 886/3240
f 764/3239 886/3240 806/3228
f 806/3228 886/3240 17/3237
f 2318/3241 2329/3242 2242/3243
f 2242/3243 2329/3242 2090/3244
f 2242/3243 2090/3244 1792/3245
f 2090/3244 2329/3242 2357/3246
f 2357/3246 2329/3242 2268/3247
f 2357/3246 2268/3247 2204/3248
f 2090/3244 2357/3246 2354/3249
f 2354/3249 2357/3246 2204/3248
f 2354/3249 2204/3248 2181/3250
f 1792/3245 2090/3244 1727/3251
f 1792/3245 1727/3251 1346/3252
f 1792/3245 1346/3252 1534/3253
f 1346/3252 1727/3251 1162/3254
f 1534/3253 1346/3252 1153/3255
f 1346/3252 1162/3254 986/3256
f 1346/3252 986/3256 1153/3255
f 986/3256 1162/3254 747/3257
f 1153/3255 986/3256 858/3258
f 858/3258 986/3256 721/3259
f 721/3259 986/3256 747/3257
f 858/3258 721/3259 70/3260
f 70/3260 721/3259 31/3261
f 31/3261 721/3259 747/3257
f 31/3261 747/3257 692/3262
f 31/3261 692/3262 740/3263
f 1859/3264 1545/3265 1774/3266
f 1859/3264 1774/3266 2023/3267
f 1774/3266 1545/3265 1564/3268
f 1564/3268 1545/3265 1349/3269
f 2023/3267 1774/3266 1952/3270
f 2023/3267 1952/3270 2138/3271
f 1774/3266 1564/3268 2029/3272
f 1774/3266 2029/3272 1952/3270
f 2029/3272 1564/3268 1879/3273
f 2029/3272 1879/3273 2243/3274
f 2029/3272 2243/3274 2246/3275
f 2029/3272 2246/3275 1952/3270
f 1952/3270 2246/3275 2138/3271
f 2138/3271 2246/3275 2266/3276
f 1342/3277 1545/3278 1591/3279
f 1545/3278 1342/3277 1349/3280
f 1349/3280 1342/3277 972/3281
f 1349/3280 972/3281 980/3282
f 980/3282 972/3281 749/3283
f 980/3282 749/3283 757/3284
f 1349/3280 980/3282 1564/3285
f 980/3282 757/3284 803/3286
f 980/3282 803/3286 1091/3287
f 980/3282 1091/3287 1564/3285
f 1091/3287 803/3286 1027/3288
f 1091/3287 1027/3288 1458/3289
f 1091/3287 1458/3289 1564/3285
f 1564/3285 1458/3289 1879/3290
f 2256/3291 2257/3292 2266/3293
f 2256/3291 2266/3293 2246/3294
f 2257/3292 2256/3291 2179/3295
f 2256/3291 2246/3294 2208/3296
f 2256/3291 2208/3296 2179/3295
f 2179/3295 2208/3296 2166/3297
f 2179/3295 2166/3297 2143/3298
f 2143/3298 2166/3297 2167/3299
f 2166/3297 2208/3296 2136/3300
f 2166/3297 2136/3300 2167/3299
f 2167/3299 2136/3300 1988/3301
f 2167/3299 1988/3301 2147/3302
f 1988/3301 2136/3300 1883/3303
f 1883/3303 2136/3300 1740/3304
f 1988/3301 1883/3303 1760/3305
f 1760/3305 1883/3303 1740/3304
f 1600/3306 1685/3307 1642/3308
f 1642/3308 1685/3307 1692/3309
f 1642/3308 1692/3309 1659/3310
f 1600/3306 1642/3308 1671/3311
f 1671/3311 1642/3308 1659/3310
f 1600/3306 1671/3311 1689/3312
f 1671/3311 1659/3310 1724/3313
f 1671/3311 1724/3313 1689/3312
f 1689/3312 1724/3313 1795/3314
f 1795/3314 1724/3313 1806/3315
f 1806/3315 1724/3313 1772/3316
f 1772/3316 1724/3313 1835/3317
f 1806/3315 1772/3316 1685/3318
f 1772/3316 1835/3317 1692/3319
f 1772/3316 1692/3319 1685/3318
f 1490/3320 1443/3321 1425/3322
f 1425/3322 1443/3321 1319/3323
f 1490/3320 1425/3322 1479/3324
f 1425/3322 1319/3323 1333/3325
f 1490/3320 1479/3324 1605/3326
f 1605/3326 1479/3324 1706/3327
f 1605/3326 1706/3327 1722/3328
f 1722/3328 1706/3327 1690/3329
f 1690/3329 1706/3327 1687/3330
f 1690/3329 1687/3330 1507/3331
f 1507/3331 1687/3330 1527/3332
f 1221/3333 1333/3325 1319/3323
f 1333/3325 1221/3333 1170/3334
f 1170/3334 1221/3333 1113/3335
f 1333/3325 1170/3334 1074/3336
f 1170/3334 1113/3335 1255/3337
f 1074/3336 1170/3334 1078/3338
f 1074/3336 1078/3338 891/3339
f 1078/3338 1170/3334 1201/3340
f 1201/3340 1170/3334 1255/3337
f 1201/3340 1255/3337 1336/3341
f 1201/3340 1336/3341 1390/3342
f 1390/3342 1336/3341 1353/3343
f 1390/3342 1353/3343 1410/3344
f 1390/3342 1410/3344 1359/3345
f 1359/3345 1410/3344 1376/3346
f 1556/3347 1232/3348 1523/3349
f 1556/3347 1523/3349 1760/3350
f 1556/3347 1760/3350 1740/3351
f 1556/3347 1740/3351 1179/3352
f 1232/3348 1556/3347 1211/3353
f 1211/3353 1556/3347 1179/3352
f 1232/3348 1211/3353 818/3354
f 1211/3353 1179/3352 870/3355
f 1211/3353 870/3355 818/3354
f 870/3355 1179/3352 804/3356
f 818/3354 870/3355 743/3357
f 743/3357 870/3355 804/3356
f 818/3354 743/3357 717/3358
f 717/3358 743/3357 63/3359
f 717/3358 63/3359 51/3360
f 51/3360 63/3359 61/3361
f 61/3361 63/3359 749/3362
f 749/3362 63/3359 757/3363
f 743/3357 804/3356 729/3364
f 743/3357 729/3364 63/3359
f 63/3359 729/3364 757/3363
f 729/3364 804/3356 1/3365
f 757/3363 729/3364 803/3366
f 803/3366 729/3364 1/3365
f 803/3366 1/3365 798/3367
f 1821/3368 2136/3369 1879/3370
f 1879/3370 2136/3369 2200/3371
f 2200/3371 2136/3369 2208/3372
f 1821/3368 1879/3370 1793/3373
f 2136/3369 1821/3368 1740/3374
f 1821/3368 1793/3373 1330/3375
f 1821/3368 1330/3375 1740/3374
f 1330/3375 1793/3373 1240/3376
f 1740/3374 1330/3375 1179/3377
f 1330/3375 1240/3376 925/3378
f 1330/3375 925/3378 1179/3377
f 1179/3377 925/3378 804/3379
f 1905/3380 1990/3381 2100/3382
f 2100/3382 1990/3381 2106/3383
f 1990/3381 1905/3380 1835/3384
f 1905/3380 2100/3382 2072/3385
f 2297/3386 2208/3387 2246/3388
f 2297/3386 2246/3388 2304/3389
f 2183/3390 2215/3391 2208/3387
f 2183/3390 2208/3387 2297/3386
f 2297/3386 2304/3389 2195/3392
f 2183/3390 2297/3386 2216/3393
f 2183/3390 2216/3393 1969/3394
f 1969/3394 2216/3393 1910/3395
f 2216/3393 2297/3386 2181/3396
f 2181/3396 2297/3386 2396/3397
f 2396/3397 2297/3386 2195/3392
f 2181/3396 2396/3397 2354/3398
f 2396/3397 2195/3392 2021/3399
f 2396/3397 2021/3399 2354/3398
f 2021/3399 2195/3392 1920/3400
f 2354/3398 2021/3399 2090/3401
f 2021/3399 1920/3400 1560/3402
f 2090/3401 2021/3399 1727/3403
f 2021/3399 1560/3402 1344/3404
f 2021/3399 1344/3404 1727/3403
f 1344/3404 1560/3402 1152/3405
f 1727/3403 1344/3404 1162/3406
f 1344/3404 1152/3405 900/3407
f 1344/3404 900/3407 1162/3406
f 900/3407 1152/3405 791/3408
f 1162/3406 900/3407 747/3409
f 900/3407 791/3408 695/3410
f 900/3407 695/3410 747/3409
f 747/3409 695/3410 692/3411
f 1078/3412 1201/3413 1338/3414
f 1078/3412 1338/3414 1205/3415
f 1338/3414 1201/3413 1308/3416
f 1308/3416 1201/3413 1390/3417
f 804/3418 925/3419 846/3420
f 846/3420 925/3419 882/3421
f 804/3418 846/3420 888/3422
f 804/3418 888/3422 787/3423
f 804/3418 787/3423 1/3424
f 1/3424 787/3423 791/3425
f 791/3425 787/3423 695/3426
f 692/3427 695/3426 740/3428
f 740/3428 695/3426 787/3423
f 740/3428 787/3423 875/3429
f 787/3423 888/3422 1079/3430
f 875/3429 787/3423 820/3431
f 820/3431 787/3423 1079/3430
f 875/3429 820/3431 1322/3432
f 1322/3432 820/3431 1079/3430
f 875/3429 1322/3432 1310/3433
f 1310/3433 1322/3432 1619/3434
f 1322/3432 1079/3430 1399/3435
f 1322/3432 1399/3435 1619/3434
f 1399/3435 1079/3430 1608/3436
f 1399/3435 1608/3436 1619/3434
f 1619/3434 1608/3436 1910/3437
f 1910/3437 1608/3436 1969/3438
f 1376/3439 1690/3440 1507/3441
f 1376/3439 1507/3441 1359/3442
f 1359/3442 1507/3441 1455/3443
f 1455/3443 1507/3441 1527/3444
f 1767/3445 1862/3446 1921/3447
f 1921/3447 1862/3446 1802/3448
f 1862/3446 1767/3445 1687/3449
f 1734/3450 1707/3451 1767/3452
f 1767/3452 1707/3451 1687/3453
f 1687/3453 1707/3451 1664/3454
f 1664/3454 1707/3451 1802/3455
f 1802/3455 1707/3451 1785/3456
f 1664/3454 1802/3455 1890/3457
f 1890/3457 1802/3455 1862/3458
f 2072/3459 1890/3460 1905/3461
f 1905/3461 1890/3460 1835/3462
f 2100/3463 2106/3464 2072/3459
f 2072/3459 2106/3464 2215/3465
f 1890/3460 2072/3459 1998/3466
f 1998/3466 2072/3459 2215/3465
f 2304/3467 2218/3468 2215/3465
f 2215/3465 2218/3468 1998/3466
f 1998/3466 2218/3468 1953/3469
f 1998/3466 1953/3469 1668/3470
f 1890/3460 1998/3466 1697/3471
f 1697/3471 1998/3466 1668/3470
f 1697/3471 1668/3470 1615/3472
f 1697/3471 1615/3472 1557/3473
f 1890/3460 1697/3471 1664/3474
f 1664/3474 1697/3471 1557/3473
f 1664/3474 1557/3473 1518/3475
f 1664/3474 1518/3475 1527/3476
f 1664/3474 1527/3476 1687/3477
f 1894/3478 1969/3479 1869/3480
f 1969/3479 1894/3478 2183/3481
f 2183/3481 1894/3478 1869/3480
f 1869/3480 1969/3479 1608/3482
f 2183/3481 1869/3480 1972/3483
f 2183/3481 1972/3483 2215/3484
f 1869/3480 1608/3482 1574/3485
f 1869/3480 1574/3485 1972/3483
f 1574/3485 1608/3482 1297/3486
f 1297/3486 1608/3482 1079/3487
f 1297/3486 1079/3487 894/3488
f 894/3488 1079/3487 888/3489
f 2215/3484 1972/3483 2231/3490
f 2215/3484 2231/3490 2304/3491
f 2304/3491 2231/3490 2195/3492
f 2231/3490 1972/3483 1816/3493
f 2231/3490 1816/3493 2195/3492
f 1816/3493 1972/3483 1574/3485
f 2195/3492 1816/3493 1920/3494
f 1920/3494 1816/3493 1560/3495
f 1816/3493 1574/3485 1371/3496
f 1816/3493 1371/3496 1560/3495
f 1371/3496 1574/3485 1297/3486
f 1560/3495 1371/3496 1152/3497
f 1371/3496 1297/3486 1023/3498
f 1371/3496 1023/3498 1152/3497
f 1023/3498 1297/3486 894/3488
f 1152/3497 1023/3498 791/3499
f 1023/3498 894/3488 813/3500
f 1023/3498 813/3500 791/3499
f 1528/3501 1476/3502 1527/3503
f 1528/3501 1527/3503 1518/3504
f 1528/3501 1518/3504 1462/3505
f 1462/3505 1518/3504 1386/3506
f 1242/3507 1317/3508 1392/3509
f 1317/3510 1386/3511 1392/3512
f 1386/3511 1317/3510 1214/3513
f 1214/3513 1317/3510 1242/3514
f 1214/3513 1242/3514 1386/3511
f 1392/3512 1386/3511 1455/3515
f 1455/3515 1386/3511 1338/3516
f 1392/3512 1455/3515 1476/3517
f 1476/3517 1455/3515 1527/3518
f 1386/3519 1518/3520 1338/3521
f 1338/3521 1518/3520 1156/3522
f 1338/3521 1156/3522 1205/3523
f 1156/3522 1518/3520 1557/3524
f 1389/3525 1557/3524 1668/3526
f 1557/3524 1389/3525 1229/3527
f 1557/3524 1229/3527 1156/3522
f 1205/3523 1156/3522 1056/3528
f 1205/3523 1056/3528 1078/3529
f 1078/3529 1056/3528 891/3530
f 1056/3528 1156/3522 953/3531
f 953/3531 1156/3522 1229/3527
f 1056/3528 953/3531 891/3530
f 953/3531 1229/3527 1121/3532
f 1121/3532 1229/3527 1374/3533
f 1121/3532 1374/3533 1503/3534
f 1121/3532 1503/3534 1373/3535
f 953/3531 1121/3532 979/3536
f 953/3531 979/3536 891/3530
f 979/3536 1121/3532 1373/3535
f 891/3530 979/3536 1074/3537
f 979/3536 1373/3535 1265/3538
f 979/3536 1265/3538 1074/3537
f 1074/3537 1265/3538 1333/3539
f 1879/3540 2200/3541 2243/3542
f 2243/3542 2200/3541 2304/3543
f 2243/3542 2304/3543 2246/3544
f 2304/3543 2200/3541 2218/3545
f 2218/3545 2200/3541 2106/3546
f 2218/3545 2106/3546 1928/3547
f 1928/3547 2106/3546 1989/3548
f 2218/3545 1928/3547 1813/3549
f 1813/3549 1928/3547 1602/3550
f 2218/3545 1813/3549 1953/3551
f 1813/3549 1602/3550 1757/3552
f 1813/3549 1757/3552 1953/3551
f 1953/3551 1757/3552 1668/3553
f 1990/3554 1989/3555 2106/3556
f 1989/3555 1990/3554 1846/3557
f 1846/3557 1990/3554 1835/3558
f 1989/3555 1846/3557 1808/3559
f 1846/3557 1835/3558 1724/3560
f 1808/3559 1846/3557 1928/3561
f 1846/3557 1724/3560 1659/3562
f 1846/3557 1659/3562 1928/3561
f 1928/3561 1659/3562 1602/3563
f 1373/3564 1503/3565 1602/3563
f 1373/3564 1602/3563 1488/3566
f 1373/3564 1488/3566 1578/3567
f 1488/3566 1602/3563 1659/3562
f 1488/3566 1659/3562 1323/3568
f 1323/3568 1659/3562 1425/3569
f 1425/3569 1659/3562 1479/3570
f 1479/3570 1659/3562 1692/3571
f 1479/3570 1692/3571 1706/3572
f 1323/3568 1425/3569 1265/3573
f 1265/3573 1425/3569 1333/3574
f 1323/3568 1265/3573 1373/3575
f 1458/3576 1793/3577 1879/3578
f 1793/3577 1458/3576 1240/3579
f 1240/3579 1458/3576 1027/3580
f 1240/3579 1027/3580 882/3581
f 1240/3579 882/3581 925/3582
f 882/3581 1027/3580 798/3583
f 798/3583 1027/3580 803/3584
f 882/3581 798/3583 894/3585
f 882/3581 894/3585 846/3586
f 846/3586 894/3585 888/3587
f 894/3585 798/3583 813/3588
f 813/3588 798/3583 1/3589
f 813/3588 1/3589 791/3590
f 2200/3591 2208/3592 2215/3593
f 2200/3591 2215/3593 2106/3594
f 1835/3595 1706/3596 1680/3597
f 1835/3595 1680/3597 1692/3598
f 1692/3598 1680/3597 1706/3596
f 1706/3596 1835/3595 1890/3599
f 1706/3596 1890/3599 1687/3600
f 1687/3600 1890/3599 1862/3601
f 1359/3602 1308/3603 1390/3604
f 1308/3603 1359/3602 1455/3605
f 1308/3603 1455/3605 1338/3606
f 1808/3607 1926/3608 1989/3609
f 1757/3610 1808/3607 2000/3611
f 1926/3608 1808/3607 1488/3612
f 1488/3612 1808/3607 1757/3610
f 1488/3612 1757/3610 1578/3613
f 1578/3613 1757/3610 1602/3614
f 1926/3608 1488/3612 1277/3615
f 1277/3615 1488/3612 1323/3616
f 1926/3608 1277/3615 1739/3617
f 1277/3615 1323/3616 1316/3618
f 1277/3615 1316/3618 1739/3617
f 1926/3619 1946/3620 1989/3621
f 1989/3621 1946/3620 2000/3622
f 1989/3621 2000/3622 1928/3623
f 1928/3623 2000/3622 1808/3624
f 1946/3620 1926/3619 2043/3625
f 1946/3620 2043/3625 2000/3622
f 2043/3625 1926/3619 1739/3626
f 1324/3627 1653/3628 1739/3626
f 1739/3626 1653/3628 2043/3625
f 2043/3625 1653/3628 1839/3629
f 2043/3625 1839/3629 2046/3630
f 2046/3630 1839/3629 1598/3631
f 2046/3630 1598/3631 1968/3632
f 2043/3625 2046/3630 2105/3633
f 2105/3633 2046/3630 1968/3632
f 2043/3625 2105/3633 2000/3622
f 2105/3633 1968/3632 1982/3634
f 1982/3634 1968/3632 1580/3635
f 2000/3622 2105/3633 1954/3636
f 1954/3636 2105/3633 1982/3634
f 2000/3622 1954/3636 1743/3637
f 1743/3637 1954/3636 1891/3638
f 1891/3638 1954/3636 2019/3639
f 2019/3639 1954/3636 1982/3634
f 1982/3634 1580/3635 1596/3640
f 2019/3639 1982/3634 2004/3641
f 2019/3639 2004/3641 1615/3642
f 1982/3634 1596/3640 1975/3643
f 1982/3634 1975/3643 2004/3641
f 1975/3643 1596/3640 1329/3644
f 1329/3644 1596/3640 1246/3645
f 1329/3644 1246/3645 1229/3646
f 1975/3643 1329/3644 1361/3647
f 1975/3643 1361/3647 2004/3641
f 1361/3647 1329/3644 1229/3646
f 2004/3641 1361/3647 1615/3642
f 1361/3647 1229/3646 1389/3648
f 1361/3647 1389/3648 1615/3642
f 2000/3649 1743/3650 1757/3651
f 1757/3651 1743/3650 1891/3652
f 1389/3653 1668/3654 1757/3651
f 1389/3653 1757/3651 1631/3655
f 1631/3655 1757/3651 1891/3652
f 1631/3655 1891/3652 1961/3656
f 1961/3656 1891/3652 2019/3657
f 1961/3656 2019/3657 1631/3655
f 1631/3655 2019/3657 1615/3655
f 1602/3658 1503/3659 1578/3660
f 1578/3660 1503/3659 1347/3661
f 1347/3661 1503/3659 1374/3662
f 1347/3661 1374/3662 1229/3663
f 1347/3661 1229/3663 1246/3664
f 1347/3661 1246/3664 1133/3665
f 1347/3661 1133/3665 1324/3666
f 1578/3660 1347/3661 1494/3667
f 1494/3667 1347/3661 1324/3666
f 1578/3660 1494/3667 1373/3668
f 1373/3668 1494/3667 1323/3669
f 1323/3669 1494/3667 1324/3666
f 1323/3669 1324/3666 1316/3670
f 1316/3670 1324/3666 1739/3671
f 1096/3672 1324/3673 1133/3674
f 1096/3672 1133/3674 1246/3675
f 1096/3672 1246/3675 1300/3676
f 1096/3672 1300/3676 1363/3677
f 1363/3677 1300/3676 1099/3678
f 1363/3677 1099/3678 1119/3679
f 1363/3677 1119/3679 1096/3672
f 1119/3679 1099/3678 910/3680
f 1267/3681 1324/3673 1096/3672
f 1267/3681 1096/3672 1119/3679
f 1324/3673 1267/3681 1653/3682
f 1771/3683 1839/3684 1653/3682
f 1771/3683 1653/3682 1267/3681
f 1771/3683 1267/3681 1581/3685
f 1581/3685 1267/3681 1282/3686
f 1267/3681 1119/3679 1026/3687
f 1267/3681 1026/3687 1282/3686
f 1026/3687 1119/3679 910/3680
f 1581/3685 1282/3686 1315/3688
f 1315/3688 1282/3686 1026/3687
f 1026/3687 910/3680 955/3689
f 1026/3687 955/3689 1315/3688
f 955/3689 910/3680 799/3690
f 955/3689 799/3690 1030/3691
f 955/3689 1030/3691 1315/3688
f 1315/3688 1030/3691 1286/3692
f 1286/3692 1030/3691 1008/3693
f 1581/3694 1586/3695 1771/3696
f 1586/3695 1581/3694 1315/3697
f 1586/3695 1315/3697 1286/3698
f 1771/3696 1586/3695 1745/3699
f 1771/3696 1745/3699 1839/3700
f 1839/3700 1745/3699 1483/3701
f 1745/3699 1586/3695 1513/3702
f 1513/3702 1586/3695 1286/3698
f 1745/3699 1513/3702 1483/3701
f 1513/3702 1286/3698 1252/3703
f 1513/3702 1252/3703 1483/3701
f 1598/3704 1839/3705 1638/3706
f 1598/3704 1638/3706 1968/3707
f 1638/3706 1839/3705 1511/3708
f 1511/3708 1839/3705 1483/3709
f 1511/3708 1483/3709 1199/3710
f 1511/3708 1199/3710 1522/3711
f 1638/3706 1511/3708 1828/3712
f 1828/3712 1511/3708 1522/3711
f 1968/3707 1638/3706 1901/3713
f 1901/3713 1638/3706 1828/3712
f 1968/3707 1901/3713 1580/3714
f 1580/3714 1901/3713 1596/3715
f 1596/3715 1901/3713 1515/3716
f 1515/3716 1901/3713 1601/3717
f 1828/3712 1522/3711 1794/3718
f 1828/3712 1794/3718 1901/3713
f 1901/3713 1794/3718 1601/3717
f 1794/3718 1522/3711 1222/3719
f 1601/3717 1794/3718 1301/3720
f 1301/3720 1794/3718 1222/3719
f 1557/3721 1630/3722 1668/3723
f 1630/3722 1557/3721 1615/3722
f 1099/3724 1300/3725 1020/3726
f 800/3727 910/3728 1099/3724
f 800/3727 1099/3724 1020/3726
f 800/3727 1020/3726 952/3729
f 1020/3726 1300/3725 1348/3730
f 1348/3730 1300/3725 1246/3731
f 1348/3730 1246/3731 1596/3732
f 1348/3730 1596/3732 1515/3733
f 1020/3726 1348/3730 1213/3734
f 1020/3726 1213/3734 952/3729
f 1213/3734 1348/3730 1515/3733
f 952/3729 1213/3734 1301/3735
f 1213/3734 1515/3733 1601/3736
f 1213/3734 1601/3736 1301/3735
f 1051/3737 952/3738 1301/3739
f 1051/3737 1301/3739 1222/3740
f 952/3738 1051/3737 726/3741
f 1522/3742 1199/3743 1222/3740
f 1222/3740 1199/3743 1105/3744
f 1222/3740 1105/3744 1051/3737
f 1051/3737 1105/3744 868/3745
f 1051/3737 868/3745 726/3741
f 868/3745 1105/3744 1050/3746
f 952/3738 726/3741 800/3747
f 799/3748 910/3749 800/3747
f 799/3748 800/3747 699/3750
f 699/3750 800/3747 726/3741
f 699/3750 726/3741 66/3751
f 66/3751 726/3741 15/3752
f 15/3752 726/3741 868/3745
f 66/3751 15/3752 231/3753
f 66/3751 231/3753 359/3754
f 359/3754 231/3753 306/3755
f 306/3755 231/3753 270/3756
f 231/3753 15/3752 240/3757
f 240/3757 15/3752 868/3745
f 270/3756 231/3753 321/3758
f 321/3758 231/3753 240/3757
f 270/3756 321/3758 325/3759
f 240/3757 868/3745 52/3760
f 321/3758 240/3757 285/3761
f 325/3759 321/3758 408/3762
f 408/3762 321/3758 285/3761
f 325/3759 408/3762 343/3763
f 325/3759 343/3763 238/3764
f 238/3764 343/3763 299/3765
f 299/3765 343/3763 408/3762
f 285/3761 240/3757 205/3766
f 205/3766 240/3757 52/3760
f 408/3762 285/3761 280/3767
f 280/3767 285/3761 205/3766
f 408/3762 280/3767 299/3765
f 280/3767 205/3766 139/3768
f 139/3768 205/3766 52/3760
f 299/3765 280/3767 307/3769
f 307/3769 280/3767 139/3768
f 299/3765 307/3769 225/3770
f 225/3770 307/3769 211/3771
f 211/3771 307/3769 139/3768
f 225/3770 211/3771 177/3772
f 177/3772 211/3771 115/3773
f 115/3773 211/3771 139/3768
f 115/3773 139/3768 45/3774
f 45/3774 139/3768 52/3760
f 115/3773 45/3774 744/3775
f 744/3775 45/3774 844/3776
f 844/3776 45/3774 52/3760
f 744/3775 844/3776 840/3777
f 840/3777 844/3776 1010/3778
f 1010/3778 844/3776 1095/3779
f 844/3776 52/3760 851/3780
f 844/3776 851/3780 1095/3779
f 851/3780 52/3760 868/3745
f 1095/3779 851/3780 1050/3746
f 1050/3746 851/3780 868/3745
f 1286/3781 1008/3782 1252/3783
f 1199/3784 1483/3785 1252/3783
f 1199/3784 1252/3783 1008/3782
f 1199/3784 1008/3782 1033/3786
f 1199/3784 1033/3786 1105/3787
f 1105/3787 1033/3786 1050/3788
f 799/3789 1008/3782 1030/3790
f 1008/3782 799/3789 768/3791
f 1008/3782 768/3791 1033/3786
f 768/3791 799/3789 699/3792
f 768/3791 699/3792 66/3793
f 768/3791 66/3793 310/3794
f 310/3794 66/3793 359/3795
f 1033/3786 768/3791 941/3796
f 1033/3786 941/3796 1050/3788
f 768/3791 310/3794 206/3797
f 768/3791 206/3797 941/3796
f 206/3797 310/3794 349/3798
f 206/3797 349/3798 234/3799
f 234/3799 349/3798 352/3800
f 234/3799 352/3800 306/3801
f 234/3799 306/3801 270/3802
f 206/3797 234/3799 809/3803
f 206/3797 809/3803 941/3796
f 234/3799 270/3802 237/3804
f 234/3799 237/3804 809/3803
f 237/3804 270/3802 325/3805
f 237/3804 325/3805 238/3806
f 237/3804 238/3806 194/3807
f 237/3804 194/3807 771/3808
f 237/3804 771/3808 809/3803
f 809/3803 771/3808 934/3809
f 1035/3810 941/3796 809/3803
f 1035/3810 809/3803 934/3809
f 941/3796 1035/3810 1050/3788
f 1035/3810 934/3809 1061/3811
f 1050/3788 1035/3810 1095/3812
f 1095/3812 1035/3810 1061/3811
f 1095/3812 1061/3811 1010/3813
f 310/3814 359/3815 439/3816
f 310/3814 439/3816 349/3817
f 349/3817 439/3816 352/3818
f 439/3816 359/3815 432/3819
f 439/3816 432/3819 352/3818
f 432/3819 359/3815 306/3820
f 432/3819 306/3820 352/3818
f 934/3821 909/3822 1061/3823
f 1061/3823 909/3822 897/3824
f 1061/3823 897/3824 1010/3825
f 1010/3825 897/3824 840/3826
f 840/3826 897/3824 785/3827
f 785/3827 897/3824 909/3822
f 840/3826 785/3827 744/3828
f 909/3822 934/3821 834/3829
f 909/3822 834/3829 785/3827
f 834/3829 934/3821 771/3830
f 834/3829 771/3830 738/3831
f 834/3829 738/3831 785/3827
f 738/3831 771/3830 72/3832
f 744/3828 785/3827 38/3833
f 38/3833 785/3827 700/3834
f 744/3828 38/3833 115/3835
f 38/3833 700/3834 155/3836
f 38/3833 155/3836 115/3835
f 155/3836 700/3834 113/3837
f 155/3836 113/3837 115/3835
f 113/3838 738/3839 72/3840
f 738/3839 113/3838 700/3841
f 738/3839 700/3841 785/3842
f 113/3838 72/3840 115/3843
f 115/3843 72/3840 177/3844
f 177/3844 72/3840 180/3845
f 177/3844 180/3845 225/3846
f 225/3846 180/3845 299/3847
f 299/3847 180/3845 238/3848
f 238/3848 180/3845 194/3849
f 194/3849 180/3845 72/3840
f 194/3849 72/3840 771/3850
f 1358/3851 1546/3852 1703/3853
f 1358/3851 1703/3853 1636/3854
